Event ID,TItle,Event description,Tips,Cost,Venue,Room,Address,City,Event Date ,Time Normalized,Start DateTime,End DateTime,Age Tags Clean,Age Simple,Category Clean,Category Tags,Cost,Image URL,Event URL,Source,Imported at,Approved,Is Past,Is Live,Verified by Puddles,Last Checked Date,	Checked By,Check Method,Verification Status,	Internal Notes,,,,,,,,,,,,,,,,,Date Match,🔐 Softr Record ID
,Bilingual Family Storytime,"Join Señorita Juliana for Bilingual Family Storytime at the College Terrace Library! Enjoy stories, songs, rhymes, and movement activities in Spanish and English. Thursdays from 10:30-11 AM.
Storytime may be held indoors or outdoors depending on the weather.
Follow us on YouTube for more stories, songs, and rhymes, including a playlist of our favorites!

¡Participa con la Señorita Juliana en la Hora Cuentos Bilingüe en la Biblioteca College Terrace! Disfruta de cuentos, canciones, rimas y actividades con movimiento en Español e Inglés. Jueves de 10:30-11 AM.
La Hora de Cuentos se realizará adentro o al aire libre, dependiendo del clima.
¡Síguenos en YouTube para ver más cuentos, canciones y rimas, incluyendo una lista de reproducción con nuestros favoritos!",#REF!,#REF!,College Terrace Library,,"2300 Wellesley St, Palo Alto, CA 94306",Palo Alto,7/9/2026,10:30am to 11:00am,#REF!,#REF!,"0-2, 2-5",0–5,"Stories, Outdoor","Stories, Outdoor",Free,https://paloalto.bibliocommons.com/events/uploads/images/full/aebfcbc231dbf9255ec654153e21424f/banner.png,https://paloalto.bibliocommons.com/events/69276b597eb3e430002638a7,,,#REF!,#REF!,#REF!,,6/30/26,,,Not published,,,,,,,,,,,,,,,,,,,
,Family Storytime,"Join Librarian Heidi on Friday mornings at 10:30AM for Family Storytime at Downtown Library.  Come sing, rhyme, and read stories with us! While this storytime will be geared towards those older than 2 years, all ages are welcome!",,,Downtown Library,,"270 Forest Ave, Palo Alto, CA 94301",Palo Alto,7/10/2026,10:30am to 11:00am,,,2-5,2-5,Stories,Stories,Free,https://paloalto.bibliocommons.com/events/uploads/images/full/6651c0e2572ecc9e52cf43d7ad6507b4/MicrosoftTeams-image.png,https://paloalto.bibliocommons.com/events/6931edd1b5ff4730005608f3,,,,FALSE,FALSE,,6/30/26,,,Not published,,,,,,,,,,,,,,,,,,,YCfKz23AvRWUFAFctttgku
,LEGO Fridays!,"We have the LEGOs! Bring your imagination and build something fun! LEGOs will stay at the library, so be sure to snap a pic of your creation! 

In addition to being a great way to introduce the engineering and art concepts of STEAM, playing with LEGO’s supports early childhood development because children engage in problem solving, teamwork, self-confidence, and creativity!",,,College Terrace Library,,"2300 Wellesley St, Palo Alto, CA 94306",Palo Alto,7/10/2026,4:00pm to 5:00pm,,,"0-2, 2-5",0–5,Build & Explore,Build & Explore,Free,https://paloalto.bibliocommons.com/events/uploads/images/full/fe6ca78286cf56c8ccfd4045df9f1a33/lego-blocks-2458575_1280.jpg,https://paloalto.bibliocommons.com/events/6a25aace2ea730c17ab50481,,,,FALSE,FALSE,,6/30/26,,,Not published,,,,,,,,,,,,,,,,,,,
,Family Storytime,"Join Librarian Juliana on Saturdays from 10:30-11 AM at Mitchell Park Library for Family Storytime! Come sing, rhyme, and read stories with us!",,,Mitchell Park Library,,"3700 Middlefield Rd, Palo Alto, CA 94303",Palo Alto,7/11/2026,10:30am to 11:00am,,,"0-2, 2-5",0–5,Stories,Stories,Free,https://paloalto.bibliocommons.com/events/uploads/images/full/6651c0e2572ecc9e52cf43d7ad6507b4/MicrosoftTeams-image.png,https://paloalto.bibliocommons.com/events/698e125a2a787a47a5e73bd8,,,,FALSE,FALSE,,6/30/26,,,Not published,,,,,,,,,,,,,,,,,,,
,"Astro Everywhere Presents ""What's Up in Astronomy?""","Join us at Rinconada Library in the Embarcadero Room for a portable planetarium show by Astro Everywhere.

This program offers something for everyone! We begin by exploring the night sky and what's visible in the coming hours, days, and weeks. Then, we venture beyond Earth to understand our three-dimensional place in space. We also discuss a breaking astronomy headline and conclude with a group Q&A and discussion tailored to the audience's interests.",,,Rinconada Library,,"1213 Newell Rd, Palo Alto, CA 94303",Palo Alto,7/11/2026,3:00pm to 4:00pm,,,,,Build & Explore,Build & Explore,Free,https://paloalto.bibliocommons.com/events/uploads/images/full/b21f248f234c52ff53cfa3e470efd129/srp2026_beanstack_1572x583.png,https://paloalto.bibliocommons.com/events/69fccf22177319280018194f,,,,FALSE,FALSE,,6/30/26,,,Not published,,,,,,,,,,,,,,,,,,,
,Family Storytime,"Join Librarian Rebecca on Sunday mornings at 11:00AM for Family Storytime at Rinconada Library. Come sing, rhyme, and read stories with us! While this storytime will be geared towards those older than 2 years, all ages are welcome!",,,Rinconada Library,,"1213 Newell Rd, Palo Alto, CA 94303",Palo Alto,7/12/2026,11:00am to 11:30am,,,2-5,2-5,Stories,Stories,Free,https://paloalto.bibliocommons.com/events/uploads/images/full/6651c0e2572ecc9e52cf43d7ad6507b4/MicrosoftTeams-image.png,https://paloalto.bibliocommons.com/events/6a0fb6a3e13d3b4603b50f76,,,,FALSE,FALSE,,6/30/26,,,Not published,,,,,,,,,,,,,,,,,,,
,Family Storytime,"Join Librarian Jennifer (and Rocky Raccoon) on Tuesdays at 10:30 AM for Family Storytime at Children's Library! Come sing, rhyme, and read stories with us! While this storytime will be geared towards those older than 2 years, all ages are welcome! ",,,Children's Library,,"1276 Harriet St, Palo Alto, CA 94301",Palo Alto,7/14/2026,10:30am to 11:00am,,,2-5,2-5,Stories,Stories,Free,https://paloalto.bibliocommons.com/events/uploads/images/full/2ac0887856e00e5bd4e64b48d911a089/storytime.png,https://paloalto.bibliocommons.com/events/699f60146724c63d00f52cc5,,,,FALSE,FALSE,,6/30/26,,,Not published,,,,,,,,,,,,,,,,,,,
,Circus of Smiles,"Join us at the Children's Library in the Secret Garden for a performance by Circus of Smiles.
 
This family friendly show is filled with non-stop excitement and theatrics that will have you laughing, participating, and hoping for even more!
 ",,,Children's Library,,"1276 Harriet St, Palo Alto, CA 94301",Palo Alto,7/14/2026,3:00pm to 4:00pm,,,2-5,2-5,Outdoor,Outdoor,Free,https://paloalto.bibliocommons.com/events/uploads/images/full/b21f248f234c52ff53cfa3e470efd129/srp2026_beanstack_1572x583.png,https://paloalto.bibliocommons.com/events/69fccf0ef89ee15800513441,,,,FALSE,FALSE,,6/30/26,,,Not published,,,,,,,,,,,,,,,,,,,
,LEGO Tuesdays!,"We have the LEGOs! Bring your imagination and build something fun! LEGOs will stay at the library, so be sure to snap a pic of your creation! 

In addition to being a great way to introduce the engineering and art concepts of STEAM, playing with LEGO’s supports early childhood development because children engage in problem solving, teamwork, self-confidence, and creativity!",,,Downtown Library,,"270 Forest Ave, Palo Alto, CA 94301",Palo Alto,7/14/2026,4:00pm to 5:00pm,,,"0-2, 2-5",0–5,Build & Explore,Build & Explore,Free,https://paloalto.bibliocommons.com/events/uploads/images/full/fe6ca78286cf56c8ccfd4045df9f1a33/lego-blocks-2458575_1280.jpg,https://paloalto.bibliocommons.com/events/68afa7b0022de53d00d2716f,,,,FALSE,FALSE,,6/30/26,,,Not published,,,,,,,,,,,,,,,,,,,
,Little Ones Storytime,"Join Librarian Heidi on Wednesday mornings at 10:30AM for Little Ones Storytime at Children's Library.

Storytime includes a variety of early literacy activities such as stories, songs, rhymes, and movement activities. Storytime is a fun and interactive experience for the whole family that promotes the joys of reading and learning for all ages. This program is targeted to children under the age of two and their caregivers.",,,Children's Library,,"1276 Harriet St, Palo Alto, CA 94301",Palo Alto,7/15/2026,10:30am to 11:00am,,,0-2,0-2,Stories,Stories,Free,https://paloalto.bibliocommons.com/events/uploads/images/full/ce0fac3af4e0e23edef62841315af0a3/storytime_890x445-670x335.png,https://paloalto.bibliocommons.com/events/69265595a2f9562900e5f95a,,,,FALSE,FALSE,,6/30/26,,,Not published,,,,,,,,,,,,,,,,,,,
,Music & Movement,"Bring your dancing feet to the Mitchell Park Library on Wednesday evenings for Music & Movement with Librarian Celina. Build early literacy skills through movement, songs, and dance.

Instruments, songs, and dance moves will all be introduced so that everyone will be able to enjoy moving along to the music.",,,Mitchell Park Library,,"3700 Middlefield Rd, Palo Alto, CA 94303",Palo Alto,7/15/2026,6:30pm to 7:15pm,,,"0-2, 2-5",0–5,Music & Movement,Music & Movement,Free,https://paloalto.bibliocommons.com/events/uploads/images/full/96447a50e9a5659c33eba8e34ca1123f/BibliocommonsbannerCropsbc(2).png,https://paloalto.bibliocommons.com/events/69a0b0f2b48451fc3c0563c6,,,,FALSE,FALSE,,6/30/26,,,Not published,,,,,,,,,,,,,,,,,,,
,Bilingual Family Storytime,"Join Señorita Juliana for Bilingual Family Storytime at the College Terrace Library! Enjoy stories, songs, rhymes, and movement activities in Spanish and English. Thursdays from 10:30-11 AM.
Storytime may be held indoors or outdoors depending on the weather.
Follow us on YouTube for more stories, songs, and rhymes, including a playlist of our favorites!

¡Participa con la Señorita Juliana en la Hora Cuentos Bilingüe en la Biblioteca College Terrace! Disfruta de cuentos, canciones, rimas y actividades con movimiento en Español e Inglés. Jueves de 10:30-11 AM.
La Hora de Cuentos se realizará adentro o al aire libre, dependiendo del clima.
¡Síguenos en YouTube para ver más cuentos, canciones y rimas, incluyendo una lista de reproducción con nuestros favoritos!",,,College Terrace Library,,"2300 Wellesley St, Palo Alto, CA 94306",Palo Alto,7/16/2026,10:30am to 11:00am,,,"0-2, 2-5",0–5,"Stories, Outdoor","Stories, Outdoor",Free,https://paloalto.bibliocommons.com/events/uploads/images/full/aebfcbc231dbf9255ec654153e21424f/banner.png,https://paloalto.bibliocommons.com/events/69276b597eb3e430002638a8,,,,FALSE,FALSE,,6/30/26,,,Not published,,,,,,,,,,,,,,,,,,,
,Family Storytime,"Join Librarian Heidi on Friday mornings at 10:30AM for Family Storytime at Downtown Library. Come sing, rhyme, and read stories with us! While this storytime will be geared towards those older than 2 years, all ages are...",,,Downtown Library,,"270 Forest Ave, Palo Alto, CA 94301",Palo Alto,7/17/2026,10:30am to 11:00am,,,2-5,2-5,Stories,Stories,Free,https://paloalto.bibliocommons.com/events/uploads/images/full/6651c0e2572ecc9e52cf43d7ad6507b4/MicrosoftTeams-image.png,https://paloalto.bibliocommons.com/events/6931edd1b5ff4730005608f4,,,,FALSE,FALSE,,6/30/26,,,Not published,,,,,,,,,,,,,,,,,,,
,LEGO Fridays!,"We have the LEGOs! Bring your imagination and build something fun! LEGOs will stay at the library, so be sure to snap a pic of your creation! 

In addition to being a great way to introduce the engineering and art concepts of STEAM, playing with LEGO’s supports early childhood development because children engage in problem solving, teamwork, self-confidence, and creativity!",,,College Terrace Library,,"2300 Wellesley St, Palo Alto, CA 94306",Palo Alto,7/17/2026,4:00pm to 5:00pm,,,"0-2, 2-5",0–5,Build & Explore,Build & Explore,Free,https://paloalto.bibliocommons.com/events/uploads/images/full/fe6ca78286cf56c8ccfd4045df9f1a33/lego-blocks-2458575_1280.jpg,https://paloalto.bibliocommons.com/events/6a25aace2ea730c17ab50482,,,,FALSE,FALSE,,6/30/26,,,Not published,,,,,,,,,,,,,,,,,,,
,Family Storytime: Celebrate Disability Pride Month!,"Join Librarian Juliana on Saturdays from 10:30-11 AM at Mitchell Park Library for Family Storytime! Come sing, rhyme, and read stories with us! ",,,Mitchell Park Library,,"3700 Middlefield Rd, Palo Alto, CA 94303",Palo Alto,7/18/2026,10:30am to 11:00am,,,"0-2, 2-5",0–5,Stories,Stories,Free,https://paloalto.bibliocommons.com/events/uploads/images/full/6651c0e2572ecc9e52cf43d7ad6507b4/MicrosoftTeams-image.png,https://paloalto.bibliocommons.com/events/698e125a2a787a47a5e73bd9,,,,FALSE,FALSE,,6/30/26,,,Not published,,,,,,,,,,,,,,,,,,,
,Happy Birds,"Join us at the Mitchell Park Community Center in the El Palo Alto Room for a performance from the Happy Birds!

Amazing and colorful parrots will perform over 25 tricks during this exciting bird show! Ed and Julie Cardoza’s macaws, cockatoos, and amazons have been featured on The Tonight Show, Pet Star, The Ellen show and even the Guinness Book of World Records.",,,Mitchell Park Community Center,El Palo Alto Room,"3700 Middlefield Road
Palo Alto CA 94303",,7/18/2026,1:30 pm to 2:30 pm,,,"0-2, 2-5, 5+",All ages,Other,Other,Free,https://paloalto.bibliocommons.com/events/uploads/images/full/b21f248f234c52ff53cfa3e470efd129/srp2026_beanstack_1572x583.png,https://paloalto.bibliocommons.com/events/69fcd2d51773192800181a98,,,,FALSE,FALSE,,6/30/26,,,Not published,,,,,,,,,,,,,,,,,,,
,Baby Dragon Boat Festival,"Note: This program has been rescheduled to Saturday, July 18 from Saturday, June 20.
 
 Celebrate this year's Dragon Boat Festival with some family fun!
 
 Families with babies and toddlers are invited to decorate their own...",,,Mitchell Park Library,,"3700 Middlefield Rd, Palo Alto, CA 94303",Palo Alto,7/18/2026,3:30pm to 4:30pm,,,0-2,0-2,"Arts & Crafts, Build & Explore","Arts & Crafts, Build & Explore",Free,https://paloalto.bibliocommons.com/events/uploads/images/full/61343712c18382e95e4eb08e772e70cc/dragon-boat-festival-main-780x400.jpg,https://paloalto.bibliocommons.com/events/69fd26c6f56bd86e00ae4709,,,,FALSE,FALSE,,6/30/26,,,Not published,,,,,,,,,,,,,,,,,,,
,Family Storytime,"Join Librarian Rebecca on Sunday mornings at 11:00AM for Family Storytime at Rinconada Library. Come sing, rhyme, and read stories with us! While this storytime will be geared towards those older than 2 years, all ages are welcome!
 
 Make...",,,Rinconada Library,,"1213 Newell Rd, Palo Alto, CA 94303",Palo Alto,7/19/2026,11:00am to 11:30am,,,2-5,2-5,Stories,Stories,Free,https://paloalto.bibliocommons.com/events/uploads/images/full/6651c0e2572ecc9e52cf43d7ad6507b4/MicrosoftTeams-image.png,https://paloalto.bibliocommons.com/events/6a0fb6a3e13d3b4603b50f77,,,,FALSE,FALSE,,6/30/26,,,Not published,,,,,,,,,,,,,,,,,,,
,Family Storytime,"Join Librarian Jennifer (and Rocky Raccoon) on Tuesdays at 10:30 AM for Family Storytime at Children's Library! Come sing, rhyme, and read stories with us! While this storytime will be geared towards those older than 2 years, all ages...",,,Children's Library,,"1276 Harriet St, Palo Alto, CA 94301",Palo Alto,7/21/2026,10:30am to 11:00am,,,2-5,2-5,Stories,Stories,Free,https://paloalto.bibliocommons.com/events/uploads/images/full/2ac0887856e00e5bd4e64b48d911a089/storytime.png,https://paloalto.bibliocommons.com/events/699f60146724c63d00f52cc6,,,,FALSE,FALSE,,6/30/26,,,Not published,,,,,,,,,,,,,,,,,,,
,LEGO Tuesdays!,"We have the LEGOs! Bring your imagination and build something fun! LEGOs will stay at the library, so be sure to snap a pic of your creation! 

In addition to being a great way to introduce the engineering and art concepts of STEAM, playing with LEGO’s supports early childhood development because children engage in problem solving, teamwork, self-confidence, and creativity!",,,Downtown Library,,"270 Forest Ave, Palo Alto, CA 94301",Palo Alto,7/21/2026,4:00pm to 5:00pm,,,"0-2, 2-5",0–5,Build & Explore,Build & Explore,Free,https://paloalto.bibliocommons.com/events/uploads/images/full/fe6ca78286cf56c8ccfd4045df9f1a33/lego-blocks-2458575_1280.jpg,https://paloalto.bibliocommons.com/events/68afa7b0022de53d00d27170,,,,FALSE,FALSE,,6/30/26,,,Not published,,,,,,,,,,,,,,,,,,,
,Little Ones Storytime,"Join Librarian Heidi on Wednesday mornings at 10:30AM for Little Ones Storytime at Children's Library.

Storytime includes a variety of early literacy activities such as stories, songs, rhymes, and movement activities. Storytime is a fun and interactive experience for the whole family that promotes the joys of reading and learning for all ages. This program is targeted to children under the age of two and their caregivers.",,,Children's Library,,"1276 Harriet St, Palo Alto, CA 94301",Palo Alto,7/22/2026,10:30am to 11:00am,,,0-2,0-2,Stories,Stories,Free,https://paloalto.bibliocommons.com/events/uploads/images/full/ce0fac3af4e0e23edef62841315af0a3/storytime_890x445-670x335.png,https://paloalto.bibliocommons.com/events/69265595a2f9562900e5f95b,,,,FALSE,FALSE,,6/30/26,,,Not published,,,,,,,,,,,,,,,,,,,
,Music & Movement,"Bring your dancing feet to the Mitchell Park Library on Wednesday evenings for Music & Movement with Librarian Celina. Build early literacy skills through movement, songs, and dance.

Instruments, songs, and dance moves will all be introduced so that everyone will be able to enjoy moving along to the music.",,,Mitchell Park Library,,"3700 Middlefield Rd, Palo Alto, CA 94303",Palo Alto,7/22/2026,6:30pm to 7:15pm,,,"0-2, 2-5",0–5,Music & Movement,Music & Movement,Free,https://paloalto.bibliocommons.com/events/uploads/images/full/96447a50e9a5659c33eba8e34ca1123f/BibliocommonsbannerCropsbc(2).png,https://paloalto.bibliocommons.com/events/69a0b0f2b48451fc3c0563c7,,,,FALSE,FALSE,,6/30/26,,,Not published,,,,,,,,,,,,,,,,,,,
,Bilingual Family Storytime,"Join Señorita Juliana for Bilingual Family Storytime at the College Terrace Library! Enjoy stories, songs, rhymes, and movement activities in Spanish and English. Thursdays from 10:30-11 AM.
Storytime may be held indoors or outdoors depending on the weather.
Follow us on YouTube for more stories, songs, and rhymes, including a playlist of our favorites!

¡Participa con la Señorita Juliana en la Hora Cuentos Bilingüe en la Biblioteca College Terrace! Disfruta de cuentos, canciones, rimas y actividades con movimiento en Español e Inglés. Jueves de 10:30-11 AM.
La Hora de Cuentos se realizará adentro o al aire libre, dependiendo del clima.
¡Síguenos en YouTube para ver más cuentos, canciones y rimas, incluyendo una lista de reproducción con nuestros favoritos!",,,College Terrace Library,,"2300 Wellesley St, Palo Alto, CA 94306",Palo Alto,7/23/2026,10:30am to 11:00am,,,"0-2, 2-5",0–5,"Stories, Outdoor","Stories, Outdoor",Free,https://paloalto.bibliocommons.com/events/uploads/images/full/aebfcbc231dbf9255ec654153e21424f/banner.png,https://paloalto.bibliocommons.com/events/69276b597eb3e430002638a9,,,,FALSE,FALSE,,6/30/26,,,Not published,,,,,,,,,,,,,,,,,,,
,Family Storytime,"Join Librarian Heidi on Friday mornings at 10:30AM for Family Storytime at Downtown Library. Come sing, rhyme, and read stories with us! While this storytime will be geared towards those older than 2 years, all ages are...",,,Downtown Library,,"270 Forest Ave, Palo Alto, CA 94301",Palo Alto,7/24/2026,10:30am to 11:00am,,,2-5,2-5,Stories,Stories,Free,https://paloalto.bibliocommons.com/events/uploads/images/full/6651c0e2572ecc9e52cf43d7ad6507b4/MicrosoftTeams-image.png,https://paloalto.bibliocommons.com/events/6931edd1b5ff4730005608f5,,,,FALSE,FALSE,,6/30/26,,,Not published,,,,,,,,,,,,,,,,,,,
,LEGO Fridays!,"We have the LEGOs! Bring your imagination and build something fun! LEGOs will stay at the library, so be sure to snap a pic of your creation! 

In addition to being a great way to introduce the engineering and art concepts of STEAM, playing with LEGO’s supports early childhood development because children engage in problem solving, teamwork, self-confidence, and creativity!",,,College Terrace Library,,"2300 Wellesley St, Palo Alto, CA 94306",Palo Alto,7/24/2026,4:00pm to 5:00pm,,,"0-2, 2-5",0–5,Build & Explore,Build & Explore,Free,https://paloalto.bibliocommons.com/events/uploads/images/full/fe6ca78286cf56c8ccfd4045df9f1a33/lego-blocks-2458575_1280.jpg,https://paloalto.bibliocommons.com/events/6a25aace2ea730c17ab50483,,,,FALSE,FALSE,,6/30/26,,,Not published,,,,,,,,,,,,,,,,,,,
,Family Storytime,"Join Librarian Juliana on Saturdays from 10:30-11 AM at Mitchell Park Library for Family Storytime! Come sing, rhyme, and read stories with us!
 
 Make sure to follow us on YouTube for more stories, songs and rhymes, including...",,,Mitchell Park Library,,"3700 Middlefield Rd, Palo Alto, CA 94303",Palo Alto,7/25/2026,10:30am to 11:00am,,,"0-2, 2-5",0–5,Stories,Stories,Free,https://paloalto.bibliocommons.com/events/uploads/images/full/6651c0e2572ecc9e52cf43d7ad6507b4/MicrosoftTeams-image.png,https://paloalto.bibliocommons.com/events/698e125a2a787a47a5e73bda,,,,FALSE,FALSE,,6/30/26,,,Not published,,,,,,,,,,,,,,,,,,,
,The Academy of Ballet and Etiquette Presents: Swan Lake,"Join us at the Rinconada Library in the Embarcardero Room for a special summer ballet workshop from The Academy of Ballet and Etiquette!
 
 Dance through Swan Lake, the story of Odette, a princess turned into a swan by an evil...",,,Rinconada Library,,"1213 Newell Rd, Palo Alto, CA 94303",Palo Alto,7/25/2026,3:00pm to 4:00pm,,,"0-2, 2-5, 5+",All ages,Classes,Classes,Free,https://paloalto.bibliocommons.com/events/uploads/images/full/b21f248f234c52ff53cfa3e470efd129/srp2026_beanstack_1572x583.png,https://paloalto.bibliocommons.com/events/69fd1345f89ee1580051535d,,,,FALSE,FALSE,,6/30/26,,,Not published,,,,,,,,,,,,,,,,,,,
,Family Storytime,"Join Librarian Rebecca on Sunday mornings at 11:00AM for Family Storytime at Rinconada Library. Come sing, rhyme, and read stories with us! While this storytime will be geared towards those older than 2 years, all ages are welcome!
 
 Make...",,,Rinconada Library,,"1213 Newell Rd, Palo Alto, CA 94303",Palo Alto,7/26/2026,11:00am to 11:30am,,,2-5,2-5,Stories,Stories,Free,https://paloalto.bibliocommons.com/events/uploads/images/full/6651c0e2572ecc9e52cf43d7ad6507b4/MicrosoftTeams-image.png,https://paloalto.bibliocommons.com/events/6a0fb6a3e13d3b4603b50f78,,,,FALSE,FALSE,,6/30/26,,,Not published,,,,,,,,,,,,,,,,,,,
,Puppet Art Theater Presents: Tommy's Pirate Adventure,"Join us at the Mitchell Park Library in the Kid's Place for a performance of Tommy's Pirate Adventure by Puppet Art Theater Co.

Tommy’s and his dog Fifi are enjoying living on Alligator Island, at least until the pirates show up. Pirate’s X’s and mixed up treasure land Tommy and his dog in big trouble with Barnacle Billy and the evil Captain Rigatoni. Confusion and mayhem lead to fun as Tommy ends up playing pirates for real in “Tommy’s Pirate Adventure.”",,,Mitchell Park Library,,"3700 Middlefield Rd, Palo Alto, CA 94303",Palo Alto,7/26/2026,3:00pm to 4:00pm,,,"0-2, 2-5, 5+",All ages,Stories,Stories,Free,https://paloalto.bibliocommons.com/events/uploads/images/full/b21f248f234c52ff53cfa3e470efd129/srp2026_beanstack_1572x583.png,https://paloalto.bibliocommons.com/events/69fd15cb1773192800183afe,,,,FALSE,FALSE,,6/30/26,,,Not published,,,,,,,,,,,,,,,,,,,
,Family Storytime,"Join Librarian Jennifer (and Rocky Raccoon) on Tuesdays at 10:30 AM for Family Storytime at Children's Library! Come sing, rhyme, and read stories with us! While this storytime will be geared towards those older than 2 years, all ages...",,,Children's Library,,"1276 Harriet St, Palo Alto, CA 94301",Palo Alto,7/28/2026,10:30am to 11:00am,,,2-5,2-5,Stories,Stories,Free,https://paloalto.bibliocommons.com/events/uploads/images/full/2ac0887856e00e5bd4e64b48d911a089/storytime.png,https://paloalto.bibliocommons.com/events/699f60146724c63d00f52cc7,,,,FALSE,FALSE,,6/30/26,,,Not published,,,,,,,,,,,,,,,,,,,
,LEGO Tuesdays!,"We have the LEGOs! Bring your imagination and build something fun! LEGOs will stay at the library, so be sure to snap a pic of your creation! 

In addition to being a great way to introduce the engineering and art concepts of STEAM, playing with LEGO’s supports early childhood development because children engage in problem solving, teamwork, self-confidence, and creativity!",,,Downtown Library,,"270 Forest Ave, Palo Alto, CA 94301",Palo Alto,7/28/2026,4:00pm to 5:00pm,,,"0-2, 2-5",0–5,Build & Explore,Build & Explore,Free,https://paloalto.bibliocommons.com/events/uploads/images/full/fe6ca78286cf56c8ccfd4045df9f1a33/lego-blocks-2458575_1280.jpg,https://paloalto.bibliocommons.com/events/68afa7b0022de53d00d27171,,,,FALSE,FALSE,,6/30/26,,,Not published,,,,,,,,,,,,,,,,,,,
,Little Ones Storytime,"Join Librarian Heidi on Wednesday mornings at 10:30AM for Little Ones Storytime at Children's Library.

Storytime includes a variety of early literacy activities such as stories, songs, rhymes, and movement activities. Storytime is a fun and interactive experience for the whole family that promotes the joys of reading and learning for all ages. This program is targeted to children under the age of two and their caregivers.",,,Children's Library,,"1276 Harriet St, Palo Alto, CA 94301",Palo Alto,7/29/2026,10:30am to 11:00am,,,0-2,0-2,Stories,Stories,Free,https://paloalto.bibliocommons.com/events/uploads/images/full/ce0fac3af4e0e23edef62841315af0a3/storytime_890x445-670x335.png,https://paloalto.bibliocommons.com/events/69265595a2f9562900e5f95c,,,,FALSE,FALSE,,6/30/26,,,Not published,,,,,,,,,,,,,,,,,,,
,Music & Movement,"Bring your dancing feet to the Mitchell Park Library on Wednesday evenings for Music & Movement with Librarian Celina. Build early literacy skills through movement, songs, and dance.

Instruments, songs, and dance moves will all be introduced so that everyone will be able to enjoy moving along to the music.",,,Mitchell Park Library,,"3700 Middlefield Rd, Palo Alto, CA 94303",Palo Alto,7/29/2026,6:30pm to 7:15pm,,,"0-2, 2-5",0–5,Music & Movement,Music & Movement,Free,https://paloalto.bibliocommons.com/events/uploads/images/full/96447a50e9a5659c33eba8e34ca1123f/BibliocommonsbannerCropsbc(2).png,https://paloalto.bibliocommons.com/events/69a0b0f2b48451fc3c0563c8,,,,FALSE,FALSE,,6/30/26,,,Not published,,,,,,,,,,,,,,,,,,,
,Bilingual Family Storytime,"Join Señorita Juliana for Bilingual Family Storytime at the College Terrace Library! Enjoy stories, songs, rhymes, and movement activities in Spanish and English. Thursdays from 10:30-11 AM.
Storytime may be held indoors or outdoors depending on the weather.
Follow us on YouTube for more stories, songs, and rhymes, including a playlist of our favorites!

¡Participa con la Señorita Juliana en la Hora Cuentos Bilingüe en la Biblioteca College Terrace! Disfruta de cuentos, canciones, rimas y actividades con movimiento en Español e Inglés. Jueves de 10:30-11 AM.
La Hora de Cuentos se realizará adentro o al aire libre, dependiendo del clima.
¡Síguenos en YouTube para ver más cuentos, canciones y rimas, incluyendo una lista de reproducción con nuestros favoritos!",,,College Terrace Library,,"2300 Wellesley St, Palo Alto, CA 94306",Palo Alto,7/30/2026,10:30am to 11:00am,,,"0-2, 2-5",0–5,"Stories, Outdoor","Stories, Outdoor",Free,https://paloalto.bibliocommons.com/events/uploads/images/full/aebfcbc231dbf9255ec654153e21424f/banner.png,https://paloalto.bibliocommons.com/events/69276b597eb3e430002638aa,,,,FALSE,FALSE,,6/30/26,,,Not published,,,,,,,,,,,,,,,,,,,
,KDC: Kids Dance Carnival,"Join us for KDC Palo Alto 2026! Come get moving and grooving at this kid-centered dance party. We'll be dancing with bubbles, jamming with glow sticks, and making a collaborative art piece.

Come decked out in neon, sequins, glow-in-the-dark, kandi bracelets/necklaces, and colorful costumes. Bring your own light up and glow-in-the-dark accessories and dance the early evening away! Costumes and accessories encouraged but not required.

Recommended age is 2-8 years old, but we won’t be checking ID and if you think your slightly older or younger kiddo would enjoy dancing in a room of other kids with flashing lights, then bring 'em along!",,,Rinconada Library,Embarcadero Room,"1213 Newell Rd, Palo Alto, CA 94303",Palo Alto,7/30/2026,6:30pm to 7:30pm,,,,,Seasonal,Seasonal,Free,https://paloalto.bibliocommons.com/events/uploads/images/full/b23725dc536d8b800aced0e5f3d044ff/BibliocommonsbannerCropsbc(7).png,https://paloalto.bibliocommons.com/events/69e9504bb6c4ac1fedce1fe0,,,,FALSE,FALSE,,6/30/26,,,Not published,,,,,,,,,,,,,,,,,,,
,Family Storytime,"Join Librarian Heidi on Friday mornings at 10:30AM for Family Storytime at Downtown Library. Come sing, rhyme, and read stories with us! While this storytime will be geared towards those older than 2 years, all ages are...",,,Downtown Library,,"270 Forest Ave, Palo Alto, CA 94301",Palo Alto,7/31/2026,10:30am to 11:00am,,,2-5,2-5,Stories,Stories,Free,https://paloalto.bibliocommons.com/events/uploads/images/full/6651c0e2572ecc9e52cf43d7ad6507b4/MicrosoftTeams-image.png,https://paloalto.bibliocommons.com/events/6931edd1b5ff4730005608f6,,,,FALSE,FALSE,,6/30/26,,,Not published,,,,,,,,,,,,,,,,,,,
,LEGO Fridays!,"We have the LEGOs! Bring your imagination and build something fun! LEGOs will stay at the library, so be sure to snap a pic of your creation! 

In addition to being a great way to introduce the engineering and art concepts of STEAM, playing with LEGO’s supports early childhood development because children engage in problem solving, teamwork, self-confidence, and creativity!",,,College Terrace Library,,"2300 Wellesley St, Palo Alto, CA 94306",Palo Alto,7/31/2026,4:00pm to 5:00pm,,,"0-2, 2-5",0–5,Build & Explore,Build & Explore,Free,https://paloalto.bibliocommons.com/events/uploads/images/full/fe6ca78286cf56c8ccfd4045df9f1a33/lego-blocks-2458575_1280.jpg,https://paloalto.bibliocommons.com/events/6a25aace2ea730c17ab50484,,,,FALSE,FALSE,,6/30/26,,,Not published,,,,,,,,,,,,,,,,,,,
,Chill Out with Mindfulness Meditation,"Center yourself and increase your focus with mindfulness meditation led by Phuong Pham. Each session begins with an introduction to meditation, 15 minutes of sitting and releasing meditation, and group sharing and Q&A. ",,,Mitchell Park Library,Midtown Room,"3700 Middlefield Rd, Palo Alto, CA 94303",Palo Alto,8/1/2026,11:00am to 11:30am,,,2-5,2-5,Other,Other,Free,https://paloalto.bibliocommons.com/events/uploads/images/full/31783359fd2480d286a0fa48aa5c8682/BibliocommonsbannerCropsbc(15).png,https://paloalto.bibliocommons.com/events/6a120e06c7d3cd58005b3761,,,,FALSE,FALSE,,6/30/26,,,Not published,,,,,,,,,,,,,,,,,,,
,Disco Bubbles with Daisy,"Join us at the Children's Library in the Secret Garden for an afternoon disco bubble show with Daisy!  

Daisy's mission is to spread smiles through kindness and joy, building dreams and memories through positive, inclusive words, shapes, and laughter. Join us for a fun-filled experience that will leave you feeling happy and uplifted!",,,Children's Library,,"1276 Harriet St, Palo Alto, CA 94301",Palo Alto,8/1/2026,3:00pm to 4:00pm,,,0-2,0-2,Outdoor,Outdoor,Free,https://paloalto.bibliocommons.com/events/uploads/images/full/b21f248f234c52ff53cfa3e470efd129/srp2026_beanstack_1572x583.png,https://paloalto.bibliocommons.com/events/69fd17aef89ee15800515554,,,,FALSE,FALSE,,6/30/26,,,Not published,,,,,,,,,,,,,,,,,,,
,Music and Puppets with Mr. Elephant,"Join us at the Children's Library in the Secret Garden to enjoy tunes with musician Mr. Elephant!

Mr. Elephant is an Oakland-based speech therapist who makes award-winning music for little learners (and big ones too!) alongside his hilarious gang of puppets. As seen on YouTube and GoNoodle, his songs are full of movement, language and laughter and are accessible and fun for all ages and abilities. Come join us!",,,Children's Library,,"1276 Harriet St, Palo Alto, CA 94301",Palo Alto,8/1/2026,4:30pm to 5:30pm,,,"0-2, 2-5, 5+",All ages,"Stories, Outdoor","Stories, Outdoor",Free,https://paloalto.bibliocommons.com/events/uploads/images/full/b21f248f234c52ff53cfa3e470efd129/srp2026_beanstack_1572x583.png,https://paloalto.bibliocommons.com/events/69fd185143b41b3d0064f7c5,,,,FALSE,FALSE,,6/30/26,,,Not published,,,,,,,,,,,,,,,,,,,
,LEGO Tuesdays!,"We have the LEGOs! Bring your imagination and build something fun! LEGOs will stay at the library, so be sure to snap a pic of your creation! 

In addition to being a great way to introduce the engineering and art concepts of STEAM, playing with LEGO’s supports early childhood development because children engage in problem solving, teamwork, self-confidence, and creativity!",,,Downtown Library,,"270 Forest Ave, Palo Alto, CA 94301",Palo Alto,8/4/2026,4:00pm to 5:00pm,,,"0-2, 2-5",0–5,Build & Explore,Build & Explore,Free,https://paloalto.bibliocommons.com/events/uploads/images/full/fe6ca78286cf56c8ccfd4045df9f1a33/lego-blocks-2458575_1280.jpg,https://paloalto.bibliocommons.com/events/68afa7b0022de53d00d27172,,,,FALSE,FALSE,,6/30/26,,,Not published,,,,,,,,,,,,,,,,,,,
,LEGO Fridays!,"We have the LEGOs! Bring your imagination and build something fun! LEGOs will stay at the library, so be sure to snap a pic of your creation! 

In addition to being a great way to introduce the engineering and art concepts of STEAM, playing with LEGO’s supports early childhood development because children engage in problem solving, teamwork, self-confidence, and creativity!",,,College Terrace Library,,"2300 Wellesley St, Palo Alto, CA 94306",Palo Alto,8/7/2026,4:00pm to 5:00pm,,,"0-2, 2-5",0–5,Build & Explore,Build & Explore,Free,https://paloalto.bibliocommons.com/events/uploads/images/full/fe6ca78286cf56c8ccfd4045df9f1a33/lego-blocks-2458575_1280.jpg,https://paloalto.bibliocommons.com/events/6a25aace2ea730c17ab50485,,,,FALSE,FALSE,,6/30/26,,,Not published,,,,,,,,,,,,,,,,,,,
,Chill Out with Mindfulness Meditation,"Center yourself and increase your focus with mindfulness meditation led by Phuong Pham. Each session begins with an introduction to meditation, 15 minutes of sitting and releasing meditation, and group sharing and Q&A. ",,,Mitchell Park Library,Midtown Room,"3700 Middlefield Rd, Palo Alto, CA 94303",Palo Alto,8/8/2026,11:00am to 11:30am,,,2-5,2-5,Other,Other,Free,https://paloalto.bibliocommons.com/events/uploads/images/full/31783359fd2480d286a0fa48aa5c8682/BibliocommonsbannerCropsbc(15).png,https://paloalto.bibliocommons.com/events/6a120e06c7d3cd58005b3762,,,,FALSE,FALSE,,6/30/26,,,Not published,,,,,,,,,,,,,,,,,,,
,Marc Griffiths Ventriloquy,"Join us at the Mitchell Park Library in the Midtown Room for a comedic ventriloquy and puppet performance by Marc Griffiths!
 
 Marc Griffiths is an award winning ventriloquist and motivational speaker. He has performed on...",,,Mitchell Park Library,,"3700 Middlefield Rd, Palo Alto, CA 94303",Palo Alto,8/8/2026,4:00pm to 5:00pm,,,2-5,2-5,Stories,Stories,Free,https://paloalto.bibliocommons.com/events/uploads/images/full/b21f248f234c52ff53cfa3e470efd129/srp2026_beanstack_1572x583.png,https://paloalto.bibliocommons.com/events/69fe5c8de8af4a2f00712d3f,,,,FALSE,FALSE,,6/30/26,,,Not published,,,,,,,,,,,,,,,,,,,
,LEGO Tuesdays!,"We have the LEGOs! Bring your imagination and build something fun! LEGOs will stay at the library, so be sure to snap a pic of your creation! 

In addition to being a great way to introduce the engineering and art concepts of STEAM, playing with LEGO’s supports early childhood development because children engage in problem solving, teamwork, self-confidence, and creativity!",,,Downtown Library,,"270 Forest Ave, Palo Alto, CA 94301",Palo Alto,8/11/2026,4:00pm to 5:00pm,,,"0-2, 2-5",0–5,Build & Explore,Build & Explore,Free,https://paloalto.bibliocommons.com/events/uploads/images/full/fe6ca78286cf56c8ccfd4045df9f1a33/lego-blocks-2458575_1280.jpg,https://paloalto.bibliocommons.com/events/68afa7b0022de53d00d27173,,,,FALSE,FALSE,,6/30/26,,,Not published,,,,,,,,,,,,,,,,,,,
,LEGO Fridays!,"We have the LEGOs! Bring your imagination and build something fun! LEGOs will stay at the library, so be sure to snap a pic of your creation! 

In addition to being a great way to introduce the engineering and art concepts of STEAM, playing with LEGO’s supports early childhood development because children engage in problem solving, teamwork, self-confidence, and creativity!",,,College Terrace Library,,"2300 Wellesley St, Palo Alto, CA 94306",Palo Alto,8/14/2026,4:00pm to 5:00pm,,,"0-2, 2-5",0–5,Build & Explore,Build & Explore,Free,https://paloalto.bibliocommons.com/events/uploads/images/full/fe6ca78286cf56c8ccfd4045df9f1a33/lego-blocks-2458575_1280.jpg,https://paloalto.bibliocommons.com/events/6a25aace2ea730c17ab50486,,,,FALSE,FALSE,,6/30/26,,,Not published,,,,,,,,,,,,,,,,,,,
,Chill Out with Mindfulness Meditation,"Center yourself and increase your focus with mindfulness meditation led by Phuong Pham. Each session begins with an introduction to meditation, 15 minutes of sitting and releasing meditation, and group sharing and Q&A. ",,,Mitchell Park Library,Midtown Room,"3700 Middlefield Rd, Palo Alto, CA 94303",Palo Alto,8/15/2026,11:00am to 11:30am,,,2-5,2-5,Other,Other,Free,https://paloalto.bibliocommons.com/events/6a120e06c7d3cd58005b3763,https://paloalto.bibliocommons.com/events/6a120e06c7d3cd58005b3763,,,,FALSE,FALSE,,6/30/26,,,Not published,,,,,,,,,,,,,,,,,,,
,LEGO Tuesdays!,"We have the LEGOs! Bring your imagination and build something fun! LEGOs will stay at the library, so be sure to snap a pic of your creation! 

In addition to being a great way to introduce the engineering and art concepts of STEAM, playing with LEGO’s supports early childhood development because children engage in problem solving, teamwork, self-confidence, and creativity!",,,Downtown Library,,"270 Forest Ave, Palo Alto, CA 94301",Palo Alto,8/18/2026,4:00pm to 5:00pm,,,"0-2, 2-5",0–5,Build & Explore,Build & Explore,Free,https://paloalto.bibliocommons.com/events/uploads/images/full/fe6ca78286cf56c8ccfd4045df9f1a33/lego-blocks-2458575_1280.jpg,https://paloalto.bibliocommons.com/events/68afa7b0022de53d00d27174,,,,FALSE,FALSE,,6/30/26,,,Not published,,,,,,,,,,,,,,,,,,,
,LEGO Fridays!,"We have the LEGOs! Bring your imagination and build something fun! LEGOs will stay at the library, so be sure to snap a pic of your creation! 

In addition to being a great way to introduce the engineering and art concepts of STEAM, playing with LEGO’s supports early childhood development because children engage in problem solving, teamwork, self-confidence, and creativity!",,,College Terrace Library,,"2300 Wellesley St, Palo Alto, CA 94306",Palo Alto,8/21/2026,4:00pm to 5:00pm,,,"0-2, 2-5",0–5,Build & Explore,Build & Explore,Free,https://paloalto.bibliocommons.com/events/uploads/images/full/fe6ca78286cf56c8ccfd4045df9f1a33/lego-blocks-2458575_1280.jpg,https://paloalto.bibliocommons.com/events/6a25aace2ea730c17ab50487,,,,FALSE,FALSE,,6/30/26,,,Not published,,,,,,,,,,,,,,,,,,,
,Chill Out with Mindfulness Meditation,"Center yourself and increase your focus with mindfulness meditation led by Phuong Pham. Each session begins with an introduction to meditation, 15 minutes of sitting and releasing meditation, and group sharing and Q&A. ",,,Mitchell Park Library,Midtown Room,"3700 Middlefield Rd, Palo Alto, CA 94303",Palo Alto,8/22/2026,11:00am to 11:30am,,,2-5,2-5,Other,Other,Free,https://paloalto.bibliocommons.com/events/uploads/images/full/31783359fd2480d286a0fa48aa5c8682/BibliocommonsbannerCropsbc(15).png,https://paloalto.bibliocommons.com/events/6a120e06c7d3cd58005b3764,,,,FALSE,FALSE,,6/30/26,,,Not published,,,,,,,,,,,,,,,,,,,
,LEGO Tuesdays!,"We have the LEGOs! Bring your imagination and build something fun! LEGOs will stay at the library, so be sure to snap a pic of your creation! 

In addition to being a great way to introduce the engineering and art concepts of STEAM, playing with LEGO’s supports early childhood development because children engage in problem solving, teamwork, self-confidence, and creativity!",,,Downtown Library,,"270 Forest Ave, Palo Alto, CA 94301",Palo Alto,8/25/2026,4:00pm to 5:00pm,,,"0-2, 2-5",0–5,Build & Explore,Build & Explore,Free,https://paloalto.bibliocommons.com/events/uploads/images/full/fe6ca78286cf56c8ccfd4045df9f1a33/lego-blocks-2458575_1280.jpg,https://paloalto.bibliocommons.com/events/68afa7b0022de53d00d27175,,,,FALSE,FALSE,,6/30/26,,,Not published,,,,,,,,,,,,,,,,,,,
,LEGO Fridays!,"We have the LEGOs! Bring your imagination and build something fun! LEGOs will stay at the library, so be sure to snap a pic of your creation! 

In addition to being a great way to introduce the engineering and art concepts of STEAM, playing with LEGO’s supports early childhood development because children engage in problem solving, teamwork, self-confidence, and creativity!",,,College Terrace Library,,"2300 Wellesley St, Palo Alto, CA 94306",Palo Alto,8/28/2026,4:00pm to 5:00pm,,,"0-2, 2-5",0–5,Build & Explore,Build & Explore,Free,https://paloalto.bibliocommons.com/events/uploads/images/full/fe6ca78286cf56c8ccfd4045df9f1a33/lego-blocks-2458575_1280.jpg,https://paloalto.bibliocommons.com/events/6a25aace2ea730c17ab50488,,,,FALSE,FALSE,,6/30/26,,,Not published,,,,,,,,,,,,,,,,,,,
,Chill Out with Mindfulness Meditation,"Center yourself and increase your focus with mindfulness meditation led by Phuong Pham. Each session begins with an introduction to meditation, 15 minutes of sitting and releasing meditation, and group sharing and Q&A. ",,,Mitchell Park Library,Midtown Room,"3700 Middlefield Rd, Palo Alto, CA 94303",Palo Alto,8/29/2026,11:00am to 11:30am,,,2-5,2-5,Other,Other,Free,https://paloalto.bibliocommons.com/events/uploads/images/full/31783359fd2480d286a0fa48aa5c8682/BibliocommonsbannerCropsbc(15).png,https://paloalto.bibliocommons.com/events/6a120e06c7d3cd58005b3765,,,,FALSE,FALSE,,6/30/26,,,Not published,,,,,,,,,,,,,,,,,,,
,Family Storytime,"Join Librarian Jennifer (and Rocky Raccoon) on Tuesdays at 10:30 AM for Family Storytime at Children's Library! Come sing, rhyme, and read stories with us! While this storytime will be geared towards those older than 2 years, all ages...",,,Children's Library,,"1276 Harriet St, Palo Alto, CA 94301",Palo Alto,9/1/2026,10:30am to 11:00am,,,2-5,2-5,Stories,Stories,Free,https://paloalto.bibliocommons.com/events/uploads/images/full/2ac0887856e00e5bd4e64b48d911a089/storytime.png,https://paloalto.bibliocommons.com/events/699f624cb0595799c09f604b,,,,FALSE,FALSE,,6/30/26,,,Not published,,,,,,,,,,,,,,,,,,,
,LEGO Tuesdays!,"We have the LEGOs! Bring your imagination and build something fun! LEGOs will stay at the library, so be sure to snap a pic of your creation!
 
 In addition to being a great way to introduce the engineering and art concepts of STEAM,...",,,Downtown Library,,"270 Forest Ave, Palo Alto, CA 94301",Palo Alto,9/1/2026,4:00pm to 5:00pm,,,"0-2, 2-5",0–5,Build & Explore,Build & Explore,Free,https://paloalto.bibliocommons.com/events/uploads/images/full/fe6ca78286cf56c8ccfd4045df9f1a33/lego-blocks-2458575_1280.jpg,https://paloalto.bibliocommons.com/events/68afa7b0022de53d00d27176,,,,FALSE,FALSE,,6/30/26,,,Not published,,,,,,,,,,,,,,,,,,,
,Little Ones Storytime,"Join Librarian Heidi on Wednesday mornings at 10:30AM for Little Ones Storytime at Children's Library.

Storytime includes a variety of early literacy activities such as stories, songs, rhymes, and movement activities. Storytime is a fun and interactive experience for the whole family that promotes the joys of reading and learning for all ages. This program is targeted to children under the age of two and their caregivers.",,,Children's Library,,"1276 Harriet St, Palo Alto, CA 94301",Palo Alto,9/2/2026,10:30am to 11:00am,,,0-2,0-2,Stories,Stories,Free,https://paloalto.bibliocommons.com/events/uploads/images/full/ce0fac3af4e0e23edef62841315af0a3/storytime_890x445-670x335.png,https://paloalto.bibliocommons.com/events/6946001eea69de6e001069ad,,,,FALSE,FALSE,,6/30/26,,,Not published,,,,,,,,,,,,,,,,,,,
,Music & Movement,"Bring your dancing feet to the Mitchell Park Library on Wednesday evenings for Music & Movement with Librarian Celina. Build early literacy skills through movement, songs, and dance.

Instruments, songs, and dance moves will all be introduced so that everyone will be able to enjoy moving along to the music.",,,Mitchell Park Library,,"3700 Middlefield Rd, Palo Alto, CA 94303",Palo Alto,9/2/2026,6:30pm to 7:15pm,,,"0-2, 2-5",0–5,Music & Movement,Music & Movement,Free,https://paloalto.bibliocommons.com/events/uploads/images/full/96447a50e9a5659c33eba8e34ca1123f/BibliocommonsbannerCropsbc(2).png,https://paloalto.bibliocommons.com/events/6a3dbc0bfddb082f00fe149a,,,,FALSE,FALSE,,6/30/26,,,Not published,,,,,,,,,,,,,,,,,,,
,Bilingual Family Storytime,"Join Señorita Juliana for Bilingual Family Storytime at the College Terrace Library! Enjoy stories, songs, rhymes, and movement activities in Spanish and English. Thursdays from 10:30-11 AM.
Storytime may be held indoors or outdoors depending on the weather.
Follow us on YouTube for more stories, songs, and rhymes, including a playlist of our favorites!

¡Participa con la Señorita Juliana en la Hora Cuentos Bilingüe en la Biblioteca College Terrace! Disfruta de cuentos, canciones, rimas y actividades con movimiento en Español e Inglés. Jueves de 10:30-11 AM.
La Hora de Cuentos se realizará adentro o al aire libre, dependiendo del clima.
¡Síguenos en YouTube para ver más cuentos, canciones y rimas, incluyendo una lista de reproducción con nuestros favoritos!",,,College Terrace Library,,"2300 Wellesley St, Palo Alto, CA 94306",Palo Alto,9/3/2026,10:30am to 11:00am,,,"0-2, 2-5",0–5,"Stories, Outdoor","Stories, Outdoor",Free,https://paloalto.bibliocommons.com/events/uploads/images/full/aebfcbc231dbf9255ec654153e21424f/banner.png,https://paloalto.bibliocommons.com/events/69276b597eb3e430002638af,,,,FALSE,FALSE,,6/30/26,,,Not published,,,,,,,,,,,,,,,,,,,
,Family Storytime,"Join Librarian Heidi on Friday mornings at 10:30AM for Family Storytime at Downtown Library. Come sing, rhyme, and read stories with us! While this storytime will be geared towards those older than 2 years, all ages are...",,,Downtown Library,,"270 Forest Ave, Palo Alto, CA 94301",Palo Alto,9/4/2026,10:30am to 11:00am,,,2-5,2-5,Stories,Stories,Free,https://paloalto.bibliocommons.com/events/uploads/images/full/6651c0e2572ecc9e52cf43d7ad6507b4/MicrosoftTeams-image.png,https://paloalto.bibliocommons.com/events/6946005fea69de6e001069c1,,,,FALSE,FALSE,,6/30/26,,,Not published,,,,,,,,,,,,,,,,,,,
,LEGO Fridays!,"We have the LEGOs! Bring your imagination and build something fun! LEGOs will stay at the library, so be sure to snap a pic of your creation! 

In addition to being a great way to introduce the engineering and art concepts of STEAM, playing with LEGO’s supports early childhood development because children engage in problem solving, teamwork, self-confidence, and creativity!",,,College Terrace Library,,"2300 Wellesley St, Palo Alto, CA 94306",Palo Alto,9/4/2026,4:00pm to 5:00pm,,,"0-2, 2-5",0–5,Build & Explore,Build & Explore,Free,https://paloalto.bibliocommons.com/events/uploads/images/full/fe6ca78286cf56c8ccfd4045df9f1a33/lego-blocks-2458575_1280.jpg,https://paloalto.bibliocommons.com/events/6a25aace2ea730c17ab50489,,,,FALSE,FALSE,,6/30/26,,,Not published,,,,,,,,,,,,,,,,,,,
,Family Storytime,"Join Librarian Juliana on Saturdays from 10:30-11 AM at Mitchell Park Library for Family Storytime! Come sing, rhyme, and read stories with us!
 
 Make sure to follow us on YouTube for more stories, songs and rhymes, including...",,,Mitchell Park Library,,"3700 Middlefield Rd, Palo Alto, CA 94303",Palo Alto,9/5/2026,10:30am to 11:00am,,,"0-2, 2-5",0–5,Stories,Stories,Free,https://paloalto.bibliocommons.com/events/uploads/images/full/6651c0e2572ecc9e52cf43d7ad6507b4/MicrosoftTeams-image.png,https://paloalto.bibliocommons.com/events/698e125a2a787a47a5e73be0,,,,FALSE,FALSE,,6/30/26,,,Not published,,,,,,,,,,,,,,,,,,,
,Family Storytime,"Join Librarian Jennifer (and Rocky Raccoon) on Tuesdays at 10:30 AM for Family Storytime at Children's Library! Come sing, rhyme, and read stories with us! While this storytime will be geared towards those older than 2 years, all ages...",,,Children's Library,,"1276 Harriet St, Palo Alto, CA 94301",Palo Alto,9/8/2026,10:30am to 11:00am,,,2-5,2-5,Stories,Stories,Free,https://paloalto.bibliocommons.com/events/uploads/images/full/2ac0887856e00e5bd4e64b48d911a089/storytime.png,https://paloalto.bibliocommons.com/events/699f624cb0595799c09f604c,,,,FALSE,FALSE,,6/30/26,,,Not published,,,,,,,,,,,,,,,,,,,
,LEGO Tuesdays!,"We have the LEGOs! Bring your imagination and build something fun! LEGOs will stay at the library, so be sure to snap a pic of your creation!
 
 In addition to being a great way to introduce the engineering and art concepts of STEAM,...",,,Downtown Library,,"270 Forest Ave, Palo Alto, CA 94301",Palo Alto,9/8/2026,4:00pm to 5:00pm,,,"0-2, 2-5",0–5,Build & Explore,Build & Explore,Free,https://paloalto.bibliocommons.com/events/uploads/images/full/fe6ca78286cf56c8ccfd4045df9f1a33/lego-blocks-2458575_1280.jpg,https://paloalto.bibliocommons.com/events/68afa7b0022de53d00d27177,,,,FALSE,FALSE,,6/30/26,,,Not published,,,,,,,,,,,,,,,,,,,
,Little Ones Storytime,"Join Librarian Heidi on Wednesday mornings at 10:30AM for Little Ones Storytime at Children's Library.

Storytime includes a variety of early literacy activities such as stories, songs, rhymes, and movement activities. Storytime is a fun and interactive experience for the whole family that promotes the joys of reading and learning for all ages. This program is targeted to children under the age of two and their caregivers.",,,Children's Library,,"1276 Harriet St, Palo Alto, CA 94301",Palo Alto,9/9/2026,10:30am to 11:00am,,,0-2,0-2,Stories,Stories,Free,https://paloalto.bibliocommons.com/events/uploads/images/full/ce0fac3af4e0e23edef62841315af0a3/storytime_890x445-670x335.png,https://paloalto.bibliocommons.com/events/6946001eea69de6e001069ae,,,,FALSE,FALSE,,6/30/26,,,Not published,,,,,,,,,,,,,,,,,,,
,Music & Movement,"Bring your dancing feet to the Mitchell Park Library on Wednesday evenings for Music & Movement with Librarian Celina. Build early literacy skills through movement, songs, and dance.

Instruments, songs, and dance moves will all be introduced so that everyone will be able to enjoy moving along to the music.",,,Mitchell Park Library,,"3700 Middlefield Rd, Palo Alto, CA 94303",Palo Alto,9/9/2026,6:30pm to 7:15pm,,,"0-2, 2-5",0–5,Music & Movement,Music & Movement,Free,https://paloalto.bibliocommons.com/events/uploads/images/full/96447a50e9a5659c33eba8e34ca1123f/BibliocommonsbannerCropsbc(2).png,https://paloalto.bibliocommons.com/events/6a3dbc0bfddb082f00fe149b,,,,FALSE,FALSE,,6/30/26,,,Not published,,,,,,,,,,,,,,,,,,,
,Bilingual Family Storytime,"Join Señorita Juliana for Bilingual Family Storytime at the College Terrace Library! Enjoy stories, songs, rhymes, and movement activities in Spanish and English. Thursdays from 10:30-11 AM.
Storytime may be held indoors or outdoors depending on the weather.
Follow us on YouTube for more stories, songs, and rhymes, including a playlist of our favorites!

¡Participa con la Señorita Juliana en la Hora Cuentos Bilingüe en la Biblioteca College Terrace! Disfruta de cuentos, canciones, rimas y actividades con movimiento en Español e Inglés. Jueves de 10:30-11 AM.
La Hora de Cuentos se realizará adentro o al aire libre, dependiendo del clima.
¡Síguenos en YouTube para ver más cuentos, canciones y rimas, incluyendo una lista de reproducción con nuestros favoritos!",,,College Terrace Library,,"2300 Wellesley St, Palo Alto, CA 94306",Palo Alto,9/10/2026,10:30am to 11:00am,,,"0-2, 2-5",0–5,"Stories, Outdoor","Stories, Outdoor",Free,https://paloalto.bibliocommons.com/events/uploads/images/full/aebfcbc231dbf9255ec654153e21424f/banner.png,https://paloalto.bibliocommons.com/events/69276b597eb3e430002638b0,,,,FALSE,FALSE,,6/30/26,,,Not published,,,,,,,,,,,,,,,,,,,
,Family Storytime,"Join Librarian Heidi on Friday mornings at 10:30AM for Family Storytime at Downtown Library. Come sing, rhyme, and read stories with us! While this storytime will be geared towards those older than 2 years, all ages are...",,,Downtown Library,,"270 Forest Ave, Palo Alto, CA 94301",Palo Alto,9/11/2026,10:30am to 11:00am,,,2-5,2-5,Stories,Stories,Free,https://paloalto.bibliocommons.com/events/uploads/images/full/6651c0e2572ecc9e52cf43d7ad6507b4/MicrosoftTeams-image.png,https://paloalto.bibliocommons.com/events/6946005fea69de6e001069c2,,,,FALSE,FALSE,,6/30/26,,,Not published,,,,,,,,,,,,,,,,,,,
,LEGO Fridays!,"We have the LEGOs! Bring your imagination and build something fun! LEGOs will stay at the library, so be sure to snap a pic of your creation! 

In addition to being a great way to introduce the engineering and art concepts of STEAM, playing with LEGO’s supports early childhood development because children engage in problem solving, teamwork, self-confidence, and creativity!",,,College Terrace Library,,"2300 Wellesley St, Palo Alto, CA 94306",Palo Alto,9/11/2026,4:00pm to 5:00pm,,,"0-2, 2-5",0–5,Build & Explore,Build & Explore,Free,https://paloalto.bibliocommons.com/events/uploads/images/full/fe6ca78286cf56c8ccfd4045df9f1a33/lego-blocks-2458575_1280.jpg,https://paloalto.bibliocommons.com/events/6a25aace2ea730c17ab5048a,,,,FALSE,FALSE,,6/30/26,,,Not published,,,,,,,,,,,,,,,,,,,
,Family Storytime,"Join Librarian Juliana on Saturdays from 10:30-11 AM at Mitchell Park Library for Family Storytime! Come sing, rhyme, and read stories with us!
 
 Make sure to follow us on YouTube for more stories, songs and rhymes, including...",,,Mitchell Park Library,,"3700 Middlefield Rd, Palo Alto, CA 94303",Palo Alto,9/12/2026,10:30am to 11:00am,,,"0-2, 2-5",0–5,Stories,Stories,Free,https://paloalto.bibliocommons.com/events/uploads/images/full/6651c0e2572ecc9e52cf43d7ad6507b4/MicrosoftTeams-image.png,https://paloalto.bibliocommons.com/events/698e125a2a787a47a5e73be1,,,,FALSE,FALSE,,6/30/26,,,Not published,,,,,,,,,,,,,,,,,,,
,Family Storytime,"Join Librarian Jennifer (and Rocky Raccoon) on Tuesdays at 10:30 AM for Family Storytime at Children's Library! Come sing, rhyme, and read stories with us! While this storytime will be geared towards those older than 2 years, all ages...",,,Children's Library,,"1276 Harriet St, Palo Alto, CA 94301",Palo Alto,9/15/2026,10:30am to 11:00am,,,2-5,2-5,Stories,Stories,Free,https://paloalto.bibliocommons.com/events/uploads/images/full/2ac0887856e00e5bd4e64b48d911a089/storytime.png,https://paloalto.bibliocommons.com/events/699f624cb0595799c09f604d,,,,FALSE,FALSE,,6/30/26,,,Not published,,,,,,,,,,,,,,,,,,,
,LEGO Tuesdays!,"We have the LEGOs! Bring your imagination and build something fun! LEGOs will stay at the library, so be sure to snap a pic of your creation!
 
 In addition to being a great way to introduce the engineering and art concepts of STEAM,...",,,Downtown Library,,"270 Forest Ave, Palo Alto, CA 94301",Palo Alto,9/15/2026,4:00pm to 5:00pm,,,"0-2, 2-5",0–5,Build & Explore,Build & Explore,Free,https://paloalto.bibliocommons.com/events/uploads/images/full/fe6ca78286cf56c8ccfd4045df9f1a33/lego-blocks-2458575_1280.jpg,https://paloalto.bibliocommons.com/events/68afa7b0022de53d00d27178,,,,FALSE,FALSE,,6/30/26,,,Not published,,,,,,,,,,,,,,,,,,,
,Little Ones Storytime,"Join Librarian Heidi on Wednesday mornings at 10:30AM for Little Ones Storytime at Children's Library.

Storytime includes a variety of early literacy activities such as stories, songs, rhymes, and movement activities. Storytime is a fun and interactive experience for the whole family that promotes the joys of reading and learning for all ages. This program is targeted to children under the age of two and their caregivers.",,,Children's Library,,"1276 Harriet St, Palo Alto, CA 94301",Palo Alto,9/16/2026,10:30am to 11:00am,,,0-2,0-2,Stories,Stories,Free,https://paloalto.bibliocommons.com/events/uploads/images/full/ce0fac3af4e0e23edef62841315af0a3/storytime_890x445-670x335.png,https://paloalto.bibliocommons.com/events/6946001eea69de6e001069af,,,,FALSE,FALSE,,6/30/26,,,Not published,,,,,,,,,,,,,,,,,,,
,Music & Movement,"Bring your dancing feet to the Mitchell Park Library on Wednesday evenings for Music & Movement with Librarian Celina. Build early literacy skills through movement, songs, and dance.

Instruments, songs, and dance moves will all be introduced so that everyone will be able to enjoy moving along to the music.",,,Mitchell Park Library,,"3700 Middlefield Rd, Palo Alto, CA 94303",Palo Alto,9/16/2026,6:30pm to 7:15pm,,,"0-2, 2-5",0–5,Music & Movement,Music & Movement,Free,https://paloalto.bibliocommons.com/events/uploads/images/full/96447a50e9a5659c33eba8e34ca1123f/BibliocommonsbannerCropsbc(2).png,https://paloalto.bibliocommons.com/events/6a3dbc0bfddb082f00fe149c,,,,FALSE,FALSE,,6/30/26,,,Not published,,,,,,,,,,,,,,,,,,,
,Bilingual Family Storytime: Celebrate Latine & Hispanic Heritage Month!,"Join Señorita Juliana for Bilingual Family Storytime at the College Terrace Library! Enjoy stories, songs, rhymes, and movement activities in Spanish and English. Thursdays from 10:30-11 AM.
 
 Storytime may be held indoors or outdoors...",,,College Terrace Library,,"2300 Wellesley St, Palo Alto, CA 94306",Palo Alto,9/17/2026,10:30am to 11:00am,,,"0-2, 2-5",0–5,"Stories, Outdoor","Stories, Outdoor",Free,https://paloalto.bibliocommons.com/events/uploads/images/full/aebfcbc231dbf9255ec654153e21424f/banner.png,https://paloalto.bibliocommons.com/events/69276b597eb3e430002638b1,,,,FALSE,FALSE,,6/30/26,,,Not published,,,,,,,,,,,,,,,,,,,
,Family Storytime,"Join Librarian Heidi on Friday mornings at 10:30AM for Family Storytime at Downtown Library. Come sing, rhyme, and read stories with us! While this storytime will be geared towards those older than 2 years, all ages are...",,,Downtown Library,,"270 Forest Ave, Palo Alto, CA 94301",Palo Alto,9/18/2026,10:30am to 11:00am,,,2-5,2-5,Stories,Stories,Free,https://paloalto.bibliocommons.com/events/uploads/images/full/6651c0e2572ecc9e52cf43d7ad6507b4/MicrosoftTeams-image.png,https://paloalto.bibliocommons.com/events/6946005fea69de6e001069c3,,,,FALSE,FALSE,,6/30/26,,,Not published,,,,,,,,,,,,,,,,,,,
,LEGO Fridays!,"We have the LEGOs! Bring your imagination and build something fun! LEGOs will stay at the library, so be sure to snap a pic of your creation! 

In addition to being a great way to introduce the engineering and art concepts of STEAM, playing with LEGO’s supports early childhood development because children engage in problem solving, teamwork, self-confidence, and creativity!",,,College Terrace Library,,"2300 Wellesley St, Palo Alto, CA 94306",Palo Alto,9/18/2026,4:00pm to 5:00pm,,,"0-2, 2-5",0–5,Build & Explore,Build & Explore,Free,https://paloalto.bibliocommons.com/events/uploads/images/full/fe6ca78286cf56c8ccfd4045df9f1a33/lego-blocks-2458575_1280.jpg,https://paloalto.bibliocommons.com/events/6a25aace2ea730c17ab5048b,,,,FALSE,FALSE,,6/30/26,,,Not published,,,,,,,,,,,,,,,,,,,
,Family Storytime,"Join Librarian Juliana on Saturdays from 10:30-11 AM at Mitchell Park Library for Family Storytime! Come sing, rhyme, and read stories with us!
 
 Make sure to follow us on YouTube for more stories, songs and rhymes, including...",,,Mitchell Park Library,,"3700 Middlefield Rd, Palo Alto, CA 94303",Palo Alto,9/19/2026,10:30am to 11:00am,,,"0-2, 2-5",0–5,Stories,Stories,Free,https://paloalto.bibliocommons.com/events/uploads/images/full/6651c0e2572ecc9e52cf43d7ad6507b4/MicrosoftTeams-image.png,https://paloalto.bibliocommons.com/events/698e125a2a787a47a5e73be2,,,,FALSE,FALSE,,6/30/26,,,Not published,,,,,,,,,,,,,,,,,,,
,Family Storytime,"Join Librarian Jennifer (and Rocky Raccoon) on Tuesdays at 10:30 AM for Family Storytime at Children's Library! Come sing, rhyme, and read stories with us! While this storytime will be geared towards those older than 2 years, all ages...",,,Children's Library,,"1276 Harriet St, Palo Alto, CA 94301",Palo Alto,9/22/2026,10:30am to 11:00am,,,2-5,2-5,Stories,Stories,Free,https://paloalto.bibliocommons.com/events/uploads/images/full/2ac0887856e00e5bd4e64b48d911a089/storytime.png,https://paloalto.bibliocommons.com/events/699f624cb0595799c09f604e,,,,FALSE,FALSE,,6/30/26,,,Not published,,,,,,,,,,,,,,,,,,,
,LEGO Tuesdays!,"We have the LEGOs! Bring your imagination and build something fun! LEGOs will stay at the library, so be sure to snap a pic of your creation!
 
 In addition to being a great way to introduce the engineering and art concepts of STEAM,...",,,Downtown Library,,"270 Forest Ave, Palo Alto, CA 94301",Palo Alto,9/22/2026,4:00pm to 5:00pm,,,"0-2, 2-5",0–5,Build & Explore,Build & Explore,Free,https://paloalto.bibliocommons.com/events/uploads/images/full/fe6ca78286cf56c8ccfd4045df9f1a33/lego-blocks-2458575_1280.jpg,https://paloalto.bibliocommons.com/events/68afa7b0022de53d00d27179,,,,FALSE,FALSE,,6/30/26,,,Not published,,,,,,,,,,,,,,,,,,,
,Little Ones Storytime,"Join Librarian Heidi on Wednesday mornings at 10:30AM for Little Ones Storytime at Children's Library.

Storytime includes a variety of early literacy activities such as stories, songs, rhymes, and movement activities. Storytime is a fun and interactive experience for the whole family that promotes the joys of reading and learning for all ages. This program is targeted to children under the age of two and their caregivers.",,,Children's Library,,"1276 Harriet St, Palo Alto, CA 94301",Palo Alto,9/23/2026,10:30am to 11:00am,,,0-2,0-2,Stories,Stories,Free,https://paloalto.bibliocommons.com/events/uploads/images/full/ce0fac3af4e0e23edef62841315af0a3/storytime_890x445-670x335.png,https://paloalto.bibliocommons.com/events/6946001eea69de6e001069b0,,,,FALSE,FALSE,,6/30/26,,,Not published,,,,,,,,,,,,,,,,,,,
,Music & Movement,"Bring your dancing feet to the Mitchell Park Library on Wednesday evenings for Music & Movement with Librarian Celina. Build early literacy skills through movement, songs, and dance.

Instruments, songs, and dance moves will all be introduced so that everyone will be able to enjoy moving along to the music.",,,Mitchell Park Library,,"3700 Middlefield Rd, Palo Alto, CA 94303",Palo Alto,9/23/2026,6:30pm to 7:15pm,,,"0-2, 2-5",0–5,Music & Movement,Music & Movement,Free,https://paloalto.bibliocommons.com/events/uploads/images/full/96447a50e9a5659c33eba8e34ca1123f/BibliocommonsbannerCropsbc(2).png,https://paloalto.bibliocommons.com/events/6a3dbc0bfddb082f00fe149d,,,,FALSE,FALSE,,6/30/26,,,Not published,,,,,,,,,,,,,,,,,,,
,Bilingual Family Storytime,"Join Señorita Juliana for Bilingual Family Storytime at the College Terrace Library! Enjoy stories, songs, rhymes, and movement activities in Spanish and English. Thursdays from 10:30-11 AM.
Storytime may be held indoors or outdoors depending on the weather.
Follow us on YouTube for more stories, songs, and rhymes, including a playlist of our favorites!

¡Participa con la Señorita Juliana en la Hora Cuentos Bilingüe en la Biblioteca College Terrace! Disfruta de cuentos, canciones, rimas y actividades con movimiento en Español e Inglés. Jueves de 10:30-11 AM.
La Hora de Cuentos se realizará adentro o al aire libre, dependiendo del clima.
¡Síguenos en YouTube para ver más cuentos, canciones y rimas, incluyendo una lista de reproducción con nuestros favoritos!",,,College Terrace Library,,"2300 Wellesley St, Palo Alto, CA 94306",Palo Alto,9/24/2026,10:30am to 11:00am,,,"0-2, 2-5",0–5,"Stories, Outdoor","Stories, Outdoor",Free,https://paloalto.bibliocommons.com/events/uploads/images/full/aebfcbc231dbf9255ec654153e21424f/banner.png,https://paloalto.bibliocommons.com/events/69276b597eb3e430002638b2,,,,FALSE,FALSE,,6/30/26,,,Not published,,,,,,,,,,,,,,,,,,,
,Family Storytime,"Join Librarian Heidi on Friday mornings at 10:30AM for Family Storytime at Downtown Library. Come sing, rhyme, and read stories with us! While this storytime will be geared towards those older than 2 years, all ages are...",,,Downtown Library,,"270 Forest Ave, Palo Alto, CA 94301",Palo Alto,9/25/2026,10:30am to 11:00am,,,2-5,2-5,Stories,Stories,Free,https://paloalto.bibliocommons.com/events/uploads/images/full/6651c0e2572ecc9e52cf43d7ad6507b4/MicrosoftTeams-image.png,https://paloalto.bibliocommons.com/events/6946005fea69de6e001069c4,,,,FALSE,FALSE,,6/30/26,,,Not published,,,,,,,,,,,,,,,,,,,
,LEGO Fridays!,"We have the LEGOs! Bring your imagination and build something fun! LEGOs will stay at the library, so be sure to snap a pic of your creation! 

In addition to being a great way to introduce the engineering and art concepts of STEAM, playing with LEGO’s supports early childhood development because children engage in problem solving, teamwork, self-confidence, and creativity!",,,College Terrace Library,,"2300 Wellesley St, Palo Alto, CA 94306",Palo Alto,9/25/2026,4:00pm to 5:00pm,,,"0-2, 2-5",0–5,Build & Explore,Build & Explore,Free,https://paloalto.bibliocommons.com/events/uploads/images/full/fe6ca78286cf56c8ccfd4045df9f1a33/lego-blocks-2458575_1280.jpg,https://paloalto.bibliocommons.com/events/6a25aace2ea730c17ab5048c,,,,FALSE,FALSE,,6/30/26,,,Not published,,,,,,,,,,,,,,,,,,,
,Family Storytime,"Join Librarian Juliana on Saturdays from 10:30-11 AM at Mitchell Park Library for Family Storytime! Come sing, rhyme, and read stories with us!
 
 Make sure to follow us on YouTube for more stories, songs and rhymes, including...",,,Mitchell Park Library,,"3700 Middlefield Rd, Palo Alto, CA 94303",Palo Alto,9/26/2026,10:30am to 11:00am,,,"0-2, 2-5",0–5,Stories,Stories,Free,https://paloalto.bibliocommons.com/events/uploads/images/full/6651c0e2572ecc9e52cf43d7ad6507b4/MicrosoftTeams-image.png,https://paloalto.bibliocommons.com/events/698e125a2a787a47a5e73be3,,,,FALSE,FALSE,,6/30/26,,,Not published,,,,,,,,,,,,,,,,,,,
,Family Storytime,"Join Librarian Jennifer (and Rocky Raccoon) on Tuesdays at 10:30 AM for Family Storytime at Children's Library! Come sing, rhyme, and read stories with us! While this storytime will be geared towards those older than 2 years, all ages...",,,Children's Library,,"1276 Harriet St, Palo Alto, CA 94301",Palo Alto,9/29/2026,10:30am to 11:00am,,,2-5,2-5,Stories,Stories,Free,https://paloalto.bibliocommons.com/events/uploads/images/full/2ac0887856e00e5bd4e64b48d911a089/storytime.png,https://paloalto.bibliocommons.com/events/699f624cb0595799c09f604f,,,,FALSE,FALSE,,6/30/26,,,Not published,,,,,,,,,,,,,,,,,,,
,LEGO Tuesdays!,"We have the LEGOs! Bring your imagination and build something fun! LEGOs will stay at the library, so be sure to snap a pic of your creation!
 
 In addition to being a great way to introduce the engineering and art concepts of STEAM,...",,,Downtown Library,,"270 Forest Ave, Palo Alto, CA 94301",Palo Alto,9/29/2026,4:00pm to 5:00pm,,,"0-2, 2-5",0–5,Build & Explore,Build & Explore,Free,https://paloalto.bibliocommons.com/events/uploads/images/full/fe6ca78286cf56c8ccfd4045df9f1a33/lego-blocks-2458575_1280.jpg,https://paloalto.bibliocommons.com/events/68afa7b0022de53d00d2717a,,,,FALSE,FALSE,,6/30/26,,,Not published,,,,,,,,,,,,,,,,,,,
,Little Ones Storytime,"Join Librarian Heidi on Wednesday mornings at 10:30AM for Little Ones Storytime at Children's Library.

Storytime includes a variety of early literacy activities such as stories, songs, rhymes, and movement activities. Storytime is a fun and interactive experience for the whole family that promotes the joys of reading and learning for all ages. This program is targeted to children under the age of two and their caregivers.",,,Children's Library,,"1276 Harriet St, Palo Alto, CA 94301",Palo Alto,9/30/2026,10:30am to 11:00am,,,0-2,0-2,Stories,Stories,Free,https://paloalto.bibliocommons.com/events/uploads/images/full/ce0fac3af4e0e23edef62841315af0a3/storytime_890x445-670x335.png,https://paloalto.bibliocommons.com/events/6946001eea69de6e001069b1,,,,FALSE,FALSE,,6/30/26,,,Not published,,,,,,,,,,,,,,,,,,,
,Music & Movement,"Bring your dancing feet to the Mitchell Park Library on Wednesday evenings for Music & Movement with Librarian Celina. Build early literacy skills through movement, songs, and dance.

Instruments, songs, and dance moves will all be introduced so that everyone will be able to enjoy moving along to the music.",,,Mitchell Park Library,,"3700 Middlefield Rd, Palo Alto, CA 94303",Palo Alto,9/30/2026,6:30pm to 7:15pm,,,"0-2, 2-5",0–5,Music & Movement,Music & Movement,Free,https://paloalto.bibliocommons.com/events/uploads/images/full/96447a50e9a5659c33eba8e34ca1123f/BibliocommonsbannerCropsbc(2).png,https://paloalto.bibliocommons.com/events/6a3dbc0bfddb082f00fe149e,,,,FALSE,FALSE,,6/30/26,,,Not published,,,,,,,,,,,,,,,,,,,
,Bilingual Spanish Family Storytime / Hora de cuentos bilingüe para familias,"Join us for stories, songs, and movement in Spanish and English on Tuesday mornings at 10:30 AM! This program is designed for children up to age 5 and their caregivers, and will be held indoors in the Orchard Room.
 
 ¡Venga a la biblioteca...",,,Los Altos Library,,"13 S. San Antonio Road, Los Altos, CA 94022",Los Altos,6/30/2026,10:30am to 11:00am,,,"0-2, 2-5, 5+",All ages,Stories,Stories,Free,https://sccl.bibliocommons.com/events/uploads/images/full/0843753b121ce38b9c23bf54bbc99b14/BilingualStoryTimeBiblioBanner-gc.png,https://sccl.bibliocommons.com/events/69b835d42866a5b488426bfa,,,,FALSE,FALSE,,6/30/26,,,Not published,,,,,,,,,,,,,,,,,,,
,Bilingual Mandarin Family Storytime / 中英雙語故事時間,"Join us for a fun-filled storytime featuring movement, singing, and action! These 30-minute sessions focus on early literacy by sharing stories and songs in both English and Mandarin Chinese.

歡迎小朋友來到故事時間，這是以半小時的雙中英語故事書, 兒歌, 手指謠, 玩遊戲為特色的内容。歡迎兒童們與家長褓母一同前來參加。",,,Los Altos Library,,"13 S. San Antonio Road, Los Altos, CA 94022",Los Altos,6/30/2026,1:00pm to 1:30pm,,,"0-2, 2-5, 5+",All ages,Stories,Stories,Free,https://sccl.bibliocommons.com/events/uploads/images/full/9789d6ae7a5db8da406ba9e1d3837e1e/Early Learning & Storytime.jpg,https://sccl.bibliocommons.com/events/69b835d281b67dfe32acec78,,,,FALSE,FALSE,,6/30/26,,,Not published,,,,,,,,,,,,,,,,,,,
,Toddler Storytime,"Join the Children's Librarians for a fun, interactive 25-minute toddler storytime for early walkers, 1s, and 2s in the Orchard Room on Wednesday and Thursday mornings. Storytimes will be filled with stories, music, and fun activities!

Due to limited space, we will begin handing out free tickets starting at 10 a.m. We look forward to seeing you there!",,,Los Altos Library,,"13 S. San Antonio Road, Los Altos, CA 94022",Los Altos,7/1/2026,10:30am to 11:00am,,,"0-2, 2-5, 5+",All ages,Stories,Stories,Free,https://sccl.bibliocommons.com/events/uploads/images/full/9789d6ae7a5db8da406ba9e1d3837e1e/Early Learning & Storytime.jpg,https://sccl.bibliocommons.com/events/69b835c4b48451fc3c094428,,,,FALSE,FALSE,,6/30/26,,,Not published,,,,,,,,,,,,,,,,,,,
,Baby Storytime & Stay and Play,"Come join the fun every Wednesday for Baby Storytime & Stay and Play at the Los Altos Library!
 
 We invite all non-walking babies (ages 0-1) and their amazing caregivers to jump into an interactive 20 minutes of:
 
 Catchy Songs & Silly Rhymes...",,,Los Altos Library,,"13 S. San Antonio Road, Los Altos, CA 94022",Los Altos,7/1/2026,1:00pm to 2:00pm,,,0-2,0-2,Stories,Stories,Free,https://sccl.bibliocommons.com/events/uploads/images/full/9789d6ae7a5db8da406ba9e1d3837e1e/Early Learning & Storytime.jpg,https://sccl.bibliocommons.com/events/69b835bdb48451fc3c094412,,,,FALSE,FALSE,,6/30/26,,,Not published,,,,,,,,,,,,,,,,,,,
,"Summer 2026 Plant a Seed, Read: Puppet Art Theater","Puppet Art Theater presents Jack and the Beanstalk! Jack has traded his cow for magic wishing beans much to his mother's dismay. In frustration, Jack's mom tosses the beans out the window where they grow into a huge beanstalk. Up the...",,,Los Altos Library,,"13 S. San Antonio Road, Los Altos, CA 94022",Los Altos,7/1/2026,3:30pm to 4:30pm,,,"0-2, 2-5, 5+",All ages,Stories,Stories,Free,https://sccl.bibliocommons.com/events/uploads/images/full/d3c01ce061370cdb682b7275c35fd7a3/SummerReadingBiblioEvent(760x230px).png,https://sccl.bibliocommons.com/events/69f28d7bdeee9abd8ee9635b,,,,FALSE,FALSE,,6/30/26,,,Not published,,,,,,,,,,,,,,,,,,,
,"Summer 2026 Plant a Seed, Read: Puppet Art Theater","Puppet Art Theater presents Jack and the Beanstalk! Jack has traded his cow for magic wishing beans much to his mother's dismay. In frustration, Jack's mom tosses the beans out the window where they grow into a huge beanstalk. Up the...",,,Los Altos Library,,"13 S. San Antonio Road, Los Altos, CA 94022",Los Altos,7/1/2026,4:30pm to 5:30pm,,,"0-2, 2-5, 5+",All ages,Stories,Stories,Free,https://sccl.bibliocommons.com/events/uploads/images/full/d3c01ce061370cdb682b7275c35fd7a3/SummerReadingBiblioEvent(760x230px).png,https://sccl.bibliocommons.com/events/69f28d7bdeee9abd8ee9635c,,,,FALSE,FALSE,,6/30/26,,,Not published,,,,,,,,,,,,,,,,,,,
,Toddler Storytime,"Join the Children's Librarians for a fun, interactive 25-minute toddler storytime for early walkers, 1s, and 2s in the Orchard Room on Wednesday and Thursday mornings. Storytimes will be filled with stories, music, and fun activities!

Due to limited space, we will begin handing out free tickets starting at 10 a.m. We look forward to seeing you there!",,,Los Altos Library,,"13 S. San Antonio Road, Los Altos, CA 94022",Los Altos,7/2/2026,10:30am to 11:00am,,,"0-2, 2-5, 5+",All ages,Stories,Stories,Free,https://sccl.bibliocommons.com/events/uploads/images/full/9789d6ae7a5db8da406ba9e1d3837e1e/Early Learning & Storytime.jpg,https://sccl.bibliocommons.com/events/69b835bbb48451fc3c094400,,,,FALSE,FALSE,,6/30/26,,,Not published,,,,,,,,,,,,,,,,,,,
,Preschool Storytime,"Join us for stories, music, movement and more at our preschool storytime in the Orchard Room on Thursday afternoons at 3:30 p.m.
 
Preschool storytime is suitable for children 3-5 and their caregivers.
",,,Los Altos Library,,"13 S. San Antonio Road, Los Altos, CA 94022",Los Altos,7/2/2026,3:30pm to 4:00pm,,,2-5,2-5,Stories,Stories,Free,https://sccl.bibliocommons.com/events/uploads/images/full/9789d6ae7a5db8da406ba9e1d3837e1e/Early Learning & Storytime.jpg,https://sccl.bibliocommons.com/events/69b835b92866a5b488426bd3,,,,FALSE,FALSE,,6/30/26,,,Not published,,,,,,,,,,,,,,,,,,,
,Cult Movie: Sunday Matinee Movies,"Join us for the 30th anniversary of the Muppet Treasure Island movie.
 
It's a rollicking and irreverent musical romp with Kermit, Miss Piggy, and all of the muppet gang -- with the welcome addition of Tim Curry as the dread pirate Long John...",,,Los Altos Library,,"13 S. San Antonio Road, Los Altos, CA 94022",Los Altos,7/5/2026,2:00pm to 4:00pm,,,"0-2, 2-5, 5+",All ages,Other,Other,Free,https://sccl.bibliocommons.com/events/uploads/images/full/4b7ff6df09ad107d8567268a5e6c3e87/Entertainment & Recreation.jpg,https://sccl.bibliocommons.com/events/6a345d51c7d3cd58006151b2,,,,FALSE,FALSE,,6/30/26,,,Not published,,,,,,,,,,,,,,,,,,,
,Bilingual Spanish Family Storytime / Hora de cuentos bilingüe para familias,"Join us for stories, songs, and movement in Spanish and English on Tuesday mornings at 10:30 AM! This program is designed for children up to age 5 and their caregivers, and will be held indoors in the Orchard Room.
 
 ¡Venga a la biblioteca...",,,Los Altos Library,,"13 S. San Antonio Road, Los Altos, CA 94022",Los Altos,7/7/2026,10:30am to 11:00am,,,"0-2, 2-5, 5+",All ages,Stories,Stories,Free,https://sccl.bibliocommons.com/events/uploads/images/full/0843753b121ce38b9c23bf54bbc99b14/BilingualStoryTimeBiblioBanner-gc.png,https://sccl.bibliocommons.com/events/69b835d42866a5b488426bfb,,,,FALSE,FALSE,,6/30/26,,,Not published,,,,,,,,,,,,,,,,,,,
,Bilingual Mandarin Family Storytime / 中英雙語故事時間,"Join us for a fun-filled storytime featuring movement, singing, and action! These 30-minute sessions focus on early literacy by sharing stories and songs in both English and Mandarin Chinese.

歡迎小朋友來到故事時間，這是以半小時的雙中英語故事書, 兒歌, 手指謠, 玩遊戲為特色的内容。歡迎兒童們與家長褓母一同前來參加。",,,Los Altos Library,,"13 S. San Antonio Road, Los Altos, CA 94022",Los Altos,7/7/2026,1:00pm to 1:30pm,,,"0-2, 2-5, 5+",All ages,Stories,Stories,Free,https://sccl.bibliocommons.com/events/uploads/images/full/9789d6ae7a5db8da406ba9e1d3837e1e/Early Learning & Storytime.jpg,https://sccl.bibliocommons.com/events/69b835d281b67dfe32acec79,,,,FALSE,FALSE,,6/30/26,,,Not published,,,,,,,,,,,,,,,,,,,
,Toddler Storytime,"Join the Children's Librarians for a fun, interactive 25-minute toddler storytime for early walkers, 1s, and 2s in the Orchard Room on Wednesday and Thursday mornings. Storytimes will be filled with stories, music, and fun activities!

Due to limited space, we will begin handing out free tickets starting at 10 a.m. We look forward to seeing you there!",,,Los Altos Library,,"13 S. San Antonio Road, Los Altos, CA 94022",Los Altos,7/8/2026,10:30am to 11:00am,,,"0-2, 2-5, 5+",All ages,Stories,Stories,Free,https://sccl.bibliocommons.com/events/uploads/images/full/9789d6ae7a5db8da406ba9e1d3837e1e/Early Learning & Storytime.jpg,https://sccl.bibliocommons.com/events/69b835c4b48451fc3c094429,,,,FALSE,FALSE,,6/30/26,,,Not published,,,,,,,,,,,,,,,,,,,
,Baby Storytime & Stay and Play,"Come join the fun every Wednesday for Baby Storytime & Stay and Play at the Los Altos Library!
 
 We invite all non-walking babies (ages 0-1) and their amazing caregivers to jump into an interactive 20 minutes of:
 
 Catchy Songs & Silly Rhymes...",,,Los Altos Library,,"13 S. San Antonio Road, Los Altos, CA 94022",Los Altos,7/8/2026,1:00pm to 2:00pm,,,0-2,0-2,Stories,Stories,Free,https://sccl.bibliocommons.com/events/uploads/images/full/9789d6ae7a5db8da406ba9e1d3837e1e/Early Learning & Storytime.jpg,https://sccl.bibliocommons.com/events/69b835bdb48451fc3c094413,,,,FALSE,FALSE,,6/30/26,,,Not published,,,,,,,,,,,,,,,,,,,
,"Summer 2026 Plant a Seed, Read: Make-a-Book-Bag Craft","A Los Altos Library children's summer tradition! Ready for some creativity? Drop-in at this fun event where we will decorate book bags to take home. We will provide the bags, felt die-cut pieces, stencils, and markers. Then use...",,,Los Altos Library,,"13 S. San Antonio Road, Los Altos, CA 94022",Los Altos,7/8/2026,3:30pm to 5:30pm,,,"0-2, 2-5, 5+",All ages,"Arts & Crafts, Build & Explore","Arts & Crafts, Build & Explore",Free,https://sccl.bibliocommons.com/events/uploads/images/full/d3c01ce061370cdb682b7275c35fd7a3/SummerReadingBiblioEvent(760x230px).png,https://sccl.bibliocommons.com/events/69f14cd1762d19c7d51075a7,,,,FALSE,FALSE,,6/30/26,,,Not published,,,,,,,,,,,,,,,,,,,
,Toddler Storytime,"Join the Children's Librarians for a fun, interactive 25-minute toddler storytime for early walkers, 1s, and 2s in the Orchard Room on Wednesday and Thursday mornings. Storytimes will be filled with stories, music, and fun activities!

Due to limited space, we will begin handing out free tickets starting at 10 a.m. We look forward to seeing you there!",,,Los Altos Library,,"13 S. San Antonio Road, Los Altos, CA 94022",Los Altos,7/9/2026,10:30am to 11:00am,,,"0-2, 2-5, 5+",All ages,Stories,Stories,Free,https://sccl.bibliocommons.com/events/uploads/images/full/9789d6ae7a5db8da406ba9e1d3837e1e/Early Learning & Storytime.jpg,https://sccl.bibliocommons.com/events/69b835bbb48451fc3c094401,,,,FALSE,FALSE,,6/30/26,,,Not published,,,,,,,,,,,,,,,,,,,
,Preschool Storytime,"Join us for stories, music, movement and more at our preschool storytime in the Orchard Room on Thursday afternoons at 3:30 p.m.
 
Preschool storytime is suitable for children 3-5 and their caregivers.",,,Los Altos Library,,"13 S. San Antonio Road, Los Altos, CA 94022",Los Altos,7/9/2026,3:30pm to 4:00pm,,,2-5,2-5,Stories,Stories,Free,https://sccl.bibliocommons.com/events/uploads/images/full/9789d6ae7a5db8da406ba9e1d3837e1e/Early Learning & Storytime.jpg,https://sccl.bibliocommons.com/events/69b835b92866a5b488426bd4,,,,FALSE,FALSE,,6/30/26,,,Not published,,,,,,,,,,,,,,,,,,,
,"Stars, Stripes, and Stories","Hi friends!
 
 Join us for our fun Stars, Stripes, and Stories, a special storytime filled with stories, songs, and fingerplays that spark giggles, wiggles, and wonder!
 
 Perfect for children 0-5 and their families.
 
 This fun and engaging...",,,Woodland Branch Library,,,,7/12/2026,11:30am to 12:00pm,,,"0-2, 2-5, 5+",All ages,Stories,Stories,Free,https://sccl.bibliocommons.com/events/uploads/images/full/ce80687b2e47ee546f80e01f282a9a24/Headers.png,https://sccl.bibliocommons.com/events/6a2f1d25c7d3cd58006061c0,,,,FALSE,FALSE,,6/30/26,,,Not published,,,,,,,,,,,,,,,,,,,
,Board Game Sunday!,"Everyone is invited to play board games!
 
 Join us on the second Sunday of the month from 2:00 PM to 3:30 PM.
 
 We have board games for all ages: adults, teens, and children.
 
 Come with friends & family!
 
 (The room closes at 3:30 PM, so...",,,Los Altos Library,,"13 S. San Antonio Road, Los Altos, CA 94022",Los Altos,7/12/2026,2:00pm to 3:30pm,,,"0-2, 2-5, 5+",All ages,Build & Explore,Build & Explore,Free,https://sccl.bibliocommons.com/events/uploads/images/full/f00ce3e9afd5f0b0c0a1198e0b2103aa/kssboardgame;Header(1).png,https://sccl.bibliocommons.com/events/6970253094297d3600a66c9f,,,,FALSE,FALSE,,6/30/26,,,Not published,,,,,,,,,,,,,,,,,,,
,Bilingual Spanish Family Storytime / Hora de cuentos bilingüe para familias,"Join us for stories, songs, and movement in Spanish and English on Tuesday mornings at 10:30 AM! This program is designed for children up to age 5 and their caregivers, and will be held indoors in the Orchard Room.
 
 ¡Venga a la biblioteca...",,,Los Altos Library,,"13 S. San Antonio Road, Los Altos, CA 94022",Los Altos,7/14/2026,10:30am to 11:00am,,,"0-2, 2-5, 5+",All ages,Stories,Stories,Free,https://sccl.bibliocommons.com/events/uploads/images/full/0843753b121ce38b9c23bf54bbc99b14/BilingualStoryTimeBiblioBanner-gc.png,https://sccl.bibliocommons.com/events/69b835d42866a5b488426bfc,,,,FALSE,FALSE,,6/30/26,,,Not published,,,,,,,,,,,,,,,,,,,
,Bilingual Mandarin Family Storytime / 中英雙語故事時間,"Join us for a fun-filled storytime featuring movement, singing, and action! These 30-minute sessions focus on early literacy by sharing stories and songs in both English and Mandarin Chinese.

歡迎小朋友來到故事時間，這是以半小時的雙中英語故事書, 兒歌, 手指謠, 玩遊戲為特色的内容。歡迎兒童們與家長褓母一同前來參加。",,,Los Altos Library,,"13 S. San Antonio Road, Los Altos, CA 94022",Los Altos,7/14/2026,1:00pm to 1:30pm,,,"0-2, 2-5, 5+",All ages,Stories,Stories,Free,https://sccl.bibliocommons.com/events/uploads/images/full/9789d6ae7a5db8da406ba9e1d3837e1e/Early Learning & Storytime.jpg,https://sccl.bibliocommons.com/events/69b835d281b67dfe32acec7a,,,,FALSE,FALSE,,6/30/26,,,Not published,,,,,,,,,,,,,,,,,,,
,Toddler Storytime,"Join the Children's Librarians for a fun, interactive 25-minute toddler storytime for early walkers, 1s, and 2s in the Orchard Room on Wednesday and Thursday mornings. Storytimes will be filled with stories, music, and fun activities!

Due to limited space, we will begin handing out free tickets starting at 10 a.m. We look forward to seeing you there!",,,Los Altos Library,,"13 S. San Antonio Road, Los Altos, CA 94022",Los Altos,7/15/2026,10:30am to 11:00am,,,"0-2, 2-5, 5+",All ages,Stories,Stories,Free,https://sccl.bibliocommons.com/events/uploads/images/full/9789d6ae7a5db8da406ba9e1d3837e1e/Early Learning & Storytime.jpg,https://sccl.bibliocommons.com/events/69b835c4b48451fc3c09442a,,,,FALSE,FALSE,,6/30/26,,,Not published,,,,,,,,,,,,,,,,,,,
,Baby Storytime & Stay and Play,"Come join the fun every Wednesday for Baby Storytime & Stay and Play at the Los Altos Library!
 
 We invite all non-walking babies (ages 0-1) and their amazing caregivers to jump into an interactive 20 minutes of:
 
 Catchy Songs & Silly Rhymes...",,,Los Altos Library,,"13 S. San Antonio Road, Los Altos, CA 94022",Los Altos,7/15/2026,1:00pm to 2:00pm,,,0-2,0-2,Stories,Stories,Free,https://sccl.bibliocommons.com/events/uploads/images/full/9789d6ae7a5db8da406ba9e1d3837e1e/Early Learning & Storytime.jpg,https://sccl.bibliocommons.com/events/69b835bdb48451fc3c094414,,,,FALSE,FALSE,,6/30/26,,,Not published,,,,,,,,,,,,,,,,,,,
,"Summer 2026 Plant a Seed, Read: Mike Della Penna Magic","Ready for some magic? Magician Mike Della Penna is bringing wonder and laughter to the library! His magic shows are equal parts playful and astonishing. Celebrate the magic of reading with this fun, funny, and highly participatory magic...",,,Los Altos Library,,"13 S. San Antonio Road, Los Altos, CA 94022",Los Altos,7/15/2026,3:30pm to 4:30pm,,,"0-2, 2-5, 5+",All ages,Stories,Stories,Free,https://sccl.bibliocommons.com/events/uploads/images/full/d3c01ce061370cdb682b7275c35fd7a3/SummerReadingBiblioEvent(760x230px).png,https://sccl.bibliocommons.com/events/69d6a8952866a5b488474e4c,,,,FALSE,FALSE,,6/30/26,,,Not published,,,,,,,,,,,,,,,,,,,
,"Summer 2026 Plant a Seed, Read: Mike Della Penna Magic","Ready for some magic? Magician Mike Della Penna is bringing wonder and laughter to the library! His magic shows are equal parts playful and astonishing. Celebrate the magic of reading with this fun, funny, and highly participatory magic...",,,Los Altos Library,,"13 S. San Antonio Road, Los Altos, CA 94022",Los Altos,7/15/2026,4:30pm to 5:30pm,,,"0-2, 2-5, 5+",All ages,Stories,Stories,Free,https://sccl.bibliocommons.com/events/uploads/images/full/d3c01ce061370cdb682b7275c35fd7a3/SummerReadingBiblioEvent(760x230px).png,https://sccl.bibliocommons.com/events/69d6a8952866a5b488474e4d,,,,FALSE,FALSE,,6/30/26,,,Not published,,,,,,,,,,,,,,,,,,,
,Toddler Storytime,"Join the Children's Librarians for a fun, interactive 25-minute toddler storytime for early walkers, 1s, and 2s in the Orchard Room on Wednesday and Thursday mornings. Storytimes will be filled with stories, music, and fun activities!

Due to limited space, we will begin handing out free tickets starting at 10 a.m. We look forward to seeing you there!",,,Los Altos Library,,"13 S. San Antonio Road, Los Altos, CA 94022",Los Altos,7/16/2026,10:30am to 11:00am,,,"0-2, 2-5, 5+",All ages,Stories,Stories,Free,https://sccl.bibliocommons.com/events/uploads/images/full/9789d6ae7a5db8da406ba9e1d3837e1e/Early Learning & Storytime.jpg,https://sccl.bibliocommons.com/events/69b835bbb48451fc3c094402,,,,FALSE,FALSE,,6/30/26,,,Not published,,,,,,,,,,,,,,,,,,,
,Preschool Storytime,"Join us for stories, music, movement and more at our preschool storytime in the Orchard Room on Thursday afternoons at 3:30 p.m.
 
Preschool storytime is suitable for children 3-5 and their caregivers.
",,,Los Altos Library,,"13 S. San Antonio Road, Los Altos, CA 94022",Los Altos,7/16/2026,3:30pm to 4:00pm,,,2-5,2-5,Stories,Stories,Free,https://sccl.bibliocommons.com/events/uploads/images/full/9789d6ae7a5db8da406ba9e1d3837e1e/Early Learning & Storytime.jpg,https://sccl.bibliocommons.com/events/69b835b92866a5b488426bd5,,,,FALSE,FALSE,,6/30/26,,,Not published,,,,,,,,,,,,,,,,,,,
,Bay Area Games Day,"Come learn how to play a new board game, or bring an old favorite! Bay Area Games Day is a full day of convention-style open gaming that has been happening at the library since 1998. We play mostly more recent hobbyist games, but also...",,,Los Altos Library,,"13 S. San Antonio Road, Los Altos, CA 94022",Los Altos,7/18/2026,10:00am to 8:00pm,,,"0-2, 2-5, 5+",All ages,Build & Explore,Build & Explore,Free,https://sccl.bibliocommons.com/events/uploads/images/full/4b7ff6df09ad107d8567268a5e6c3e87/Entertainment & Recreation.jpg,https://sccl.bibliocommons.com/events/6961562d8b29ea2800c880a4,,,,FALSE,FALSE,,6/30/26,,,Not published,,,,,,,,,,,,,,,,,,,
,Sunday CrafterNoon,"All-ages arts and crafts!
 
 Adults, teens, and kids -- join us for an afternoon of relaxed crafting on the third Sunday of the month.
 
 Supplies are provided for you to explore a surprise art activity.
 
 This craft is self-directed;...",,,Los Altos Library,,"13 S. San Antonio Road, Los Altos, CA 94022",Los Altos,7/19/2026,2:00pm to 3:30pm,,,"0-2, 2-5, 5+",All ages,"Arts & Crafts, Build & Explore","Arts & Crafts, Build & Explore",Free,https://sccl.bibliocommons.com/events/uploads/images/full/e954fbc9cc6ec9f37195d54009d75fc7/kssCrafterNoon;Header(760x230px).png,https://sccl.bibliocommons.com/events/697025281e64afd01e559e36,,,,FALSE,FALSE,,6/30/26,,,Not published,,,,,,,,,,,,,,,,,,,
,Bilingual Spanish Family Storytime / Hora de cuentos bilingüe para familias,"Join us for stories, songs, and movement in Spanish and English on Tuesday mornings at 10:30 AM! This program is designed for children up to age 5 and their caregivers, and will be held indoors in the Orchard Room.
 
 ¡Venga a la biblioteca...",,,Los Altos Library,,"13 S. San Antonio Road, Los Altos, CA 94022",Los Altos,7/21/2026,10:30am to 11:00am,,,"0-2, 2-5, 5+",All ages,Stories,Stories,Free,https://sccl.bibliocommons.com/events/uploads/images/full/0843753b121ce38b9c23bf54bbc99b14/BilingualStoryTimeBiblioBanner-gc.png,https://sccl.bibliocommons.com/events/69b835d42866a5b488426bfd,,,,FALSE,FALSE,,6/30/26,,,Not published,,,,,,,,,,,,,,,,,,,
,Bilingual Mandarin Family Storytime / 中英雙語故事時間,"Join us for a fun-filled storytime featuring movement, singing, and action! These 30-minute sessions focus on early literacy by sharing stories and songs in both English and Mandarin Chinese.

歡迎小朋友來到故事時間，這是以半小時的雙中英語故事書, 兒歌, 手指謠, 玩遊戲為特色的内容。歡迎兒童們與家長褓母一同前來參加。",,,Los Altos Library,,"13 S. San Antonio Road, Los Altos, CA 94022",Los Altos,7/21/2026,1:00pm to 1:30pm,,,"0-2, 2-5, 5+",All ages,Stories,Stories,Free,https://sccl.bibliocommons.com/events/uploads/images/full/9789d6ae7a5db8da406ba9e1d3837e1e/Early Learning & Storytime.jpg,https://sccl.bibliocommons.com/events/69b835d281b67dfe32acec7b,,,,FALSE,FALSE,,6/30/26,,,Not published,,,,,,,,,,,,,,,,,,,
,Toddler Storytime,"Join the Children's Librarians for a fun, interactive 25-minute toddler storytime for early walkers, 1s, and 2s in the Orchard Room on Wednesday and Thursday mornings. Storytimes will be filled with stories, music, and fun activities!

Due to limited space, we will begin handing out free tickets starting at 10 a.m. We look forward to seeing you there!",,,Los Altos Library,,"13 S. San Antonio Road, Los Altos, CA 94022",Los Altos,7/22/2026,10:30am to 11:00am,,,"0-2, 2-5, 5+",All ages,Stories,Stories,Free,https://sccl.bibliocommons.com/events/uploads/images/full/9789d6ae7a5db8da406ba9e1d3837e1e/Early Learning & Storytime.jpg,https://sccl.bibliocommons.com/events/69b835c4b48451fc3c09442b,,,,FALSE,FALSE,,6/30/26,,,Not published,,,,,,,,,,,,,,,,,,,
,Baby Storytime & Stay and Play,"Come join the fun every Wednesday for Baby Storytime & Stay and Play at the Los Altos Library!
 
 We invite all non-walking babies (ages 0-1) and their amazing caregivers to jump into an interactive 20 minutes of:
 
 Catchy Songs & Silly Rhymes...",,,Los Altos Library,,"13 S. San Antonio Road, Los Altos, CA 94022",Los Altos,7/22/2026,1:00pm to 2:00pm,,,0-2,0-2,Stories,Stories,Free,https://sccl.bibliocommons.com/events/uploads/images/full/9789d6ae7a5db8da406ba9e1d3837e1e/Early Learning & Storytime.jpg,https://sccl.bibliocommons.com/events/69b835bdb48451fc3c094415,,,,FALSE,FALSE,,6/30/26,,,Not published,,,,,,,,,,,,,,,,,,,
,"Summer 2026 Plant a Seed, Read: Cascada de Flores",Join us for a special performance from bilingual performers Cascada de Flores. Cascada de Flores transports audiences on a humorous and joyous journey through the heart of Latin America. They will be performing their story: El Brujo y la...,,,Los Altos Library,,"13 S. San Antonio Road, Los Altos, CA 94022",Los Altos,7/22/2026,3:30pm to 4:30pm,,,"0-2, 2-5, 5+",All ages,Other,Other,Free,https://sccl.bibliocommons.com/events/uploads/images/full/d3c01ce061370cdb682b7275c35fd7a3/SummerReadingBiblioEvent(760x230px).png,https://sccl.bibliocommons.com/events/69eaa25edeee9abd8ee8c6ff,,,,FALSE,FALSE,,6/30/26,,,Not published,,,,,,,,,,,,,,,,,,,
,"Summer 2026 Plant a Seed, Read: Cascada de Flores",Join us for a special performance from bilingual performers Cascada de Flores. Cascada de Flores transports audiences on a humorous and joyous journey through the heart of Latin America. They will be performing their story: El Brujo y la...,,,Los Altos Library,,"13 S. San Antonio Road, Los Altos, CA 94022",Los Altos,7/22/2026,4:30pm to 5:30pm,,,"0-2, 2-5, 5+",All ages,Other,Other,Free,https://sccl.bibliocommons.com/events/uploads/images/full/d3c01ce061370cdb682b7275c35fd7a3/SummerReadingBiblioEvent(760x230px).png,https://sccl.bibliocommons.com/events/69eaa25edeee9abd8ee8c700,,,,FALSE,FALSE,,6/30/26,,,Not published,,,,,,,,,,,,,,,,,,,
,Toddler Storytime,"Join the Children's Librarians for a fun, interactive 25-minute toddler storytime for early walkers, 1s, and 2s in the Orchard Room on Wednesday and Thursday mornings. Storytimes will be filled with stories, music, and fun activities!

Due to limited space, we will begin handing out free tickets starting at 10 a.m. We look forward to seeing you there!",,,Los Altos Library,,"13 S. San Antonio Road, Los Altos, CA 94022",Los Altos,7/23/2026,10:30am to 11:00am,,,"0-2, 2-5, 5+",All ages,Stories,Stories,Free,https://sccl.bibliocommons.com/events/uploads/images/full/9789d6ae7a5db8da406ba9e1d3837e1e/Early Learning & Storytime.jpg,https://sccl.bibliocommons.com/events/69b835bbb48451fc3c094403,,,,FALSE,FALSE,,6/30/26,,,Not published,,,,,,,,,,,,,,,,,,,
,Preschool Storytime,"Join us for stories, music, movement and more at our preschool storytime in the Orchard Room on Thursday afternoons at 3:30 p.m.
 
Preschool storytime is suitable for children 3-5 and their caregivers.
",,,Los Altos Library,,"13 S. San Antonio Road, Los Altos, CA 94022",Los Altos,7/23/2026,3:30pm to 4:00pm,,,2-5,2-5,Stories,Stories,Free,https://sccl.bibliocommons.com/events/uploads/images/full/9789d6ae7a5db8da406ba9e1d3837e1e/Early Learning & Storytime.jpg,https://sccl.bibliocommons.com/events/69b835b92866a5b488426bd6,,,,FALSE,FALSE,,6/30/26,,,Not published,,,,,,,,,,,,,,,,,,,
,Bilingual Spanish Family Storytime / Hora de cuentos bilingüe para familias,"Join us for stories, songs, and movement in Spanish and English on Tuesday mornings at 10:30 AM! This program is designed for children up to age 5 and their caregivers, and will be held indoors in the Orchard Room.
 
 ¡Venga a la biblioteca...",,,Los Altos Library,,"13 S. San Antonio Road, Los Altos, CA 94022",Los Altos,7/28/2026,10:30am to 11:00am,,,"0-2, 2-5, 5+",All ages,Stories,Stories,Free,https://sccl.bibliocommons.com/events/uploads/images/full/0843753b121ce38b9c23bf54bbc99b14/BilingualStoryTimeBiblioBanner-gc.png,https://sccl.bibliocommons.com/events/69b835d42866a5b488426bfe,,,,FALSE,FALSE,,6/30/26,,,Not published,,,,,,,,,,,,,,,,,,,
,Bilingual Mandarin Family Storytime / 中英雙語故事時間,"Join us for a fun-filled storytime featuring movement, singing, and action! These 30-minute sessions focus on early literacy by sharing stories and songs in both English and Mandarin Chinese.

歡迎小朋友來到故事時間，這是以半小時的雙中英語故事書, 兒歌, 手指謠, 玩遊戲為特色的内容。歡迎兒童們與家長褓母一同前來參加。",,,Los Altos Library,,"13 S. San Antonio Road, Los Altos, CA 94022",Los Altos,7/28/2026,1:00pm to 1:30pm,,,"0-2, 2-5, 5+",All ages,Stories,Stories,Free,https://sccl.bibliocommons.com/events/uploads/images/full/9789d6ae7a5db8da406ba9e1d3837e1e/Early Learning & Storytime.jpg,https://sccl.bibliocommons.com/events/69b835d281b67dfe32acec7c,,,,FALSE,FALSE,,6/30/26,,,Not published,,,,,,,,,,,,,,,,,,,
,Toddler Storytime,"Join the Children's Librarians for a fun, interactive 25-minute toddler storytime for early walkers, 1s, and 2s in the Orchard Room on Wednesday and Thursday mornings. Storytimes will be filled with stories, music, and fun activities!

Due to limited space, we will begin handing out free tickets starting at 10 a.m. We look forward to seeing you there!",,,Los Altos Library,,"13 S. San Antonio Road, Los Altos, CA 94022",Los Altos,7/29/2026,10:30am to 11:00am,,,"0-2, 2-5, 5+",All ages,Stories,Stories,Free,https://sccl.bibliocommons.com/events/uploads/images/full/9789d6ae7a5db8da406ba9e1d3837e1e/Early Learning & Storytime.jpg,https://sccl.bibliocommons.com/events/69b835c4b48451fc3c09442c,,,,FALSE,FALSE,,6/30/26,,,Not published,,,,,,,,,,,,,,,,,,,
,Baby Storytime & Stay and Play,"Come join the fun every Wednesday for Baby Storytime & Stay and Play at the Los Altos Library!
 
 We invite all non-walking babies (ages 0-1) and their amazing caregivers to jump into an interactive 20 minutes of:
 
 Catchy Songs & Silly Rhymes...",,,Los Altos Library,,"13 S. San Antonio Road, Los Altos, CA 94022",Los Altos,7/29/2026,1:00pm to 2:00pm,,,0-2,0-2,Stories,Stories,Free,https://sccl.bibliocommons.com/events/uploads/images/full/9789d6ae7a5db8da406ba9e1d3837e1e/Early Learning & Storytime.jpg,https://sccl.bibliocommons.com/events/69b835bdb48451fc3c094416,,,,FALSE,FALSE,,6/30/26,,,Not published,,,,,,,,,,,,,,,,,,,
,"Summer 2026 Plant a Seed, Read: Wildmind Science","Beautiful and fascinating wildlife live in the fields and forests surrounding our cities and suburbs. You will gain an insight into the secret lives of these intelligent and ecologically important animals with a visit from a live grey fox,...",,,Los Altos Library,,"13 S. San Antonio Road, Los Altos, CA 94022",Los Altos,7/29/2026,3:30pm to 4:30pm,,,"0-2, 2-5, 5+",All ages,"Build & Explore, Outdoor","Build & Explore, Outdoor",Free,https://sccl.bibliocommons.com/events/uploads/images/full/d3c01ce061370cdb682b7275c35fd7a3/SummerReadingBiblioEvent(760x230px).png,https://sccl.bibliocommons.com/events/69f14e36bd9a3c316a561b4a,,,,FALSE,FALSE,,6/30/26,,,Not published,,,,,,,,,,,,,,,,,,,
,"Summer 2026 Plant a Seed, Read: Wildmind Science","Beautiful and fascinating wildlife live in the fields and forests surrounding our cities and suburbs. You will gain an insight into the secret lives of these intelligent and ecologically important animals with a visit from a live grey fox,...",,,Los Altos Library,,"13 S. San Antonio Road, Los Altos, CA 94022",Los Altos,7/29/2026,4:30pm to 5:30pm,,,"0-2, 2-5, 5+",All ages,"Build & Explore, Outdoor","Build & Explore, Outdoor",Free,https://sccl.bibliocommons.com/events/uploads/images/full/d3c01ce061370cdb682b7275c35fd7a3/SummerReadingBiblioEvent(760x230px).png,https://sccl.bibliocommons.com/events/69f14e36bd9a3c316a561b4b,,,,FALSE,FALSE,,6/30/26,,,Not published,,,,,,,,,,,,,,,,,,,
,Toddler Storytime,"Join the Children's Librarians for a fun, interactive 25-minute toddler storytime for early walkers, 1s, and 2s in the Orchard Room on Wednesday and Thursday mornings. Storytimes will be filled with stories, music, and fun activities!

Due to limited space, we will begin handing out free tickets starting at 10 a.m. We look forward to seeing you there!",,,Los Altos Library,Orchard Room,"13 S. San Antonio Road, Los Altos, CA 94022",Los Altos,7/30/2026,10:30am to 11:00am,,,"0-2, 2-5, 5+",All ages,Stories,Stories,Free,https://sccl.bibliocommons.com/events/uploads/images/full/9789d6ae7a5db8da406ba9e1d3837e1e/Early Learning & Storytime.jpg,https://sccl.bibliocommons.com/events/69b835bbb48451fc3c094404,,,,FALSE,FALSE,,6/30/26,,,Not published,,,,,,,,,,,,,,,,,,,
,Preschool Storytime,"Join us for stories, music, movement and more at our preschool storytime in the Orchard Room on Thursday afternoons at 3:30 p.m. 

Preschool storytime is suitable for children 3-5 and their caregivers.",,,Los Altos Library,,"13 S. San Antonio Road, Los Altos, CA 94022",Los Altos,7/30/2026,3:30pm to 4:00pm,,,2-5,2-5,Stories,Stories,Free,https://sccl.bibliocommons.com/events/uploads/images/full/9789d6ae7a5db8da406ba9e1d3837e1e/Early Learning & Storytime.jpg,https://sccl.bibliocommons.com/events/69b835b92866a5b488426bd7,,,,FALSE,FALSE,,6/30/26,,,Not published,,,,,,,,,,,,,,,,,,,
,Friends of the Los Altos Library Booksale @ Los Altos Community Center,"The Friends of the Los Altos Library Present their Community Book Sale
 
 Fiction & non-fiction books and media for all ages
 Friday, July 31, 6:30 - 9pm. Members only Preview Sale! Join at the door for $10.Saturday, August 1, 10am - 4pmSunday,...",,,Woodland Branch Library,,,,7/31/2026,6:30pm to 9:00pm,,,"0-2, 2-5, 5+",All ages,Other,Other,Free,https://sccl.bibliocommons.com/events/uploads/images/full/76806adb157fd004860e14cabb9ab02d/Used Book Sales.jpg,https://sccl.bibliocommons.com/events/6a29b52ecaf9343600621646,,,,FALSE,FALSE,,6/30/26,,,Not published,,,,,,,,,,,,,,,,,,,
,Friends of the Los Altos Library Booksale @ Los Altos Community Center,"The Friends of the Los Altos Library Present their Community Book Sale
 
 Fiction & non-fiction books and media for all ages
 Friday, July 31, 6:30 - 9pm. Members only Preview Sale! Join at the door for $10.Saturday, August 1, 10am - 4pmSunday,...",,,Los Altos Library,,"13 S. San Antonio Road, Los Altos, CA 94022",Los Altos,7/31/2026,6:30pm to 9:00pm,,,"0-2, 2-5, 5+",All ages,Other,Other,Free,https://sccl.bibliocommons.com/events/uploads/images/full/76806adb157fd004860e14cabb9ab02d/Used Book Sales.jpg,https://sccl.bibliocommons.com/events/6a29b56c8d1b82ca9f78fc85,,,,FALSE,FALSE,,6/30/26,,,Not published,,,,,,,,,,,,,,,,,,,
,Friends of the Los Altos Library Booksale @ Los Altos Community Center,"The Friends of the Los Altos Library Present their Community Book Sale
 
 Fiction & non-fiction books and media for all ages
 Friday, July 31, 6:30 - 9pm. Members only Preview Sale! Join at the door for $10.Saturday, August 1, 10am - 4pmSunday,...",,,Woodland Branch Library,,,,8/1/2026,10:00am to 4:00pm,,,"0-2, 2-5, 5+",All ages,Other,Other,Free,https://sccl.bibliocommons.com/events/uploads/images/full/76806adb157fd004860e14cabb9ab02d/Used Book Sales.jpg,https://sccl.bibliocommons.com/events/6a29b53116554cd59fc7d044,,,,FALSE,FALSE,,6/30/26,,,Not published,,,,,,,,,,,,,,,,,,,
,Friends of the Los Altos Library Booksale @ Los Altos Community Center,"The Friends of the Los Altos Library Present their Community Book Sale
 
 Fiction & non-fiction books and media for all ages
 Friday, July 31, 6:30 - 9pm. Members only Preview Sale! Join at the door for $10.Saturday, August 1, 10am - 4pmSunday,...",,,Los Altos Library,,"13 S. San Antonio Road, Los Altos, CA 94022",Los Altos,8/1/2026,10:00am to 4:00pm,,,"0-2, 2-5, 5+",All ages,Other,Other,Free,https://sccl.bibliocommons.com/events/uploads/images/full/76806adb157fd004860e14cabb9ab02d/Used Book Sales.jpg,https://sccl.bibliocommons.com/events/6a29b5717550c8bf9f5c581f,,,,FALSE,FALSE,,6/30/26,,,Not published,,,,,,,,,,,,,,,,,,,
,Baby Sign and Stay and Play,"Calling all non-walking babies ages 0-12 months for a special storytime featuring American Sign Language along with songs and stories and fun! Please bring a blanket for your baby.
After storytime please stay or join us to play with age-appropriate toys! Enjoy this socialization for babies and their grownups.

10:30-11:00am Storytime
11:00-12:00pm Stay & Play",,,Los Altos Library,,"13 S. San Antonio Road, Los Altos, CA 94022",Los Altos,8/1/2026,10:30am to 12:00pm,,,0-2,0-2,"Stories, Outdoor, Social & Play","Stories, Outdoor, Social & Play",Free,https://sccl.bibliocommons.com/events/uploads/images/full/9789d6ae7a5db8da406ba9e1d3837e1e/Early Learning & Storytime.jpg,https://sccl.bibliocommons.com/events/696191ef992fc18a86dc9a3c,,,,FALSE,FALSE,,6/30/26,,,Not published,,,,,,,,,,,,,,,,,,,
,Friends of the Los Altos Library Booksale @ Los Altos Community Center,"The Friends of the Los Altos Library Present their Community Book Sale
 
 Fiction & non-fiction books and media for all ages
 Friday, July 31, 6:30 - 9pm. Members only Preview Sale! Join at the door for $10.Saturday, August 1, 10am - 4pmSunday,...",,,Los Altos Library,,"13 S. San Antonio Road, Los Altos, CA 94022",Los Altos,8/2/2026,11:00am to 2:00pm,,,"0-2, 2-5, 5+",All ages,Other,Other,Free,https://sccl.bibliocommons.com/events/uploads/images/full/76806adb157fd004860e14cabb9ab02d/Used Book Sales.jpg,https://sccl.bibliocommons.com/events/6a29b5768d1b82ca9f78fc87,,,,FALSE,FALSE,,6/30/26,,,Not published,,,,,,,,,,,,,,,,,,,
,Friends of the Los Altos Library Booksale @ Los Altos Community Center,"The Friends of the Los Altos Library Present their Community Book Sale
 
 Fiction & non-fiction books and media for all ages
 Friday, July 31, 6:30 - 9pm. Members only Preview Sale! Join at the door for $10.Saturday, August 1, 10am - 4pmSunday,...",,,Woodland Branch Library,,,,8/2/2026,11:00am to 2:00pm,,,"0-2, 2-5, 5+",All ages,Other,Other,Free,https://sccl.bibliocommons.com/events/uploads/images/full/76806adb157fd004860e14cabb9ab02d/Used Book Sales.jpg,https://sccl.bibliocommons.com/events/6a29b53416554cd59fc7d046,,,,FALSE,FALSE,,6/30/26,,,Not published,,,,,,,,,,,,,,,,,,,
,Bilingual Spanish Family Storytime / Hora de cuentos bilingüe para familias,"Join us for stories, songs, and movement in Spanish and English on Tuesday mornings at 10:30 AM! This program is designed for children up to age 5 and their caregivers, and will be held indoors in the Orchard Room.

¡Venga a la biblioteca para cuentos, canciones y movimiento en inglés y español los martes a las 10:30 de la mañana! Este programa está diseñado para niños hasta 5 años de edad y sus cuidadores, y se llevará a cabo adentro en el Orchard Room.",,,Los Altos Library,,"13 S. San Antonio Road, Los Altos, CA 94022",Los Altos,8/4/2026,10:30am to 11:00am,,,"0-2, 2-5, 5+",All ages,Stories,Stories,Free,https://sccl.bibliocommons.com/events/uploads/images/full/0843753b121ce38b9c23bf54bbc99b14/BilingualStoryTimeBiblioBanner-gc.png,https://sccl.bibliocommons.com/events/69b835d42866a5b488426bff,,,,FALSE,FALSE,,6/30/26,,,Not published,,,,,,,,,,,,,,,,,,,
,Bilingual Mandarin Family Storytime / 中英雙語故事時間,"Join us for a fun-filled storytime featuring movement, singing, and action! These 30-minute sessions focus on early literacy by sharing stories and songs in both English and Mandarin Chinese.

歡迎小朋友來到故事時間，這是以半小時的雙中英語故事書, 兒歌, 手指謠, 玩遊戲為特色的内容。歡迎兒童們與家長褓母一同前來參加。",,,Los Altos Library,,"13 S. San Antonio Road, Los Altos, CA 94022",Los Altos,8/4/2026,1:00pm to 1:30pm,,,"0-2, 2-5, 5+",All ages,Stories,Stories,Free,https://sccl.bibliocommons.com/events/uploads/images/full/9789d6ae7a5db8da406ba9e1d3837e1e/Early Learning & Storytime.jpg,https://sccl.bibliocommons.com/events/69b835d281b67dfe32acec7d,,,,FALSE,FALSE,,6/30/26,,,Not published,,,,,,,,,,,,,,,,,,,
,Toddler Storytime,"Join the Children's Librarians for a fun, interactive 25-minute toddler storytime for early walkers, 1s, and 2s in the Orchard Room on Wednesday and Thursday mornings. Storytimes will be filled with stories, music, and fun activities!

Due to limited space, we will begin handing out free tickets starting at 10 a.m. We look forward to seeing you there!",,,Los Altos Library,Orchard Room,"13 S. San Antonio Road, Los Altos, CA 94022",Los Altos,8/5/2026,10:30am to 11:00am,,,"0-2, 2-5, 5+",All ages,Stories,Stories,Free,https://sccl.bibliocommons.com/events/uploads/images/full/9789d6ae7a5db8da406ba9e1d3837e1e/Early Learning & Storytime.jpg,https://sccl.bibliocommons.com/events/69b835c4b48451fc3c09442d,,,,FALSE,FALSE,,6/30/26,,,Not published,,,,,,,,,,,,,,,,,,,
,Baby Storytime & Stay and Play,"Come join the fun every Wednesday for Baby Storytime & Stay and Play at the Los Altos Library!

We invite all non-walking babies (ages 0-1) and their amazing caregivers to jump into an interactive 20 minutes of:

Catchy Songs & Silly Rhymes

Gentle Movement & Baby Sign Language

Short Books perfect for little eyes

Stick around afterward for our popular ""Stay & Play"" session, where babies can explore fun, age-appropriate toys, and you can chat with other local parents and caregivers!

It’s the perfect weekly activity to boost early literacy, build community, and make some wonderful memories.",,,Los Altos Library,,"13 S. San Antonio Road, Los Altos, CA 94022",Los Altos,8/5/2026,1:00pm to 2:00pm,,,0-2,0-2,Stories,Stories,Free,https://sccl.bibliocommons.com/events/uploads/images/full/9789d6ae7a5db8da406ba9e1d3837e1e/Early Learning & Storytime.jpg,https://sccl.bibliocommons.com/events/69b835bdb48451fc3c094417,,,,FALSE,FALSE,,6/30/26,,,Not published,,,,,,,,,,,,,,,,,,,
,Toddler Storytime,"Join the Children's Librarians for a fun, interactive 25-minute toddler storytime for early walkers, 1s, and 2s in the Orchard Room on Wednesday and Thursday mornings. Storytimes will be filled with stories, music, and fun activities!

Due to limited space, we will begin handing out free tickets starting at 10 a.m. We look forward to seeing you there!",,,Los Altos Library,Orchard Room,"13 S. San Antonio Road, Los Altos, CA 94022",Los Altos,8/6/2026,10:30am to 11:00am,,,"0-2, 2-5, 5+",All ages,Stories,Stories,Free,https://sccl.bibliocommons.com/events/uploads/images/full/9789d6ae7a5db8da406ba9e1d3837e1e/Early Learning & Storytime.jpg,https://sccl.bibliocommons.com/events/69b835bbb48451fc3c094405,,,,FALSE,FALSE,,6/30/26,,,Not published,,,,,,,,,,,,,,,,,,,
,Preschool Storytime,"Join us for stories, music, movement and more at our preschool storytime in the Orchard Room on Thursday afternoons at 3:30 p.m. 

Preschool storytime is suitable for children 3-5 and their caregivers.",,,Los Altos Library,Orchard Room,"13 S. San Antonio Road, Los Altos, CA 94022",Los Altos,8/6/2026,3:30pm to 4:00pm,,,2-5,2-5,Stories,Stories,Free,https://sccl.bibliocommons.com/events/uploads/images/full/9789d6ae7a5db8da406ba9e1d3837e1e/Early Learning & Storytime.jpg,https://sccl.bibliocommons.com/events/69b835b92866a5b488426bd8,,,,FALSE,FALSE,,6/30/26,,,Not published,,,,,,,,,,,,,,,,,,,
,Board Game Sunday!,"Everyone is invited to play board games!
 
 Join us on the second Sunday of the month from 2:00 PM to 3:30 PM.
 
 We have board games for all ages: adults, teens, and children.
 
 Come with friends & family!
 
 (The room closes at 3:30 PM, so...",,,Los Altos Library,,"13 S. San Antonio Road, Los Altos, CA 94022",Los Altos,8/9/2026,2:00pm to 3:30pm,,,"0-2, 2-5, 5+",All ages,Build & Explore,Build & Explore,Free,https://sccl.bibliocommons.com/events/uploads/images/full/f00ce3e9afd5f0b0c0a1198e0b2103aa/kssboardgame;Header(1).png,https://sccl.bibliocommons.com/events/6970253094297d3600a66ca0,,,,FALSE,FALSE,,6/30/26,,,Not published,,,,,,,,,,,,,,,,,,,
,Bilingual Spanish Family Storytime / Hora de cuentos bilingüe para familias,"Join us for stories, songs, and movement in Spanish and English on Tuesday mornings at 10:30 AM! This program is designed for children up to age 5 and their caregivers, and will be held indoors in the Orchard Room.

¡Venga a la biblioteca para cuentos, canciones y movimiento en inglés y español los martes a las 10:30 de la mañana! Este programa está diseñado para niños hasta 5 años de edad y sus cuidadores, y se llevará a cabo adentro en el Orchard Room.",,,Los Altos Library,,"13 S. San Antonio Road, Los Altos, CA 94022",Los Altos,8/11/2026,10:30am to 11:00am,,,"0-2, 2-5, 5+",All ages,Stories,Stories,Free,https://sccl.bibliocommons.com/events/uploads/images/full/0843753b121ce38b9c23bf54bbc99b14/BilingualStoryTimeBiblioBanner-gc.png,https://sccl.bibliocommons.com/events/69b835d42866a5b488426c00,,,,FALSE,FALSE,,6/30/26,,,Not published,,,,,,,,,,,,,,,,,,,
,Bilingual Mandarin Family Storytime / 中英雙語故事時間,"Join us for a fun-filled storytime featuring movement, singing, and action! These 30-minute sessions focus on early literacy by sharing stories and songs in both English and Mandarin Chinese.

歡迎小朋友來到故事時間，這是以半小時的雙中英語故事書, 兒歌, 手指謠, 玩遊戲為特色的内容。歡迎兒童們與家長褓母一同前來參加。",,,Los Altos Library,,"13 S. San Antonio Road, Los Altos, CA 94022",Los Altos,8/11/2026,1:00pm to 1:30pm,,,"0-2, 2-5, 5+",All ages,Stories,Stories,Free,https://sccl.bibliocommons.com/events/uploads/images/full/9789d6ae7a5db8da406ba9e1d3837e1e/Early Learning & Storytime.jpg,https://sccl.bibliocommons.com/events/69b835d281b67dfe32acec7e,,,,FALSE,FALSE,,6/30/26,,,Not published,,,,,,,,,,,,,,,,,,,
,Toddler Storytime,"Join the Children's Librarians for a fun, interactive 25-minute toddler storytime for early walkers, 1s, and 2s in the Orchard Room on Wednesday and Thursday mornings. Storytimes will be filled with stories, music, and fun activities!

Due to limited space, we will begin handing out free tickets starting at 10 a.m. We look forward to seeing you there!",,,Los Altos Library,Orchard Room,"13 S. San Antonio Road, Los Altos, CA 94022",Los Altos,8/12/2026,10:30am to 11:00am,,,"0-2, 2-5, 5+",All ages,Stories,Stories,Free,https://sccl.bibliocommons.com/events/uploads/images/full/9789d6ae7a5db8da406ba9e1d3837e1e/Early Learning & Storytime.jpg,https://sccl.bibliocommons.com/events/69b835c4b48451fc3c09442e,,,,FALSE,FALSE,,6/30/26,,,Not published,,,,,,,,,,,,,,,,,,,
,Baby Storytime & Stay and Play,"Come join the fun every Wednesday for Baby Storytime & Stay and Play at the Los Altos Library!

We invite all non-walking babies (ages 0-1) and their amazing caregivers to jump into an interactive 20 minutes of:

Catchy Songs & Silly Rhymes

Gentle Movement & Baby Sign Language

Short Books perfect for little eyes

Stick around afterward for our popular ""Stay & Play"" session, where babies can explore fun, age-appropriate toys, and you can chat with other local parents and caregivers!

It’s the perfect weekly activity to boost early literacy, build community, and make some wonderful memories.",,,Los Altos Library,Orchard Room,"13 S. San Antonio Road, Los Altos, CA 94022",Los Altos,8/12/2026,1:00pm to 2:00pm,,,0-2,0-2,Stories,Stories,Free,https://sccl.bibliocommons.com/events/uploads/images/full/9789d6ae7a5db8da406ba9e1d3837e1e/Early Learning & Storytime.jpg,https://sccl.bibliocommons.com/events/69b835bdb48451fc3c094418,,,,FALSE,FALSE,,6/30/26,,,Not published,,,,,,,,,,,,,,,,,,,
,Toddler Storytime,"Join the Children's Librarians for a fun, interactive 25-minute toddler storytime for early walkers, 1s, and 2s in the Orchard Room on Wednesday and Thursday mornings. Storytimes will be filled with stories, music, and fun activities!

Due to limited space, we will begin handing out free tickets starting at 10 a.m. We look forward to seeing you there!",,,Los Altos Library,Orchard Room,"13 S. San Antonio Road, Los Altos, CA 94022",Los Altos,8/13/2026,10:30am to 11:00am,,,"0-2, 2-5, 5+",All ages,Stories,Stories,Free,https://sccl.bibliocommons.com/events/uploads/images/full/9789d6ae7a5db8da406ba9e1d3837e1e/Early Learning & Storytime.jpg,https://sccl.bibliocommons.com/events/69b835bbb48451fc3c094406,,,,FALSE,FALSE,,6/30/26,,,Not published,,,,,,,,,,,,,,,,,,,
,Preschool Storytime,"Join us for stories, music, movement and more at our preschool storytime in the Orchard Room on Thursday afternoons at 3:30 p.m. 

Preschool storytime is suitable for children 3-5 and their caregivers.",,,Los Altos Library,Orchard Room,"13 S. San Antonio Road, Los Altos, CA 94022",Los Altos,8/13/2026,3:30pm to 4:00pm,,,2-5,2-5,Stories,Stories,Free,https://sccl.bibliocommons.com/events/uploads/images/full/9789d6ae7a5db8da406ba9e1d3837e1e/Early Learning & Storytime.jpg,https://sccl.bibliocommons.com/events/69b835b92866a5b488426bd9,,,,FALSE,FALSE,,6/30/26,,,Not published,,,,,,,,,,,,,,,,,,,
,Bay Area Games Day,"Come learn how to play a new board game, or bring an old favorite! Bay Area Games Day is a full day of convention-style open gaming that has been happening at the library since 1998. We play mostly more recent hobbyist games, but also...",,,Los Altos Library,,"13 S. San Antonio Road, Los Altos, CA 94022",Los Altos,8/15/2026,10:00am to 8:00pm,,,"0-2, 2-5, 5+",All ages,Build & Explore,Build & Explore,Free,https://sccl.bibliocommons.com/events/uploads/images/full/4b7ff6df09ad107d8567268a5e6c3e87/Entertainment & Recreation.jpg,https://sccl.bibliocommons.com/events/6961562d8b29ea2800c880a5,,,,FALSE,FALSE,,6/30/26,,,Not published,,,,,,,,,,,,,,,,,,,
,Sunday CrafterNoon,"All-ages arts and crafts!
 
 Adults, teens, and kids -- join us for an afternoon of relaxed crafting on the third Sunday of the month.
 
 Supplies are provided for you to explore a surprise art activity.
 
 This craft is self-directed;...",,,Los Altos Library,,"13 S. San Antonio Road, Los Altos, CA 94022",Los Altos,8/16/2026,2:00pm to 3:30pm,,,"0-2, 2-5, 5+",All ages,"Arts & Crafts, Build & Explore","Arts & Crafts, Build & Explore",Free,https://sccl.bibliocommons.com/events/uploads/images/full/e954fbc9cc6ec9f37195d54009d75fc7/kssCrafterNoon;Header(760x230px).png,https://sccl.bibliocommons.com/events/697025281e64afd01e559e37,,,,FALSE,FALSE,,6/30/26,,,Not published,,,,,,,,,,,,,,,,,,,
,Bilingual Spanish Family Storytime / Hora de cuentos bilingüe para familias,"Join us for stories, songs, and movement in Spanish and English on Tuesday mornings at 10:30 AM! This program is designed for children up to age 5 and their caregivers, and will be held indoors in the Orchard Room.

¡Venga a la biblioteca para cuentos, canciones y movimiento en inglés y español los martes a las 10:30 de la mañana! Este programa está diseñado para niños hasta 5 años de edad y sus cuidadores, y se llevará a cabo adentro en el Orchard Room.",,,Los Altos Library,,"13 S. San Antonio Road, Los Altos, CA 94022",Los Altos,8/18/2026,10:30am to 11:00am,,,"0-2, 2-5, 5+",All ages,Stories,Stories,Free,https://sccl.bibliocommons.com/events/uploads/images/full/0843753b121ce38b9c23bf54bbc99b14/BilingualStoryTimeBiblioBanner-gc.png,https://sccl.bibliocommons.com/events/69b835d42866a5b488426c01,,,,FALSE,FALSE,,6/30/26,,,Not published,,,,,,,,,,,,,,,,,,,
,Bilingual Mandarin Family Storytime / 中英雙語故事時間,"Join us for a fun-filled storytime featuring movement, singing, and action! These 30-minute sessions focus on early literacy by sharing stories and songs in both English and Mandarin Chinese.

歡迎小朋友來到故事時間，這是以半小時的雙中英語故事書, 兒歌, 手指謠, 玩遊戲為特色的内容。歡迎兒童們與家長褓母一同前來參加。",,,Los Altos Library,,"13 S. San Antonio Road, Los Altos, CA 94022",Los Altos,8/18/2026,1:00pm to 1:30pm,,,"0-2, 2-5, 5+",All ages,Stories,Stories,Free,https://sccl.bibliocommons.com/events/uploads/images/full/9789d6ae7a5db8da406ba9e1d3837e1e/Early Learning & Storytime.jpg,https://sccl.bibliocommons.com/events/69b835d281b67dfe32acec7f,,,,FALSE,FALSE,,6/30/26,,,Not published,,,,,,,,,,,,,,,,,,,
,Toddler Storytime,"Join the Children's Librarians for a fun, interactive 25-minute toddler storytime for early walkers, 1s, and 2s in the Orchard Room on Wednesday and Thursday mornings. Storytimes will be filled with stories, music, and fun activities!

Due to limited space, we will begin handing out free tickets starting at 10 a.m. We look forward to seeing you there!",,,Los Altos Library,Orchard Room,"13 S. San Antonio Road, Los Altos, CA 94022",Los Altos,8/19/2026,10:30am to 11:00am,,,"0-2, 2-5, 5+",All ages,Stories,Stories,Free,https://sccl.bibliocommons.com/events/uploads/images/full/9789d6ae7a5db8da406ba9e1d3837e1e/Early Learning & Storytime.jpg,https://sccl.bibliocommons.com/events/69b835c4b48451fc3c09442f,,,,FALSE,FALSE,,6/30/26,,,Not published,,,,,,,,,,,,,,,,,,,
,Baby Storytime & Stay and Play,"Come join the fun every Wednesday for Baby Storytime & Stay and Play at the Los Altos Library!

We invite all non-walking babies (ages 0-1) and their amazing caregivers to jump into an interactive 20 minutes of:

Catchy Songs & Silly Rhymes

Gentle Movement & Baby Sign Language

Short Books perfect for little eyes

Stick around afterward for our popular ""Stay & Play"" session, where babies can explore fun, age-appropriate toys, and you can chat with other local parents and caregivers!

It’s the perfect weekly activity to boost early literacy, build community, and make some wonderful memories.",,,Los Altos Library,Orchard Room,"13 S. San Antonio Road, Los Altos, CA 94022",Los Altos,8/19/2026,1:00pm to 2:00pm,,,0-2,0-2,Stories,Stories,Free,https://sccl.bibliocommons.com/events/uploads/images/full/9789d6ae7a5db8da406ba9e1d3837e1e/Early Learning & Storytime.jpg,https://sccl.bibliocommons.com/events/69b835bdb48451fc3c094419,,,,FALSE,FALSE,,6/30/26,,,Not published,,,,,,,,,,,,,,,,,,,
,Toddler Storytime,"Join the Children's Librarians for a fun, interactive 25-minute toddler storytime for early walkers, 1s, and 2s in the Orchard Room on Wednesday and Thursday mornings. Storytimes will be filled with stories, music, and fun activities!

Due to limited space, we will begin handing out free tickets starting at 10 a.m. We look forward to seeing you there!",,,Los Altos Library,Orchard Room,"13 S. San Antonio Road, Los Altos, CA 94022",Los Altos,8/20/2026,10:30am to 11:00am,,,"0-2, 2-5, 5+",All ages,Stories,Stories,Free,https://sccl.bibliocommons.com/events/uploads/images/full/9789d6ae7a5db8da406ba9e1d3837e1e/Early Learning & Storytime.jpg,https://sccl.bibliocommons.com/events/69b835bbb48451fc3c094407,,,,FALSE,FALSE,,6/30/26,,,Not published,,,,,,,,,,,,,,,,,,,
,Preschool Storytime,"Join us for stories, music, movement and more at our preschool storytime in the Orchard Room on Thursday afternoons at 3:30 p.m. 

Preschool storytime is suitable for children 3-5 and their caregivers.",,,Los Altos Library,Orchard Room,"13 S. San Antonio Road, Los Altos, CA 94022",Los Altos,8/20/2026,3:30pm to 4:00pm,,,2-5,2-5,Stories,Stories,Free,https://sccl.bibliocommons.com/events/uploads/images/full/9789d6ae7a5db8da406ba9e1d3837e1e/Early Learning & Storytime.jpg,https://sccl.bibliocommons.com/events/69b835b92866a5b488426bda,,,,FALSE,FALSE,,6/30/26,,,Not published,,,,,,,,,,,,,,,,,,,
,Bilingual Spanish Family Storytime / Hora de cuentos bilingüe para familias,"Join us for stories, songs, and movement in Spanish and English on Tuesday mornings at 10:30 AM! This program is designed for children up to age 5 and their caregivers, and will be held indoors in the Orchard Room.

¡Venga a la biblioteca para cuentos, canciones y movimiento en inglés y español los martes a las 10:30 de la mañana! Este programa está diseñado para niños hasta 5 años de edad y sus cuidadores, y se llevará a cabo adentro en el Orchard Room.",,,Los Altos Library,,"13 S. San Antonio Road, Los Altos, CA 94022",Los Altos,8/25/2026,10:30am to 11:00am,,,"0-2, 2-5, 5+",All ages,Stories,Stories,Free,https://sccl.bibliocommons.com/events/uploads/images/full/0843753b121ce38b9c23bf54bbc99b14/BilingualStoryTimeBiblioBanner-gc.png,https://sccl.bibliocommons.com/events/69b835d42866a5b488426c02,,,,FALSE,FALSE,,6/30/26,,,Not published,,,,,,,,,,,,,,,,,,,
,Bilingual Mandarin Family Storytime / 中英雙語故事時間,"Join us for a fun-filled storytime featuring movement, singing, and action! These 30-minute sessions focus on early literacy by sharing stories and songs in both English and Mandarin Chinese.

歡迎小朋友來到故事時間，這是以半小時的雙中英語故事書, 兒歌, 手指謠, 玩遊戲為特色的内容。歡迎兒童們與家長褓母一同前來參加。",,,Los Altos Library,,"13 S. San Antonio Road, Los Altos, CA 94022",Los Altos,8/25/2026,1:00pm to 1:30pm,,,"0-2, 2-5, 5+",All ages,Stories,Stories,Free,https://sccl.bibliocommons.com/events/uploads/images/full/9789d6ae7a5db8da406ba9e1d3837e1e/Early Learning & Storytime.jpg,https://sccl.bibliocommons.com/events/69b835d281b67dfe32acec80,,,,FALSE,FALSE,,6/30/26,,,Not published,,,,,,,,,,,,,,,,,,,
,Toddler Storytime,"Join the Children's Librarians for a fun, interactive 25-minute toddler storytime for early walkers, 1s, and 2s in the Orchard Room on Wednesday and Thursday mornings. Storytimes will be filled with stories, music, and fun activities!

Due to limited space, we will begin handing out free tickets starting at 10 a.m. We look forward to seeing you there!",,,Los Altos Library,Orchard Room,"13 S. San Antonio Road, Los Altos, CA 94022",Los Altos,8/26/2026,10:30am to 11:00am,,,"0-2, 2-5, 5+",All ages,Stories,Stories,Free,https://sccl.bibliocommons.com/events/uploads/images/full/9789d6ae7a5db8da406ba9e1d3837e1e/Early Learning & Storytime.jpg,https://sccl.bibliocommons.com/events/69b835c4b48451fc3c094430,,,,FALSE,FALSE,,6/30/26,,,Not published,,,,,,,,,,,,,,,,,,,
,Baby Storytime & Stay and Play,"Come join the fun every Wednesday for Baby Storytime & Stay and Play at the Los Altos Library!

We invite all non-walking babies (ages 0-1) and their amazing caregivers to jump into an interactive 20 minutes of:

Catchy Songs & Silly Rhymes

Gentle Movement & Baby Sign Language

Short Books perfect for little eyes

Stick around afterward for our popular ""Stay & Play"" session, where babies can explore fun, age-appropriate toys, and you can chat with other local parents and caregivers!

It’s the perfect weekly activity to boost early literacy, build community, and make some wonderful memories.",,,Los Altos Library,Orchard Room,"13 S. San Antonio Road, Los Altos, CA 94022",Los Altos,8/26/2026,1:00pm to 2:00pm,,,0-2,0-2,Stories,Stories,Free,https://sccl.bibliocommons.com/events/uploads/images/full/9789d6ae7a5db8da406ba9e1d3837e1e/Early Learning & Storytime.jpg,https://sccl.bibliocommons.com/events/69b835bdb48451fc3c09441a,,,,FALSE,FALSE,,6/30/26,,,Not published,,,,,,,,,,,,,,,,,,,
,Toddler Storytime,"Join the Children's Librarians for a fun, interactive 25-minute toddler storytime for early walkers, 1s, and 2s in the Orchard Room on Wednesday and Thursday mornings. Storytimes will be filled with stories, music, and fun activities!

Due to limited space, we will begin handing out free tickets starting at 10 a.m. We look forward to seeing you there!",,,Los Altos Library,Orchard Room,"13 S. San Antonio Road, Los Altos, CA 94022",Los Altos,8/27/2026,10:30am to 11:00am,,,"0-2, 2-5, 5+",All ages,Stories,Stories,Free,https://sccl.bibliocommons.com/events/uploads/images/full/9789d6ae7a5db8da406ba9e1d3837e1e/Early Learning & Storytime.jpg,https://sccl.bibliocommons.com/events/69b835bbb48451fc3c094408,,,,FALSE,FALSE,,6/30/26,,,Not published,,,,,,,,,,,,,,,,,,,
,Preschool Storytime,"Join us for stories, music, movement and more at our preschool storytime in the Orchard Room on Thursday afternoons at 3:30 p.m. 

Preschool storytime is suitable for children 3-5 and their caregivers.",,,Los Altos Library,Orchard Room,"13 S. San Antonio Road, Los Altos, CA 94022",Los Altos,8/27/2026,3:30pm to 4:00pm,,,2-5,2-5,Stories,Stories,Free,https://sccl.bibliocommons.com/events/uploads/images/full/9789d6ae7a5db8da406ba9e1d3837e1e/Early Learning & Storytime.jpg,https://sccl.bibliocommons.com/events/69b835b92866a5b488426bdb,,,,FALSE,FALSE,,6/30/26,,,Not published,,,,,,,,,,,,,,,,,,,
,Baby Storytime & Stay and Play,"Come join the fun every Wednesday for Baby Storytime & Stay and Play at the Los Altos Library!

We invite all non-walking babies (ages 0-1) and their amazing caregivers to jump into an interactive 20 minutes of:

Catchy Songs & Silly Rhymes

Gentle Movement & Baby Sign Language

Short Books perfect for little eyes

Stick around afterward for our popular ""Stay & Play"" session, where babies can explore fun, age-appropriate toys, and you can chat with other local parents and caregivers!

It’s the perfect weekly activity to boost early literacy, build community, and make some wonderful memories.",,,Los Altos Library,Orchard Room,"13 S. San Antonio Road, Los Altos, CA 94022",Los Altos,9/2/2026,1:00pm to 2:00pm,,,0-2,0-2,Stories,Stories,Free,https://sccl.bibliocommons.com/events/uploads/images/full/9789d6ae7a5db8da406ba9e1d3837e1e/Early Learning & Storytime.jpg,https://sccl.bibliocommons.com/events/69b835bdb48451fc3c09441b,,,,FALSE,FALSE,,6/30/26,,,Not published,,,,,,,,,,,,,,,,,,,
,Baby Sign and Stay and Play,"Calling all non-walking babies ages 0-12 months for a special storytime featuring American Sign Language along with songs and stories and fun! Please bring a blanket for your baby.
After storytime please stay or join us to play with age-appropriate toys! Enjoy this socialization for babies and their grownups.

10:30-11:00am Storytime
11:00-12:00pm Stay & Play",,,Los Altos Library,,"13 S. San Antonio Road, Los Altos, CA 94022",Los Altos,9/5/2026,10:30am to 12:00pm,,,0-2,0-2,"Stories, Outdoor, Social & Play","Stories, Outdoor, Social & Play",Free,https://sccl.bibliocommons.com/events/uploads/images/full/9789d6ae7a5db8da406ba9e1d3837e1e/Early Learning & Storytime.jpg,https://sccl.bibliocommons.com/events/696191ef992fc18a86dc9a3d,,,,FALSE,FALSE,,6/30/26,,,Not published,,,,,,,,,,,,,,,,,,,
,Board Game Sunday!,"Everyone is invited to play board games!
 
 Join us on the second Sunday of the month from 2:00 PM to 3:30 PM.
 
 We have board games for all ages: adults, teens, and children.
 
 Come with friends & family!
 
 (The room closes at 3:30 PM, so...",,,Los Altos Library,,"13 S. San Antonio Road, Los Altos, CA 94022",Los Altos,9/13/2026,2:00pm to 3:30pm,,,"0-2, 2-5, 5+",All ages,Build & Explore,Build & Explore,Free,https://sccl.bibliocommons.com/events/uploads/images/full/f00ce3e9afd5f0b0c0a1198e0b2103aa/kssboardgame;Header(1).png,https://sccl.bibliocommons.com/events/6970253094297d3600a66ca1,,,,FALSE,FALSE,,6/30/26,,,Not published,,,,,,,,,,,,,,,,,,,
,Bay Area Games Day,"Come learn how to play a new board game, or bring an old favorite! Bay Area Games Day is a full day of convention-style open gaming that has been happening at the library since 1998. We play mostly more recent hobbyist games, but also...",,,Los Altos Library,,"13 S. San Antonio Road, Los Altos, CA 94022",Los Altos,9/19/2026,10:00am to 8:00pm,,,"0-2, 2-5, 5+",All ages,Build & Explore,Build & Explore,Free,https://sccl.bibliocommons.com/events/uploads/images/full/4b7ff6df09ad107d8567268a5e6c3e87/Entertainment & Recreation.jpg,https://sccl.bibliocommons.com/events/6961562d8b29ea2800c880a6,,,,FALSE,FALSE,,6/30/26,,,Not published,,,,,,,,,,,,,,,,,,,
,Sunday CrafterNoon,"All-ages arts and crafts!
 
 Adults, teens, and kids -- join us for an afternoon of relaxed crafting on the third Sunday of the month.
 
 Supplies are provided for you to explore a surprise art activity.
 
 This craft is self-directed;...",,,Los Altos Library,,"13 S. San Antonio Road, Los Altos, CA 94022",Los Altos,9/20/2026,2:00pm to 3:30pm,,,"0-2, 2-5, 5+",All ages,"Arts & Crafts, Build & Explore","Arts & Crafts, Build & Explore",Free,https://sccl.bibliocommons.com/events/uploads/images/full/e954fbc9cc6ec9f37195d54009d75fc7/kssCrafterNoon;Header(760x230px).png,https://sccl.bibliocommons.com/events/697025281e64afd01e559e38,,,,FALSE,FALSE,,6/30/26,,,Not published,,,,,,,,,,,,,,,,,,,
,Summer Outdoor Storytime,"Bring a blanket and enjoy stories, songs, and rhymes with our Children's Librarians in Pioneer Park. Tuesdays at 10:30 a.m. All ages welcome, no registration required. All events are weather...",,,Mountain View Public Library,Pioneer Park,"585 Franklin St, Mountain View, CA 94041",Mountain View,6/30/2026,10:30 am to 11:00 am,,,"0-2, 2-5, 5+",All ages,"Stories, Outdoor","Stories, Outdoor",Free,https://d68g328n4ug0e.cloudfront.net/misc/3989/events/8800/2026_05_08_17_01_53.jpg,https://mountainview.libcal.com/event/16546786,,,,FALSE,FALSE,,6/30/26,,,Not published,,,,,,,,,,,,,,,,,,,
,Baby Storytime,"A musical storytime for infants, babies, and new toddlers with books, baby bounces, and dancing! After storytime, we will host a brief Stay & Play for grownups to connect and mingle. This program is...",,,Mountain View Public Library,1st Floor Program Room,"585 Franklin St, Mountain View, CA 94041",Mountain View,7/1/2026,10:30 am to 11:15 am,,,"0-2, 2-5, 5+",All ages,Stories,Stories,Free,https://d68g328n4ug0e.cloudfront.net/data/feat_img/3989/8800/1738805385.png,https://mountainview.libcal.com/event/16422251,,,,FALSE,FALSE,,6/30/26,,,Not published,,,,,,,,,,,,,,,,,,,
,Marc Griffiths,"Don't miss award-winning ventriloquist Marc Griffiths and his puppet friends in a hilarious show. His speaking team of puppets include 'Kevin', a much loved teenager, and 'Grandad Chuckles' who...",,,Mountain View Public Library,Pioneer Park,"585 Franklin St, Mountain View, CA 94041",Mountain View,7/1/2026,6:30 pm to 7:30 pm,,,"0-2, 2-5, 5+",All ages,Stories,Stories,Free,https://d68g328n4ug0e.cloudfront.net/misc/3989/events/8800/2026_05_08_16_52_35.jpg,https://mountainview.libcal.com/event/16422616,,,,FALSE,FALSE,,6/30/26,,,Not published,,,,,,,,,,,,,,,,,,,
,Smart Start Babytime,"Smart Start Babytime is a special program for babies (0–2) and their caregivers that blends stories, songs, and early play with different information each week with a pediatric resident from Stanford Medical School. Caregivers will gain practical tips, build confidence, and have the opportunity to ask questions—all in a warm, supportive environment designed for your baby’s earliest learning.",,,Mountain View Public Library,1st Floor Program Room,"585 Franklin St, Mountain View, CA 94041",Mountain View,7/6/2026,6:00 pm to 7:00 pm,,,0-2,0-2,"Stories, Build & Explore","Stories, Build & Explore",Free,https://d68g328n4ug0e.cloudfront.net/misc/3989/events/8800/2026_06_17_11_57_28.jpg,https://mountainview.libcal.com/event/16916945,,,,FALSE,FALSE,,6/30/26,,,Not published,,,,,,,,,,,,,,,,,,,
,Summer Outdoor Storytime,"Bring a blanket and enjoy stories, songs, and rhymes with our Children's Librarians in Pioneer Park. Tuesdays at 10:30 a.m. All ages welcome, no registration required. All events are weather...",,,Mountain View Public Library,Pioneer Park,"585 Franklin St, Mountain View, CA 94041",Mountain View,7/7/2026,10:30 am to 11:00 am,,,"0-2, 2-5, 5+",All ages,"Stories, Outdoor","Stories, Outdoor",Free,https://d68g328n4ug0e.cloudfront.net/misc/3989/events/8800/2026_05_08_17_01_53.jpg,https://mountainview.libcal.com/event/16546787,,,,FALSE,FALSE,,6/30/26,,,Not published,,,,,,,,,,,,,,,,,,,
,Baby Storytime,"A musical storytime for infants, babies, and new toddlers with books, baby bounces, and dancing! After storytime, we will host a brief Stay & Play for grownups to connect and mingle. This program is...",,,Mountain View Public Library,1st Floor Program Room,"585 Franklin St, Mountain View, CA 94041",Mountain View,7/8/2026,10:30 am to 11:15 am,,,"0-2, 2-5, 5+",All ages,Stories,Stories,Free,https://d68g328n4ug0e.cloudfront.net/data/feat_img/3989/8800/1738805385.png,https://mountainview.libcal.com/event/16422252,,,,FALSE,FALSE,,6/30/26,,,Not published,,,,,,,,,,,,,,,,,,,
,Magical Bridge Storytime,"Stop by the Bookmobile for stories, songs, and rhymes in the heart of Rengstorff Park! Enjoy a fun-filled storytime at the Magical Bridge Playground, and take advantage of full library services available from 10:00–11:00 a.m.

Events are weather permitting.",,,Magical Bridge Playground at Rengstorff Park,,"201 S. Rengstorff Ave, Mountain View, CA 94040",Mountain View,7/9/2026,10:00 am to 10:30 am,,,"0-2, 2-5, 5+",All ages,"Stories, Outdoor","Stories, Outdoor",Free,https://d68g328n4ug0e.cloudfront.net/misc/3989/events/8800/2026_04_10_12_23_00.jpg,https://mountainview.libcal.com/event/17084762,,,,FALSE,FALSE,,6/30/26,,,Not published,,,,,,,,,,,,,,,,,,,
,Cascada de Flores: El Brujo y la Sirena (The Wizard and the Mermaid),"El Brujo y La Sirena is a musical story about music and the sea, where a mermaid lives singing through the waters of the Americas. One day, a nice and funny wizard hears the mermaid’s song, for the first time ever, and seeing that he doesn't have it in his magic books, decides to go look for her. Don't miss this exciting bilingual tale with Cascada de Flores!",,,Mountain View Public Library,Pioneer Park,"585 Franklin St, Mountain View, CA 94041",Mountain View,7/9/2026,6:30 pm to 7:30 pm,,,"0-2, 2-5, 5+",All ages,Other,Other,Free,https://d68g328n4ug0e.cloudfront.net/misc/3989/events/8800/2026_05_08_16_51_06.jpg,https://mountainview.libcal.com/event/16650840,,,,FALSE,FALSE,,6/30/26,,,Not published,,,,,,,,,,,,,,,,,,,
,STEAM Fridays,"Get ready to tinker, build, explore, and create! Join us for STEAM Fridays, a drop-in program full of hands-on activities that spark curiosity and creativity. Whether you're a budding scientist, an...",,,Mountain View Public Library,1st Floor Program Room,"585 Franklin St, Mountain View, CA 94041",Mountain View,7/10/2026,2:00 pm to 5:00 pm,,,"0-2, 2-5, 5+",All ages,Build & Explore,Build & Explore,Free,https://d68g328n4ug0e.cloudfront.net/misc/3989/events/8800/2026_04_13_15_27_41.png,https://mountainview.libcal.com/event/16535173,,,,FALSE,FALSE,,6/30/26,,,Not published,,,,,,,,,,,,,,,,,,,
,Summer Outdoor Storytime,"Bring a blanket and enjoy stories, songs, and rhymes with our Children's Librarians in Pioneer Park. Tuesdays at 10:30 a.m. All ages welcome, no registration required. All events are weather...",,,Mountain View Public Library,Pioneer Park,"585 Franklin St, Mountain View, CA 94041",Mountain View,7/14/2026,10:30 am to 11:00 am,,,"0-2, 2-5, 5+",All ages,"Stories, Outdoor","Stories, Outdoor",Free,https://d68g328n4ug0e.cloudfront.net/misc/3989/events/8800/2026_05_08_17_01_53.jpg,https://mountainview.libcal.com/event/16546788,,,,FALSE,FALSE,,6/30/26,,,Not published,,,,,,,,,,,,,,,,,,,
,Baby Storytime,"A musical storytime for infants, babies, and new toddlers with books, baby bounces, and dancing! After storytime, we will host a brief Stay & Play for grownups to connect and mingle. This program is...",,,Mountain View Public Library,1st Floor Program Room,"585 Franklin St, Mountain View, CA 94041",Mountain View,7/15/2026,10:30 am to 11:15 am,,,"0-2, 2-5, 5+",All ages,Stories,Stories,Free,https://d68g328n4ug0e.cloudfront.net/data/feat_img/3989/8800/1738805385.png,https://mountainview.libcal.com/event/16422253,,,,FALSE,FALSE,,6/30/26,,,Not published,,,,,,,,,,,,,,,,,,,
,Bilingual Storytime: Mandarin/English,"Stories, rhymes and songs in Mandarin and English with Miss Renee in the Children's Room Octagon. For ages 2-5, no registration required.",,,Mountain View Public Library,Children's Room,"585 Franklin St, Mountain View, CA 94041",Mountain View,7/15/2026,6:30 pm to 7:00 pm,,,2-5,2-5,Stories,Stories,Free,https://d68g328n4ug0e.cloudfront.net/misc/3989/events/8800/2026_05_11_11_10_43.png,https://mountainview.libcal.com/event/16875105,,,,FALSE,FALSE,,6/30/26,,,Not published,,,,,,,,,,,,,,,,,,,
,STEAM Fridays,"Get ready to tinker, build, explore, and create! Join us for STEAM Fridays, a drop-in program full of hands-on activities that spark curiosity and creativity. Whether you're a budding scientist, an...",,,Mountain View Public Library,1st Floor Program Room,"585 Franklin St, Mountain View, CA 94041",Mountain View,7/17/2026,2:00 pm to 5:00 pm,,,"0-2, 2-5, 5+",All ages,Build & Explore,Build & Explore,Free,https://d68g328n4ug0e.cloudfront.net/misc/3989/events/8800/2026_04_13_15_28_19.png,https://mountainview.libcal.com/event/16535177,,,,FALSE,FALSE,,6/30/26,,,Not published,,,,,,,,,,,,,,,,,,,
,Toddler Drive In,"Little ones will design and decorate their very own “car” using cardboard boxes and craft materials provided by the library. Once their creations are complete, toddlers can settle into their custom vehicles to enjoy a selection of short picture-book video stories on the big screen. 

This hands-on, imagination-filled program encourages creativity, motor skills, and a love of stories. Perfect for toddlers and their grown-ups—come build, play, and enjoy a cozy drive-in experience made just for them!",,,Mountain View Public Library,1st Floor Program Room,"585 Franklin St, Mountain View, CA 94041",Mountain View,7/18/2026,11:00 am to 12:00 pm,,,"0-2, 2-5",0–5,"Arts & Crafts, Build & Explore","Arts & Crafts, Build & Explore",Free,https://d68g328n4ug0e.cloudfront.net/misc/3989/events/8800/2026_06_01_16_22_19.jpg,https://mountainview.libcal.com/event/16118263,,,,FALSE,FALSE,,6/30/26,,,Not published,,,,,,,,,,,,,,,,,,,
,Story Stones,"Plant a seed of creativity and let your imagination grow! Paint a rock that tells a story, or expresses your favorite part of summer. Every stone adds a touch of magic to summer reading. We would also welcome kids to donate their rock to the bookmobile to inspire readers everywhere. All materials will be provided.

This program is for children ages 5 and up.",,,Mountain View Public Library,1st Floor Program Room,"585 Franklin St, Mountain View, CA 94041",Mountain View,7/20/2026,3:30 pm to 4:30 pm,,,5+,5+,"Stories, Arts & Crafts","Stories, Arts & Crafts",Free,https://d68g328n4ug0e.cloudfront.net/misc/3989/events/8800/2026_05_27_17_58_41.jpg,https://mountainview.libcal.com/event/16934170,,,,FALSE,FALSE,,6/30/26,,,Not published,,,,,,,,,,,,,,,,,,,
,Summer Outdoor Storytime,"Bring a blanket and enjoy stories, songs, and rhymes with our Children's Librarians in Pioneer Park. Tuesdays at 10:30 a.m.

All ages welcome, no registration required. All events are weather permitting. ",,,Mountain View Public Library,Pioneer Park,"585 Franklin St, Mountain View, CA 94041",Mountain View,7/21/2026,10:30 am to 11:00 am,,,"0-2, 2-5, 5+",All ages,"Stories, Outdoor","Stories, Outdoor",Free,https://d68g328n4ug0e.cloudfront.net/misc/3989/events/8800/2026_05_08_17_01_53.jpg,https://mountainview.libcal.com/event/16546789,,,,FALSE,FALSE,,6/30/26,,,Not published,,,,,,,,,,,,,,,,,,,
,Baby Storytime,"A musical storytime for infants, babies, and new toddlers with books, baby bounces, and dancing! After storytime, we will host a brief Stay & Play for grownups to connect and mingle. This program is...",,,Mountain View Public Library,1st Floor Program Room,"585 Franklin St, Mountain View, CA 94041",Mountain View,7/22/2026,10:30 am to 11:15 am,,,"0-2, 2-5, 5+",All ages,Stories,Stories,Free,https://d68g328n4ug0e.cloudfront.net/data/feat_img/3989/8800/1738805385.png,https://mountainview.libcal.com/event/16422254,,,,FALSE,FALSE,,6/30/26,,,Not published,,,,,,,,,,,,,,,,,,,
,Magical Bridge Storytime,"Stop by the Bookmobile for stories, songs, and rhymes in the heart of Rengstorff Park! Enjoy a fun-filled storytime at the Magical Bridge Playground, and take advantage of full library services...",,,Magical Bridge Playground at Rengstorff Park,,"201 S. Rengstorff Ave, Mountain View, CA 94040",Mountain View,7/23/2026,10:00 am to 10:30 am,,,"0-2, 2-5, 5+",All ages,"Stories, Outdoor","Stories, Outdoor",Free,https://d68g328n4ug0e.cloudfront.net/misc/3989/events/8800/2026_04_10_12_23_00.jpg,https://mountainview.libcal.com/event/17084763,,,,FALSE,FALSE,,6/30/26,,,Not published,,,,,,,,,,,,,,,,,,,
,STEAM Fridays,"Get ready to tinker, build, explore, and create!

Join us for STEAM Fridays, a drop-in program full of hands-on activities that spark curiosity and creativity. Whether you're a budding scientist, an imaginative engineer, or an artistic innovator, there’s something for everyone to discover.

Each week features a variety of self-directed projects in Science, Technology, Engineering, Art, and Math, perfect for curious minds who love to experiment and play.",,,Mountain View Public Library,1st Floor Program Room,"585 Franklin St, Mountain View, CA 94041",Mountain View,7/24/2026,9:00 am to 5:00 pm,,,"0-2, 2-5, 5+",All ages,Build & Explore,Build & Explore,Free,https://d68g328n4ug0e.cloudfront.net/misc/3989/events/8800/2026_04_13_15_28_41.png,https://mountainview.libcal.com/event/16535178,,,,FALSE,FALSE,,6/30/26,,,Not published,,,,,,,,,,,,,,,,,,,
,Sleepy Stories,"Snuggle in for a cozy pajama storytime! Join us for gentle rhymes, delightful books, songs, and a little dancing---perfect for winding down together.",,,Mountain View Public Library,1st Floor Program Room,"585 Franklin St, Mountain View, CA 94041",Mountain View,7/27/2026,6:30 pm to 7:00 pm,,,"0-2, 2-5, 5+",All ages,Stories,Stories,Free,,https://mountainview.libcal.com/event/16677136,,,,FALSE,FALSE,,6/30/26,,,Not published,,,,,,,,,,,,,,,,,,,
,Summer Outdoor Storytime,"Bring a blanket and enjoy stories, songs, and rhymes with our Children's Librarians in Pioneer Park. Tuesdays at 10:30 a.m. All ages welcome, no registration required. All events are weather...",,,Mountain View Public Library,Pioneer Park,"585 Franklin St, Mountain View, CA 94041",Mountain View,7/28/2026,10:30 am to 11:00 am,,,"0-2, 2-5, 5+",All ages,"Stories, Outdoor","Stories, Outdoor",Free,https://d68g328n4ug0e.cloudfront.net/misc/3989/events/8800/2026_05_08_17_01_53.jpg,https://mountainview.libcal.com/event/16546790,,,,FALSE,FALSE,,6/30/26,,,Not published,,,,,,,,,,,,,,,,,,,
,Baby Storytime,"A musical storytime for infants, babies, and new toddlers with books, baby bounces, and dancing! After storytime, we will host a brief Stay & Play for grownups to connect and mingle. This program is...",,,Mountain View Public Library,1st Floor Program Room,"585 Franklin St, Mountain View, CA 94041",Mountain View,7/29/2026,10:30 am to 11:15 am,,,"0-2, 2-5, 5+",All ages,Stories,Stories,Free,https://d68g328n4ug0e.cloudfront.net/data/feat_img/3989/8800/1738805385.png,https://mountainview.libcal.com/event/16422255,,,,FALSE,FALSE,,6/30/26,,,Not published,,,,,,,,,,,,,,,,,,,
,LEGO® Time,It's an open invitation to a LEGO® building extravaganza! Everyone is encouraged to participate in the construction excitement. LEGOs® will be supplied Join the building fun on two...,,,Mountain View Public Library,1st Floor Program Room,"585 Franklin St, Mountain View, CA 94041",Mountain View,7/29/2026,6:30 pm to 7:30 pm,,,2-5,2-5,"Arts & Crafts, Build & Explore","Arts & Crafts, Build & Explore",Free,https://d68g328n4ug0e.cloudfront.net/misc/3989/events/8800/2026_05_13_15_45_47.webp,https://mountainview.libcal.com/event/16892567,,,,FALSE,FALSE,,6/30/26,,,Not published,,,,,,,,,,,,,,,,,,,
,STEAM Fridays,"Get ready to tinker, build, explore, and create!

Join us for STEAM Fridays, a drop-in program full of hands-on activities that spark curiosity and creativity. Whether you're a budding scientist, an imaginative engineer, or an artistic innovator, there’s something for everyone to discover.

Each week features a variety of self-directed projects in Science, Technology, Engineering, Art, and Math, perfect for curious minds who love to experiment and play.",,,Mountain View Public Library,1st Floor Program Room,"585 Franklin St, Mountain View, CA 94041",Mountain View,7/31/2026,2:00 pm to 5:00 pm,,,"0-2, 2-5, 5+",All ages,Build & Explore,Build & Explore,Free,https://d68g328n4ug0e.cloudfront.net/misc/3989/events/8800/2026_04_13_15_29_10.png,https://mountainview.libcal.com/event/16535181,,,,FALSE,FALSE,,6/30/26,,,Not published,,,,,,,,,,,,,,,,,,,
,Smart Start Babytime,"Smart Start Babytime is a special program for babies (0--2) and their caregivers that blends stories, songs, and early play with different information each week with a pediatric resident from Stanford...",,,Mountain View Public Library,1st Floor Program Room,"585 Franklin St, Mountain View, CA 94041",Mountain View,8/3/2026,6:00 pm to 7:00 pm,,,"0-2, 2-5, 5+",All ages,Stories,Stories,Free,https://d68g328n4ug0e.cloudfront.net/misc/3989/events/8800/2026_06_17_11_57_28.jpg,https://mountainview.libcal.com/event/16916946,,,,FALSE,FALSE,,6/30/26,,,Not published,,,,,,,,,,,,,,,,,,,
,Summer Outdoor Storytime,"Bring a blanket and enjoy stories, songs, and rhymes with our Children's Librarians in Pioneer Park. Tuesdays at 10:30 a.m. All ages welcome, no registration required. All events are weather...",,,Mountain View Public Library,Pioneer Park,"585 Franklin St, Mountain View, CA 94041",Mountain View,8/4/2026,10:30 am to 11:00 am,,,"0-2, 2-5, 5+",All ages,"Stories, Outdoor","Stories, Outdoor",Free,https://d68g328n4ug0e.cloudfront.net/misc/3989/events/8800/2026_05_08_17_01_53.jpg,https://mountainview.libcal.com/event/16546791,,,,FALSE,FALSE,,6/30/26,,,Not published,,,,,,,,,,,,,,,,,,,
,Stuffed Animal Sleepover,"Wear your PJs and bring a favorite stuffed animal for storytime. After storytime, children will tuck in their stuffies for an overnight library sleepover. Children will practice healthy separation,...",,,Mountain View Public Library,1st Floor Program Room,"585 Franklin St, Mountain View, CA 94041",Mountain View,8/5/2026,6:30 pm to 7:15 pm,,,2-5,2-5,"Stories, Build & Explore","Stories, Build & Explore",Free,https://d68g328n4ug0e.cloudfront.net/misc/3989/events/8800/2026_06_01_16_21_41.jpg,https://mountainview.libcal.com/event/16620736,,,,FALSE,FALSE,,6/30/26,,,Not published,,,,,,,,,,,,,,,,,,,
,Pages and Paws Reading Buddy,"Therapy reading dogs provide a comforting presence for children as they navigate the exciting realm of books. This initiative aims to build confidence, enhance literacy skills and instill a lifelong...",,,Mountain View Public Library,1st Floor Program Room,"585 Franklin St, Mountain View, CA 94041",Mountain View,8/7/2026,3:30 pm to 4:30 pm,,,"0-2, 2-5, 5+",All ages,Stories,Stories,Free,https://d68g328n4ug0e.cloudfront.net/data/feat_img/3989/8800/1732669547.png,https://mountainview.libcal.com/event/16357818,,,,FALSE,FALSE,,6/30/26,,,Not published,,,,,,,,,,,,,,,,,,,
,Summer Outdoor Storytime,"Bring a blanket and enjoy stories, songs, and rhymes with our Children's Librarians in Pioneer Park. Tuesdays at 10:30 a.m. All ages welcome, no registration required. All events are weather...",,,Mountain View Public Library,Pioneer Park,"585 Franklin St, Mountain View, CA 94041",Mountain View,8/11/2026,10:30 am to 11:00 am,,,"0-2, 2-5, 5+",All ages,"Stories, Outdoor","Stories, Outdoor",Free,https://d68g328n4ug0e.cloudfront.net/misc/3989/events/8800/2026_05_08_17_01_53.jpg,https://mountainview.libcal.com/event/16546792,,,,FALSE,FALSE,,6/30/26,,,Not published,,,,,,,,,,,,,,,,,,,
,Bilingual Storytime: Mandarin/English,"Stories, rhymes and songs in Mandarin and English with Miss Renee in the Children's Room Octagon. For ages 2-5, no registration required.",,,Mountain View Public Library,Children's Room,"585 Franklin St, Mountain View, CA 94041",Mountain View,8/12/2026,6:30 pm to 7:00 pm,,,2-5,2-5,Stories,Stories,Free,https://d68g328n4ug0e.cloudfront.net/misc/3989/events/8800/2026_05_11_11_10_43.png,https://mountainview.libcal.com/event/16875108,,,,FALSE,FALSE,,6/30/26,,,Not published,,,,,,,,,,,,,,,,,,,
,Magical Bridge Storytime,"Stop by the Bookmobile for stories, songs, and rhymes in the heart of Rengstorff Park! Enjoy a fun-filled storytime at the Magical Bridge Playground, and take advantage of full library services...",,,Magical Bridge Playground at Rengstorff Park,,"201 S. Rengstorff Ave, Mountain View, CA 94040",Mountain View,8/13/2026,10:00 am to 10:30 am,,,"0-2, 2-5, 5+",All ages,"Stories, Outdoor","Stories, Outdoor",Free,https://d68g328n4ug0e.cloudfront.net/misc/3989/events/8800/2026_04_10_12_23_00.jpg,https://mountainview.libcal.com/event/17084764,,,,FALSE,FALSE,,6/30/26,,,Not published,,,,,,,,,,,,,,,,,,,
,Tech Take Apart,"Curious about what's inside a computer? Join us for this hands-on program where kids can take apart e-waste like CPUs, monitors, and mice to discover how computers work. Learn about the different...",,,Mountain View Public Library,1st Floor Program Room,"585 Franklin St, Mountain View, CA 94041",Mountain View,8/14/2026,3:00 pm to 5:00 pm,,,"0-2, 2-5, 5+",All ages,Build & Explore,Build & Explore,Free,https://d68g328n4ug0e.cloudfront.net/misc/3989/events/8800/2026_04_13_15_32_26.png,https://mountainview.libcal.com/event/16727119,,,,FALSE,FALSE,,6/30/26,,,Not published,,,,,,,,,,,,,,,,,,,
,Sleepy Stories,"Snuggle in for a cozy pajama storytime! Join us for gentle rhymes, delightful books, songs, and a little dancing---perfect for winding down together.",,,Mountain View Public Library,1st Floor Program Room,"585 Franklin St, Mountain View, CA 94041",Mountain View,8/24/2026,6:30 pm to 7:00 pm,,,"0-2, 2-5, 5+",All ages,Stories,Stories,Free,,https://mountainview.libcal.com/event/16677137,,,,FALSE,FALSE,,6/30/26,,,Not published,,,,,,,,,,,,,,,,,,,
,Magical Bridge Storytime,"Stop by the Bookmobile for stories, songs, and rhymes in the heart of Rengstorff Park! Enjoy a fun-filled storytime at the Magical Bridge Playground, and take advantage of full library services...",,,Magical Bridge Playground at Rengstorff Park,,"201 S. Rengstorff Ave, Mountain View, CA 94040",Mountain View,8/27/2026,10:00 am to 10:30 am,,,"0-2, 2-5, 5+",All ages,"Stories, Outdoor","Stories, Outdoor",Free,https://d68g328n4ug0e.cloudfront.net/misc/3989/events/8800/2026_04_10_12_23_00.jpg,https://mountainview.libcal.com/event/17084765,,,,FALSE,FALSE,,6/30/26,,,Not published,,,,,,,,,,,,,,,,,,,
,Smart Start Babytime,"Smart Start Babytime is a special program for babies (0--2) and their caregivers that blends stories, songs, and early play with different information each week with a pediatric resident from Stanford...",,,Mountain View Public Library,1st Floor Program Room,"585 Franklin St, Mountain View, CA 94041",Mountain View,8/31/2026,6:00 pm to 7:00 pm,,,"0-2, 2-5, 5+",All ages,Stories,Stories,Free,https://d68g328n4ug0e.cloudfront.net/misc/3989/events/8800/2026_06_17_11_57_28.jpg,https://mountainview.libcal.com/event/16916947,,,,FALSE,FALSE,,6/30/26,,,Not published,,,,,,,,,,,,,,,,,,,
,Pages and Paws Reading Buddy,"Therapy reading dogs provide a comforting presence for children as they navigate the exciting realm of books. This initiative aims to build confidence, enhance literacy skills and instill a lifelong...",,,Mountain View Public Library,1st Floor Program Room,"585 Franklin St, Mountain View, CA 94041",Mountain View,9/4/2026,3:30 pm to 4:30 pm,,,"0-2, 2-5, 5+",All ages,Stories,Stories,Free,https://d68g328n4ug0e.cloudfront.net/data/feat_img/3989/8800/1732669547.png,https://mountainview.libcal.com/event/16357819,,,,FALSE,FALSE,,6/30/26,,,Not published,,,,,,,,,,,,,,,,,,,
,Smart Start Babytime,"Smart Start Babytime is a special program for babies (0--2) and their caregivers that blends stories, songs, and early play with different information each week with a pediatric resident from Stanford...",,,Mountain View Public Library,1st Floor Program Room,"585 Franklin St, Mountain View, CA 94041",Mountain View,9/28/2026,6:00 pm to 7:00 pm,,,"0-2, 2-5, 5+",All ages,Stories,Stories,Free,https://d68g328n4ug0e.cloudfront.net/misc/3989/events/8800/2026_06_17_11_57_28.jpg,https://mountainview.libcal.com/event/16916948,,,,FALSE,FALSE,,6/30/26,,,Not published,,,,,,,,,,,,,,,,,,,
,Pages and Paws Reading Buddy,"Therapy reading dogs provide a comforting presence for children as they navigate the exciting realm of books. This initiative aims to build confidence, enhance literacy skills and instill a lifelong...",,,Mountain View Public Library,1st Floor Program Room,"585 Franklin St, Mountain View, CA 94041",Mountain View,10/2/2026,3:30 pm to 4:30 pm,,,"0-2, 2-5, 5+",All ages,Stories,Stories,Free,https://d68g328n4ug0e.cloudfront.net/data/feat_img/3989/8800/1732669547.png,https://mountainview.libcal.com/event/16357820,,,,FALSE,FALSE,,6/30/26,,,Not published,,,,,,,,,,,,,,,,,,,
,Smart Start Babytime,"Smart Start Babytime is a special program for babies (0--2) and their caregivers that blends stories, songs, and early play with different information each week with a pediatric resident from Stanford...",,,Mountain View Public Library,1st Floor Program Room,"585 Franklin St, Mountain View, CA 94041",Mountain View,10/26/2026,6:00 pm to 7:00 pm,,,"0-2, 2-5, 5+",All ages,Stories,Stories,Free,https://d68g328n4ug0e.cloudfront.net/misc/3989/events/8800/2026_06_17_11_57_28.jpg,https://mountainview.libcal.com/event/16916949,,,,FALSE,FALSE,,6/30/26,,,Not published,,,,,,,,,,,,,,,,,,,
,Pages and Paws Reading Buddy,"Therapy reading dogs provide a comforting presence for children as they navigate the exciting realm of books. This initiative aims to build confidence, enhance literacy skills and instill a lifelong...",,,Mountain View Public Library,1st Floor Program Room,"585 Franklin St, Mountain View, CA 94041",Mountain View,11/6/2026,3:30 pm to 4:30 pm,,,"0-2, 2-5, 5+",All ages,Stories,Stories,Free,https://d68g328n4ug0e.cloudfront.net/data/feat_img/3989/8800/1732669547.png,https://mountainview.libcal.com/event/16357821,,,,FALSE,FALSE,,6/30/26,,,Not published,,,,,,,,,,,,,,,,,,,
,Smart Start Babytime,"Smart Start Babytime is a special program for babies (0--2) and their caregivers that blends stories, songs, and early play with different information each week with a pediatric resident from Stanford...",,,Mountain View Public Library,1st Floor Program Room,"585 Franklin St, Mountain View, CA 94041",Mountain View,11/23/2026,6:00 pm to 7:00 pm,,,"0-2, 2-5",0–5,Stories,Stories,Free,https://d68g328n4ug0e.cloudfront.net/misc/3989/events/8800/2026_06_17_11_57_28.jpg,https://mountainview.libcal.com/event/16916950,,,,FALSE,FALSE,,6/30/26,,,Not published,,,,,,,,,,,,,,,,,,,
,Pages and Paws Reading Buddy,"Therapy reading dogs provide a comforting presence for children as they navigate the exciting realm of books. This initiative aims to build confidence, enhance literacy skills and instill a lifelong...",,,Mountain View Public Library,1st Floor Program Room,"585 Franklin St, Mountain View, CA 94041",Mountain View,12/4/2026,3:30 pm to 4:30 pm,,,,,Stories,Stories,Free,https://d68g328n4ug0e.cloudfront.net/data/feat_img/3989/8800/1732669547.png,https://mountainview.libcal.com/event/16357822,,,,FALSE,FALSE,,6/30/26,,,Not published,,,,,,,,,,,,,,,,,,,
,Smart Start Babytime,"Smart Start Babytime is a special program for babies (0--2) and their caregivers that blends stories, songs, and early play with different information each week with a pediatric resident from Stanford...",,,Mountain View Public Library,1st Floor Program Room,"585 Franklin St, Mountain View, CA 94041",Mountain View,12/21/2026,6:00 pm to 7:00 pm,,,"0-2, 2-5",0–5,Stories,Stories,Free,https://d68g328n4ug0e.cloudfront.net/misc/3989/events/8800/2026_06_17_11_57_28.jpg,https://mountainview.libcal.com/event/16916951,,,,FALSE,FALSE,,6/30/26,,,Not published,,,,,,,,,,,,,,,,,,,
,Pages and Paws Reading Buddy,"Therapy reading dogs provide a comforting presence for children as they navigate the exciting realm of books. This initiative aims to build confidence, enhance literacy skills and instill a lifelong...",,,Mountain View Public Library,1st Floor Program Room,"585 Franklin St, Mountain View, CA 94041",Mountain View,1/8/2027,3:30 pm to 4:30 pm,,,,,Stories,Stories,Free,https://d68g328n4ug0e.cloudfront.net/data/feat_img/3989/8800/1732669547.png,https://mountainview.libcal.com/event/16357823,,,,FALSE,FALSE,,6/30/26,,,Not published,,,,,,,,,,,,,,,,,,,
,Summer Concert: Marshall Magoon Magic,,,,Linden Tree Books,,"265 State Street
Los Altos, CA 94022",Los Altos,7/9/2026,11:00 AM,,,"0-2, 2-5, 5+",All ages,Music & Movement,Music & Movement,Free,,https://www.lindentreebooks.com/events-calendar/,,,,FALSE,FALSE,,6/30/26,,,Not published,,,,,,,,,,,,,,,,,,,
,Summer Concert: Wiley Rankin & Jump for Joy Music,,,,Linden Tree Books,,"265 State Street
Los Altos, CA 94022",Los Altos,7/16/2026,11:00 AM,,,"0-2, 2-5, 5+",All ages,Music & Movement,Music & Movement,Free,,https://www.lindentreebooks.com/events-calendar/,,,,FALSE,FALSE,,6/30/26,,,Not published,,,,,,,,,,,,,,,,,,,
,"Book Launch with Dashka Slater, The Big One","Marina was the smallest of the town's children. Nana was the oldest of the town's elders. But even the old and the small have dreams.
 
 When word spreads around their small fishing town that the Big One is close to shore, Marina and Nana know that they will be the ones to catch the elusive and legendary fish. ""When we catch the Big One,"" says Nana, ""we'll need four hands to haul him in and two mouths to tell the story.""
 
 They set out in a tiny boat with only grit, gumption, and a rose-ripe peach for bait. But the Big One doesn't appear that day. Or the day after that. Each time, Marina listens carefully for the swish of the Big One's tail, but each time there's nary a nibble on their peach. Nana is certain they'll catch him, but Marina isn't so sure anymore. Then one morning, when the mist is so thick they can't see a thing, something giant nudges the boat. What they find is something much bigger -- and astounding -- than they could have ever imagined!",,,Linden Tree Books,,"265 State Street
Los Altos, CA 94022",Los Altos,7/18/2026,11:00 AM,,,"0-2, 2-5, 5+",All ages,Stories,Stories,Free,,https://www.lindentreebooks.com/events-calendar/,,,,FALSE,FALSE,,6/30/26,,,Not published,,,,,,,,,,,,,,,,,,,
,"Storytime with Rob Sayegh Jr., Big Rig Pig","Join us for a special storytime with illustrator Rob Sayegh Jr. as he shares his delightful new picture book, [Big Rig Pig](https://www.lindentreebooks.com/big-rig-pig.html), written by Claire Tattersfield.
 
 When Miles spends the whole day helping out others, hauling boxes, five tons of apples, and even an entire circus, he learns that maybe he doesn't have to do it all. And that sometimes, it's okay if he's the one who needs help; good friends will always be there to lend a helping hand, or truck!
 
 With bouncy, rhyming text and comically expressive art from *New York Times* bestselling duo Claire Tattersfield and Rob Sayegh Jr., *Big Rig Pig*is a sweet and funny story about Miles Bacon, the determined and dependable truck-driving pig. Perfect for little ones who love Things That Go!",,,Linden Tree Books,,"265 State Street
Los Altos, CA 94022",Los Altos,7/19/2026,10:30 AM,,,"0-2, 2-5, 5+",All ages,"Stories, Outdoor","Stories, Outdoor",Free,,https://www.lindentreebooks.com/events-calendar/,,,,FALSE,FALSE,,6/30/26,,,Not published,,,,,,,,,,,,,,,,,,,
,Summer Concert: Andy Z,,,,Linden Tree Books,,"265 State Street
Los Altos, CA 94022",Los Altos,7/23/2026,11:00 AM,,,"0-2, 2-5, 5+",All ages,Music & Movement,Music & Movement,Free,,https://www.lindentreebooks.com/events-calendar/,,,,FALSE,FALSE,,6/30/26,,,Not published,,,,,,,,,,,,,,,,,,,
,"Book Launch with Jen de Oliveira, Pip & Pals: Otter Space!","We're excited to welcome author-illustrator Jen de Oliveira back to our store for the launch of her new early graphic novel series, [Pip & Pals: Otter Space!](https://www.lindentreebooks.com/pip-pals-1-otter-space.html) Pre-order the book through Linden Tree to get a signed copy and special sticker.
 
 Pip is a playful otter who loves adventure and exploring in her seaside cove with her friends. One day, Pip emerges from the water to find her fur has turned GREEN!? Herman, the hermit crab thinks it's something she ate, but TJ, the tern, knows it can mean only one thing...Pip isn't from the seaside cove, but from Otter Space!
 
 So, hilarious hijinks ensue as the friends figure out how to get Pip back home, only for Pip and her pals to realize that home is wherever her friends are. Dive into this early reader graphic novel series featuring irresistible Pip who is an otter like no *other*, perfect for emerging readers.",,,Linden Tree Books,,"265 State Street
Los Altos, CA 94022",Los Altos,7/25/2026,11:00 AM,,,"0-2, 2-5, 5+",All ages,Stories,Stories,Free,,https://www.lindentreebooks.com/events-calendar/,,,,FALSE,FALSE,,6/30/26,,,Not published,,,,,,,,,,,,,,,,,,,
,"Storytime with Lisa Frenkel Riddiough, Furious Turtle","Join us for a special storytime with author Lisa Frenkel Riddiough as she shares her adorable new picture book, [Furious Turtle](https://www.lindentreebooks.com/furious-turtle.html), illustrated by Andrea Tsurumi.
 
 What is Turtle to do when his fishing pole breaks, he isn't the winner of the drawing contest, his number isn't chosen during the prize walk, and the arcade machine won't accept his token? He gets frustrated, flabbergasted, and, of course, furious! But with help from his teacher Ms. Bunny, Turtle learns how to transform his anger into peace.
 
 This second book in the Forest School of Big Feelings series from Lisa Frenkel Riddiough and Andrea Tsurumi offers a relatable look at tackling big feelings, losing with grace, and discovering your own calm in the face of chaos.",,,Linden Tree Books,,"265 State Street
Los Altos, CA 94022",Los Altos,7/26/2026,10:30 AM,,,"0-2, 2-5, 5+",All ages,"Stories, Arts & Crafts, Build & Explore, Classes","Stories, Arts & Crafts, Build & Explore, Classes",Free,,https://www.lindentreebooks.com/events-calendar/,,,,FALSE,FALSE,,6/30/26,,,Not published,,,,,,,,,,,,,,,,,,,
,Summer Concert: James Henry's House of Samba Kids,,,,Linden Tree Books,,"265 State Street
Los Altos, CA 94022",Los Altos,7/30/2026,11:00 AM,,,"0-2, 2-5, 5+",All ages,Music & Movement,Music & Movement,Free,,https://www.lindentreebooks.com/events-calendar/,,,,FALSE,FALSE,,6/30/26,,,Not published,,,,,,,,,,,,,,,,,,,
,Experiment Extravaganza,,,,Linden Tree Books,,"265 State Street
Los Altos, CA 94022",Los Altos,8/1/2026,3:00 PM,,,"0-2, 2-5, 5+",All ages,Build & Explore,Build & Explore,Free,,https://www.jotform.com/form/261546842625058,,,,FALSE,FALSE,,6/30/26,,,Not published,,,,,,,,,,,,,,,,,,,
,"Storytime with Alan Barillaro, Today We'll Be Eaten","We're excited to welcome award-winning author-illustrator Alan Barillaro back to Linden Tree to celebrate the launch of his delightful new picture book, [Today We'll Be Eaten](https://www.lindentreebooks.com/today-well-be-eaten.html).
 
 Ladybug and Dragonfly are caught in a storm, floating upside down and helplessly on the river. They are certain that today they'll be eaten.
 
 But as they stare nervously up at the sky, waiting for that terrible fate... something vastly different happens. By the next morning, they will have made some surprising new friends and learned much about living in the moment and being open to the unexpected.",,,Linden Tree Books,,"265 State Street
Los Altos, CA 94022",Los Altos,8/2/2026,10:30 AM,,,"0-2, 2-5, 5+",All ages,Stories,Stories,Free,,https://www.lindentreebooks.com/events-calendar/,,,,FALSE,FALSE,,7/2/26,,,Not published,,,,,,,,,,,,,,,,,,,
,Find Waldo Prize Party and Raffle,,,,Linden Tree Books,,"265 State Street
Los Altos, CA 94022",Los Altos,8/2/2026,4:00 PM,,,"0-2, 2-5, 5+",All ages,Other,Other,Free,,https://www.lindentreebooks.com/events-calendar/,,,,FALSE,FALSE,,7/2/26,,,Not published,,,,,,,,,,,,,,,,,,,
,Battle of the Books,,,,State Street Market,,,,8/15/2026,3:00 PM,,,,,Other,Other,Free,,https://www.lindentreebooks.com/service/battle-of-the-books-2026/,,,,FALSE,FALSE,,7/2/26,,,Not published,,,,,,,,,,,,,,,,,,,
,Middle Grade Book Club: The Missing Magic of Sparrow Xia,"It's the next meeting of our middle grade book club for ages 9+! Led by bookseller extraordinaire Lorilee, we hope to introduce interested readers to amazing new books and the opportunity to talk about them in a fun, relaxed group setting.
 
 This month's book is [The Missing Magic of Sparrow Xia](https://www.lindentreebooks.com/the-missing-magic-of-sparrow-xia-an-illustrated-no.html) by Leia Ham, an unforgettable magical school story set in a world where kids have magic but adults don't. Please email [lorilee@lindentreebooks.com](mailto:lorilee@lindentreebooks.com) to RSVP.
 
 To Sparrow Xia, power feels like fire; red-hot sparks dancing along her fingertips, or the blazing flames her brother wields. In a world where kids have magic and adults don't, being a super-rare fire mage should give her the edge she needs to make the most of her magical years. But Sparrow feels like a fraud---for all its rarity, her fire-magic is so weak she can barely conjure more than a match flame. Starting school at Zenith Academy for Magical Development is her one chance to finally strengthen her magic---to turn her pitiful match flame into something powerful. Something special.
 
 While Sparrow battles to master her talents, a strange illness begins to seep into the school, draining students of their magic. When Sparrow and her new friends are drawn into the search for a cure, they'll soon find that when magic means everything, some people will go to terrifying lengths to try to keep it...",,,Linden Tree Books,,"265 State Street
Los Altos, CA 94022",Los Altos,8/30/2026,4:00 PM,,,,,Other,Other,Free,,https://www.lindentreebooks.com/events-calendar/,,,,FALSE,FALSE,,7/2/26,,,Not published,,,,,,,,,,,,,,,,,,,
,"Book Launch with Raina Telgemeier and Gale Galligan, The Baby-Sitters Club Super Special: Baby-Sitters On Board","Linden Tree Books is excited to host bestselling authors Raina Telgemeier and Gale Galligan for the launch of The Baby-Sitters Club Super Special graphic novel, *Baby-Sitters on Board* ! [**Buy tickets now >>**](https://www.lindentreebooks.com/bsc)
 
 Join us for an hour-long conversation with Raina and Gale as they discuss their team-up and return to The Baby-Sitters Club. At the end of their conversation, there will be time for audience Q&A, followed by an opportunity to take photos with Raina & Gale. They will not be signing books at the event.
 
 Each ticket includes a copy of *Baby-Sitters on Board* , with a bookplate signed by both Raina and Gale. Additional copies of The Baby-Sitters Club graphic novels, as well as Raina and Gale's other books, will be available for sale at the event.
 
 This event will be held at Gunn High School's Spangenberg Theater at 780 Arastradero Road in Palo Alto, CA. [**Buy tickets now >>**](https://www.lindentreebooks.com/bsc)",,,Spangenberg Theater in Palo Alto,,,,9/13/2026,4:00 PM,,,"0-2, 2-5, 5+",All ages,Other,Other,Free,https://cdn.shoplightspeed.com/shops/611345/files/76427608/raina-telgemeier-gale-galligan-sunday-september-13.jpg,https://www.lindentreebooks.com/bsc,,,,FALSE,FALSE,,7/2/26,,,Not published,,,,,,,,,,,,,,,,,,,
,Outdoor Storytime,Join us every Sunday morning at 10:30am in front of the store as one of our booksellers (or perhaps a local author) shares some of their favorite read-alouds. (Grab a tasty treat from our neighbors at Manresa Bread while your kids enjoy the stories!) All storytimes feature picture books and are appropriate for all ages.,,,Linden Tree Books,,"265 State Street
Los Altos, CA 94022",Los Altos,7/5/2026,10:30 AM,,,"0-2, 2-5, 5+",All ages,"Stories, Outdoor","Stories, Outdoor",Free,,https://www.lindentreebooks.com/events-calendar/,,,,FALSE,FALSE,,7/2/26,,,Not published,,,,,,,,,,,,,,,,,,,
,Outdoor Storytime,Join us every Sunday morning at 10:30am in front of the store as one of our booksellers (or perhaps a local author) shares some of their favorite read-alouds. (Grab a tasty treat from our neighbors at Manresa Bread while your kids enjoy the stories!) All storytimes feature picture books and are appropriate for all ages.,,,Linden Tree Books,,"265 State Street
Los Altos, CA 94022",Los Altos,7/12/2026,10:30 AM,,,"0-2, 2-5, 5+",All ages,"Stories, Outdoor","Stories, Outdoor",Free,,https://www.lindentreebooks.com/events-calendar/,,,,FALSE,FALSE,,7/2/26,,,Not published,,,,,,,,,,,,,,,,,,,
,Outdoor Storytime,Join us every Sunday morning at 10:30am in front of the store as one of our booksellers (or perhaps a local author) shares some of their favorite read-alouds. (Grab a tasty treat from our neighbors at Manresa Bread while your kids enjoy the stories!) All storytimes feature picture books and are appropriate for all ages.,,,Linden Tree Books,,"265 State Street
Los Altos, CA 94022",Los Altos,7/19/2026,10:30 AM,,,"0-2, 2-5, 5+",All ages,"Stories, Outdoor","Stories, Outdoor",Free,,https://www.lindentreebooks.com/events-calendar/,,,,FALSE,FALSE,,7/2/26,,,Not published,,,,,,,,,,,,,,,,,,,
,Outdoor Storytime,Join us every Sunday morning at 10:30am in front of the store as one of our booksellers (or perhaps a local author) shares some of their favorite read-alouds. (Grab a tasty treat from our neighbors at Manresa Bread while your kids enjoy the stories!) All storytimes feature picture books and are appropriate for all ages.,,,Linden Tree Books,,"265 State Street
Los Altos, CA 94022",Los Altos,7/26/2026,10:30 AM,,,"0-2, 2-5, 5+",All ages,"Stories, Outdoor","Stories, Outdoor",Free,,https://www.lindentreebooks.com/events-calendar/,,,,FALSE,FALSE,,7/2/26,,,Not published,,,,,,,,,,,,,,,,,,,
,Outdoor Storytime,Join us every Sunday morning at 10:30am in front of the store as one of our booksellers (or perhaps a local author) shares some of their favorite read-alouds. (Grab a tasty treat from our neighbors at Manresa Bread while your kids enjoy the stories!) All storytimes feature picture books and are appropriate for all ages.,,,Linden Tree Books,,"265 State Street
Los Altos, CA 94022",Los Altos,8/2/2026,10:30 AM,,,"0-2, 2-5, 5+",All ages,"Stories, Outdoor","Stories, Outdoor",Free,,https://www.lindentreebooks.com/events-calendar/,,,,FALSE,FALSE,,7/2/26,,,Not published,,,,,,,,,,,,,,,,,,,
,Outdoor Storytime,Join us every Sunday morning at 10:30am in front of the store as one of our booksellers (or perhaps a local author) shares some of their favorite read-alouds. (Grab a tasty treat from our neighbors at Manresa Bread while your kids enjoy the stories!) All storytimes feature picture books and are appropriate for all ages.,,,Linden Tree Books,,"265 State Street
Los Altos, CA 94022",Los Altos,8/9/2026,10:30 AM,,,"0-2, 2-5, 5+",All ages,"Stories, Outdoor","Stories, Outdoor",Free,,https://www.lindentreebooks.com/events-calendar/,,,,FALSE,FALSE,,7/2/26,,,Not published,,,,,,,,,,,,,,,,,,,
,Outdoor Storytime,Join us every Sunday morning at 10:30am in front of the store as one of our booksellers (or perhaps a local author) shares some of their favorite read-alouds. (Grab a tasty treat from our neighbors at Manresa Bread while your kids enjoy the stories!) All storytimes feature picture books and are appropriate for all ages.,,,Linden Tree Books,,"265 State Street
Los Altos, CA 94022",Los Altos,8/16/2026,10:30 AM,,,"0-2, 2-5, 5+",All ages,"Stories, Outdoor","Stories, Outdoor",Free,,https://www.lindentreebooks.com/events-calendar/,,,,FALSE,FALSE,,7/2/26,,,Not published,,,,,,,,,,,,,,,,,,,
,Outdoor Storytime,Join us every Sunday morning at 10:30am in front of the store as one of our booksellers (or perhaps a local author) shares some of their favorite read-alouds. (Grab a tasty treat from our neighbors at Manresa Bread while your kids enjoy the stories!) All storytimes feature picture books and are appropriate for all ages.,,,Linden Tree Books,,"265 State Street
Los Altos, CA 94022",Los Altos,8/23/2026,10:30 AM,,,"0-2, 2-5, 5+",All ages,"Stories, Outdoor","Stories, Outdoor",Free,,https://www.lindentreebooks.com/events-calendar/,,,,FALSE,FALSE,,7/2/26,,,Not published,,,,,,,,,,,,,,,,,,,
,Outdoor Storytime,Join us every Sunday morning at 10:30am in front of the store as one of our booksellers (or perhaps a local author) shares some of their favorite read-alouds. (Grab a tasty treat from our neighbors at Manresa Bread while your kids enjoy the stories!) All storytimes feature picture books and are appropriate for all ages.,,,Linden Tree Books,,"265 State Street
Los Altos, CA 94022",Los Altos,8/30/2026,10:30 AM,,,"0-2, 2-5, 5+",All ages,"Stories, Outdoor","Stories, Outdoor",Free,,https://www.lindentreebooks.com/events-calendar/,,,,FALSE,FALSE,,7/2/26,,,Not published,,,,,,,,,,,,,,,,,,,
,Outdoor Storytime,Join us every Sunday morning at 10:30am in front of the store as one of our booksellers (or perhaps a local author) shares some of their favorite read-alouds. (Grab a tasty treat from our neighbors at Manresa Bread while your kids enjoy the stories!) All storytimes feature picture books and are appropriate for all ages.,,,Linden Tree Books,,"265 State Street
Los Altos, CA 94022",Los Altos,9/6/2026,10:30 AM,,,"0-2, 2-5, 5+",All ages,"Stories, Outdoor","Stories, Outdoor",Free,,https://www.lindentreebooks.com/events-calendar/,,,,FALSE,FALSE,,7/2/26,,,Not published,,,,,,,,,,,,,,,,,,,
,Outdoor Storytime,Join us every Sunday morning at 10:30am in front of the store as one of our booksellers (or perhaps a local author) shares some of their favorite read-alouds. (Grab a tasty treat from our neighbors at Manresa Bread while your kids enjoy the stories!) All storytimes feature picture books and are appropriate for all ages.,,,Linden Tree Books,,"265 State Street
Los Altos, CA 94022",Los Altos,9/13/2026,10:30 AM,,,"0-2, 2-5, 5+",All ages,"Stories, Outdoor","Stories, Outdoor",Free,,https://www.lindentreebooks.com/events-calendar/,,,,FALSE,FALSE,,7/2/26,,,Not published,,,,,,,,,,,,,,,,,,,
,Zootopia 2: Family Movie Night Series 2026,"Join the City of Palo Alto's Recreation Department for the 6th annual Summer Family Movie Night Series! The Community Services Department is excited to bring families together for an unforgettable evening under the stars.Bring your blankets, lawn chairs, and snacks for a fun-filled family night. We can't wait to see you there!",,,Mitchell Park Athletics Fields,,"600 East Meadow Drive, Palo Alto, CA, 94303",,7/10/2026,07:30 PM to 10:30 PM,,,,,Social & Play,"Outdoor, Social & Play",Free,https://www.paloalto.gov/files/assets/public/v/1/community-services/special-events/summer-2026-family-movie-nights-8.5-x-11-in.png?dimension=pageimagefullwidth&w=1140,https://www.paloalto.gov/Events-Directory/Community-Services/Family-Movie-Night-Series-2026,,,,FALSE,FALSE,,7/2/26,,,Not published,,,,,,,,,,,,,,,,,,,
,Goat: Family Movie Night Series 2026,"Join the City of Palo Alto's Recreation Department for the 6th annual Summer Family Movie Night Series! The Community Services Department is excited to bring families together for an unforgettable evening under the stars.Bring your blankets, lawn chairs, and snacks for a fun-filled family night. We can't wait to see you there!",,,Mitchell Park Athletics Fields,,"600 East Meadow Drive, Palo Alto, CA, 94303",,7/17/2026,07:30 PM to 10:30 PM,,,,,Social & Play,"Outdoor, Social & Play",Free,https://www.paloalto.gov/files/assets/public/v/1/community-services/special-events/summer-2026-family-movie-nights-8.5-x-11-in.png?dimension=pageimagefullwidth&w=1140,https://www.paloalto.gov/Events-Directory/Community-Services/Family-Movie-Night-Series-2026,,,,FALSE,FALSE,,7/2/26,,,Not published,,,,,,,,,,,,,,,,,,,
,Hoppers: Family Movie Night Series 2026,"Join the City of Palo Alto's Recreation Department for the 6th annual Summer Family Movie Night Series! The Community Services Department is excited to bring families together for an unforgettable evening under the stars.Bring your blankets, lawn chairs, and snacks for a fun-filled family night. We can't wait to see you there!",,,Mitchell Park Athletics Fields,,"600 East Meadow Drive, Palo Alto, CA, 94303",,7/31/2026,07:30 PM to 10:30 PM,,,,,Social & Play,"Outdoor, Social & Play",Free,https://www.paloalto.gov/files/assets/public/v/1/community-services/special-events/summer-2026-family-movie-nights-8.5-x-11-in.png?dimension=pageimagefullwidth&w=1140,https://www.paloalto.gov/Events-Directory/Community-Services/Family-Movie-Night-Series-2026,,,,FALSE,FALSE,,7/2/26,,,Not published,,,,,,,,,,,,,,,,,,,
,"The Super Mario Galaxy Movie
: Family Movie Night Series 2026","Join the City of Palo Alto's Recreation Department for the 6th annual Summer Family Movie Night Series! The Community Services Department is excited to bring families together for an unforgettable evening under the stars.Bring your blankets, lawn chairs, and snacks for a fun-filled family night. We can't wait to see you there!",,,Mitchell Park Athletics Fields,,"600 East Meadow Drive, Palo Alto, CA, 94303",,8/14/2026,07:30 PM to 10:30 PM,,,,,Social & Play,"Outdoor, Social & Play",Free,https://www.paloalto.gov/files/assets/public/v/1/community-services/special-events/summer-2026-family-movie-nights-8.5-x-11-in.png?dimension=pageimagefullwidth&w=1140,https://www.paloalto.gov/Events-Directory/Community-Services/Family-Movie-Night-Series-2026,,,,FALSE,FALSE,,7/2/26,,,Not published,,,,,,,,,,,,,,,,,,,
,Zootopia 2: Summer Outdoor Movie Night Series,"Join us for summer nights under the stars!

All movies begin at 8:30 p.m. or when dark.",,,Cuesta Park,,"615 Cuesta Dr, Mountain View, CA 94040",,7/10/2026,8:30 p.m. or when dark.,,,,,Social & Play,"Outdoor, Social & Play",Free,https://www.mountainview.gov/home/showpublishedimage/7715/638863635919800000,https://www.mountainview.gov/our-city/departments/community-services/special-events/summer-outdoor-movie-night-series,,,,FALSE,FALSE,,7/2/26,,,Not published,,,,,,,,,,,,,,,,,,,
,Spongebob: The Search for SquarePants: Summer Outdoor Movie Night Series,"Join us for summer nights under the stars!

All movies begin at 8:30 p.m. or when dark.",,,Sylvan Park,,"600 Sylvan Ave, Mountain View, CA 94041",,7/17/2026,8:30 p.m. or when dark.,,,,,Social & Play,"Outdoor, Social & Play",Free,https://www.mountainview.gov/home/showpublishedimage/7715/638863635919800000,https://www.mountainview.gov/our-city/departments/community-services/special-events/summer-outdoor-movie-night-series,,,,FALSE,FALSE,,7/2/26,,,Not published,,,,,,,,,,,,,,,,,,,
,Hoppers: Summer Outdoor Movie Night Series,"Join us for summer nights under the stars!

All movies begin at 8:30 p.m. or when dark.",,,Stevenson Park,,"750 San Pierre Way, Mountain View, CA 94043",,7/24/2026,8:30 p.m. or when dark.,,,,,Social & Play,"Outdoor, Social & Play",Free,https://www.mountainview.gov/home/showpublishedimage/7715/638863635919800000,https://www.mountainview.gov/our-city/departments/community-services/special-events/summer-outdoor-movie-night-series,,,,FALSE,FALSE,,7/2/26,,,Not published,,,,,,,,,,,,,,,,,,,
,Super Mario Galaxy: Summer Outdoor Movie Night Series,"Join us for summer nights under the stars!

All movies begin at 8:30 p.m. or when dark.",,,Whisman Park,," 300 Easy St, Mountain View, CA 94043",,7/31/2026,8:30 p.m. or when dark.,,,,,Social & Play,"Outdoor, Social & Play",Free,https://www.mountainview.gov/home/showpublishedimage/7715/638863635919800000,https://www.mountainview.gov/our-city/departments/community-services/special-events/summer-outdoor-movie-night-series,,,,FALSE,FALSE,,7/2/26,,,Not published,,,,,,,,,,,,,,,,,,,
,GOAT: Summer Outdoor Movie Night Series,"Join us for summer nights under the stars!

All movies begin at 8:30 p.m. or when dark.",,,Eagle Park,,"650 Franklin St, Mountain View, CA 94041",,8/7/2026,8:30 p.m. or when dark.,,,,,Social & Play,"Outdoor, Social & Play",Free,https://www.mountainview.gov/home/showpublishedimage/7715/638863635919800000,https://www.mountainview.gov/our-city/departments/community-services/special-events/summer-outdoor-movie-night-series,,,,FALSE,FALSE,,7/2/26,,,Not published,,,,,,,,,,,,,,,,,,,
,Lilo & Stitch (Live Action): Summer Outdoor Movie Night Series,"Join us for summer nights under the stars!

All movies begin at 8:30 p.m. or when dark.",,,Rengstorff Park,,"1931-2057 S Rengstorff Ave, Mountain View, CA 94040",,8/14/2026,8:30 p.m. or when dark.,,,,,Social & Play,"Outdoor, Social & Play",Free,https://www.mountainview.gov/home/showpublishedimage/7715/638863635919800000,https://www.mountainview.gov/our-city/departments/community-services/special-events/summer-outdoor-movie-night-series,,,,FALSE,FALSE,,7/2/26,,,Not published,,,,,,,,,,,,,,,,,,,
,Music on Castro,"The 2026 Music on Castro series returns to Downtown Mountain View from April to October, featuring live performances every Wednesday. From 5 to 6:45 p.m., enjoy a dynamic lineup of local and regional talent while exploring Downtown shops and dining. Make it a midweek tradition and experience the perfect blend of music, community, and fun! *No performances during inclement weather.",,,Downtown Mountain View,,"200 Castro St, Mountain View, CA 94041",,7/8/2026,5:00 p.m. to 6:45 p.m.,,,,,Other,Other,Free,,https://www.mountainview.gov/Home/Components/Calendar/Event/3295/656,,,,FALSE,FALSE,,7/2/26,,,Not published,,,,,,,,,,,,,,,,,,,
,Concerts on the Plaza,,,,,,"500 Castro Street
Mountain View, California 94041",,7/10/2026,6:00 p.m. to 7:30 p.m.,,,,,Music & Movement,Music & Movement,Free,https://www.mountainview.gov/home/showpublishedimage/8657/639045055484530000,https://www.mountainview.gov/Home/Components/Calendar/Event/3340/656,,,,FALSE,FALSE,,7/7/26,,,Not published,,,,,,,,,,,,,,,,,,,
,Music on Castro,"The 2026 Music on Castro series returns to Downtown Mountain View from April to October, featuring live performances every Wednesday. From 5 to 6:45 p.m., enjoy a dynamic lineup of local and regional talent while exploring Downtown shops and dining. Make it a midweek tradition and experience the perfect blend of music, community, and fun! *No performances during inclement weather.",,,Downtown Mountain View,,"200 Castro St, Mountain View, CA 94041",,7/15/2026,5:00 p.m. to 6:45 p.m.,,,,,Other,Other,Free,https://www.mountainview.gov/home/showpublishedimage/8655/639045040316800000,https://www.mountainview.gov/Home/Components/Calendar/Event/3294/656,,,,FALSE,FALSE,,7/7/26,,,Not published,,,,,,,,,,,,,,,,,,,
,Concerts on the Plaza,"Get ready for an epic summer! Concerts on the Plaza is back in 2026, bringing you fifteen unforgettable live shows! Friday nights from June to September, from 6 - 7:30 p.m., Downtown Mountain View will pulse with energy as top music acts take the stage, filling the air with incredible sounds. Join your friends, neighbors, and fellow music lovers for nights packed with fun, food, and dancing. Mark your calendars---this is where the summer memories will be made!",,,Civic Center Plaza,,"500 Castro Street
Mountain View, California 94041",,7/17/2026,6:00 p.m. to 7:30 p.m.,,,,,Music & Movement,Music & Movement,Free,https://www.mountainview.gov/home/showpublishedimage/8657/639045055484530000,https://www.mountainview.gov/Home/Components/Calendar/Event/3339/656,,,,FALSE,FALSE,,7/7/26,,,Not published,,,,,,,,,,,,,,,,,,,
,Music on Castro,"The 2026 Music on Castro series returns to Downtown Mountain View from April to October, featuring live performances every Wednesday. From 5 to 6:45 p.m., enjoy a dynamic lineup of local and regional talent while exploring Downtown shops and dining. Make it a midweek tradition and experience the perfect blend of music, community, and fun! *No performances during inclement weather.",,,Downtown Mountain View,,"200 Castro St, Mountain View, CA 94041",,7/22/2026,5:00 p.m. to 6:45 p.m.,,,,,Other,Other,Free,https://www.mountainview.gov/home/showpublishedimage/8655/639045040316800000,https://www.mountainview.gov/Home/Components/Calendar/Event/3293/656,,,,FALSE,FALSE,,7/7/26,,,Not published,,,,,,,,,,,,,,,,,,,
,Concerts on the Plaza,"Get ready for an epic summer! Concerts on the Plaza is back in 2026, bringing you fifteen unforgettable live shows! Friday nights from June to September, from 6 - 7:30 p.m., Downtown Mountain View will pulse with energy as top music acts take the stage, filling the air with incredible sounds. Join your friends, neighbors, and fellow music lovers for nights packed with fun, food, and dancing. Mark your calendars---this is where the summer memories will be made!",,,Civic Center Plaza,,"500 Castro Street
Mountain View, California 94041",,7/24/2026,6:00 p.m. to 7:30 p.m.,,,,,Music & Movement,Music & Movement,,https://www.mountainview.gov/home/showpublishedimage/8657/639045055484530000,https://www.mountainview.gov/Home/Components/Calendar/Event/3338/656,,,,FALSE,FALSE,,7/7/26,,,Not published,,,,,,,,,,,,,,,,,,,
,Music on Castro,"The 2026 Music on Castro series returns to Downtown Mountain View from April to October, featuring live performances every Wednesday. From 5 to 6:45 p.m., enjoy a dynamic lineup of local and regional talent while exploring Downtown shops and dining. Make it a midweek tradition and experience the perfect blend of music, community, and fun! *No performances during inclement weather.",,,Downtown Mountain View,,"200 Castro St, Mountain View, CA 94041",,7/29/2026,5:00 p.m. to 6:45 p.m.,,,,,Other,Other,,https://www.mountainview.gov/home/showpublishedimage/8655/639045040316800000,https://www.mountainview.gov/Home/Components/Calendar/Event/3292/656,,,,FALSE,FALSE,,7/7/26,,,Not published,,,,,,,,,,,,,,,,,,,
,Concerts on the Plaza,"Get ready for an epic summer! Concerts on the Plaza is back in 2026, bringing you fifteen unforgettable live shows! Friday nights from June to September, from 6 - 7:30 p.m., Downtown Mountain View will pulse with energy as top music acts take the stage, filling the air with incredible sounds. Join your friends, neighbors, and fellow music lovers for nights packed with fun, food, and dancing. Mark your calendars---this is where the summer memories will be made!",,,Civic Center Plaza,,"500 Castro Street
Mountain View, California 94041",,7/31/2026,6:00 p.m. to 7:30 p.m.,,,,,Music & Movement,Music & Movement,,https://www.mountainview.gov/home/showpublishedimage/8657/639045055484530000,https://www.mountainview.gov/Home/Components/Calendar/Event/3337/656,,,,FALSE,FALSE,,7/7/26,,,Not published,,,,,,,,,,,,,,,,,,,
,National Night Out,"Join Us for National Night Out! Together, we're building a safer, more connected community. National Night Out returns on Tuesday, August 4, 2026, from 5:30--7:30 p.m. at Civic Center Plaza (500 Castro Street) and Mercy Street. Stop by for an evening of cold treats, music by a live DJ, and fun for all ages! Connect with your neighbors and meet members of the Mountain View Police Department, Fire Department, and Recreation Division. Enjoy vehicle displays, City information booths, and more!",,,Civic Center Plaza,,"500 Castro Street
Mountain View, California 94041",,8/4/2026,5:30 p.m. to 7:30 p.m.,,,"0-2, 2-5, 5+",All ages,Other,Other,,,https://www.mountainview.gov/Home/Components/Calendar/Event/3480/656,,,,FALSE,FALSE,,7/7/26,,,Not published,,,,,,,,,,,,,,,,,,,
,Music on Castro,"The 2026 Music on Castro series returns to Downtown Mountain View from April to October, featuring live performances every Wednesday. From 5 to 6:45 p.m., enjoy a dynamic lineup of local and regional talent while exploring Downtown shops and dining. Make it a midweek tradition and experience the perfect blend of music, community, and fun! *No performances during inclement weather.",,,Downtown Mountain View,,"200 Castro St, Mountain View, CA 94041",,8/5/2026,5:00 p.m. to 6:45 p.m.,,,,,Other,Other,,https://www.mountainview.gov/home/showpublishedimage/8655/639045040316800000,https://www.mountainview.gov/Home/Components/Calendar/Event/3291/656,,,,FALSE,FALSE,,7/7/26,,,Not published,,,,,,,,,,,,,,,,,,,
,Concerts on the Plaza,,,,Civic Center Plaza,,"500 Castro Street
Mountain View, California 94041",,8/7/2026,6:00 p.m. to 7:30 p.m.,,,,,Music & Movement,Music & Movement,,https://www.mountainview.gov/home/showpublishedimage/8657/639045055484530000,https://www.mountainview.gov/Home/Components/Calendar/Event/3336/656,,,,FALSE,FALSE,,7/7/26,,,Not published,,,,,,,,,,,,,,,,,,,
,Music on Castro,"The 2026 Music on Castro series returns to Downtown Mountain View from April to October, featuring live performances every Wednesday. From 5 to 6:45 p.m., enjoy a dynamic lineup of local and regional talent while exploring Downtown shops and dining. Make it a midweek tradition and experience the perfect blend of music, community, and fun! *No performances during inclement weather.",,,Downtown Mountain View,,"200 Castro St, Mountain View, CA 94041",,8/12/2026,5:00 p.m. to 6:45 p.m.,,,,,Other,Other,,https://www.mountainview.gov/home/showpublishedimage/8655/639045040316800000,https://www.mountainview.gov/Home/Components/Calendar/Event/3290/656,,,,FALSE,FALSE,,7/7/26,,,Not published,,,,,,,,,,,,,,,,,,,
,Concerts on the Plaza,"Get ready for an epic summer! Concerts on the Plaza is back in 2026, bringing you fifteen unforgettable live shows! Friday nights from June to September, from 6 - 7:30 p.m., Downtown Mountain View will pulse with energy as top music acts take the stage, filling the air with incredible sounds. Join your friends, neighbors, and fellow music lovers for nights packed with fun, food, and dancing. Mark your calendars---this is where the summer memories will be made!",,,Civic Center Plaza,,"500 Castro Street
Mountain View, California 94041",,8/14/2026,6:00 p.m. to 7:30 p.m.,,,,,Music & Movement,Music & Movement,,https://www.mountainview.gov/home/showpublishedimage/8657/639045055484530000,https://www.mountainview.gov/Home/Components/Calendar/Event/3335/656,,,,FALSE,FALSE,,7/7/26,,,Not published,,,,,,,,,,,,,,,,,,,
,Music on Castro,"The 2026 Music on Castro series returns to Downtown Mountain View from April to October, featuring live performances every Wednesday. From 5 to 6:45 p.m., enjoy a dynamic lineup of local and regional talent while exploring Downtown shops and dining. Make it a midweek tradition and experience the perfect blend of music, community, and fun! *No performances during inclement weather.",,,Downtown Mountain View,,"200 Castro St, Mountain View, CA 94041",,8/19/2026,5:00 p.m. to 6:45 p.m.,,,,,Other,Other,,https://www.mountainview.gov/home/showpublishedimage/8655/639045040316800000,https://www.mountainview.gov/Home/Components/Calendar/Event/3289/656,,,,FALSE,FALSE,,7/7/26,,,Not published,,,,,,,,,,,,,,,,,,,
,Concerts on the Plaza,"Get ready for an epic summer! Concerts on the Plaza is back in 2026, bringing you fifteen unforgettable live shows! Friday nights from June to September, from 6 - 7:30 p.m., Downtown Mountain View will pulse with energy as top music acts take the stage, filling the air with incredible sounds. Join your friends, neighbors, and fellow music lovers for nights packed with fun, food, and dancing. Mark your calendars---this is where the summer memories will be made!",,,Civic Center Plaza,,"500 Castro Street
Mountain View, California 94041",,8/21/2026,6:00 p.m. to 7:30 p.m.,,,,,Music & Movement,Music & Movement,,https://www.mountainview.gov/home/showpublishedimage/8657/639045055484530000,https://www.mountainview.gov/Home/Components/Calendar/Event/3334/656?npage=2,,,,FALSE,FALSE,,7/7/26,,,Not published,,,,,,,,,,,,,,,,,,,
,Music on Castro,"The 2026 Music on Castro series returns to Downtown Mountain View from April to October, featuring live performances every Wednesday. From 5 to 6:45 p.m., enjoy a dynamic lineup of local and regional talent while exploring Downtown shops and dining. Make it a midweek tradition and experience the perfect blend of music, community, and fun! *No performances during inclement weather.",,,Downtown Castro Street,,"200 Castro St, Mountain View, CA 94041",,8/26/2026,5:00 p.m. to 6:45 p.m.,,,,,Other,Other,,https://www.mountainview.gov/home/showpublishedimage/8655/639045040316800000,https://www.mountainview.gov/Home/Components/Calendar/Event/3288/656?npage=2,,,,FALSE,FALSE,,7/7/26,,,Not published,,,,,,,,,,,,,,,,,,,
,Concerts on the Plaza,"Get ready for an epic summer! Concerts on the Plaza is back in 2026, bringing you fifteen unforgettable live shows! Friday nights from June to September, from 6 - 7:30 p.m., Downtown Mountain View will pulse with energy as top music acts take the stage, filling the air with incredible sounds. Join your friends, neighbors, and fellow music lovers for nights packed with fun, food, and dancing. Mark your calendars---this is where the summer memories will be made!",,,Civic Center Plaza,,"500 Castro Street
Mountain View, California 94041",,8/28/2026,6:00 p.m. to 7:30 p.m.,,,,,Music & Movement,Music & Movement,,https://www.mountainview.gov/home/showpublishedimage/8657/639045055484530000,https://www.mountainview.gov/Home/Components/Calendar/Event/3333/656?npage=2,,,,FALSE,FALSE,,7/7/26,,,Not published,,,,,,,,,,,,,,,,,,,
,Music on Castro,"The 2026 Music on Castro series returns to Downtown Mountain View from April to October, featuring live performances every Wednesday. From 5 to 6:45 p.m., enjoy a dynamic lineup of local and regional talent while exploring Downtown shops and dining. Make it a midweek tradition and experience the perfect blend of music, community, and fun! *No performances during inclement weather.*",,,Downtown Castro Street,,"200 Castro St, Mountain View, CA 94041",,9/2/2026,5:00 p.m. to 6:45 p.m.,,,,,Other,Other,,https://www.mountainview.gov/home/showpublishedimage/8655/639045040316800000,https://www.mountainview.gov/Home/Components/Calendar/Event/3287/656?npage=2,,,,FALSE,FALSE,,7/7/26,,,Not published,,,,,,,,,,,,,,,,,,,
,Concerts on the Plaza,"Get ready for an epic summer! Concerts on the Plaza is back in 2026, bringing you fifteen unforgettable live shows! Friday nights from June to September, from 6 - 7:30 p.m., Downtown Mountain View will pulse with energy as top music acts take the stage, filling the air with incredible sounds. Join your friends, neighbors, and fellow music lovers for nights packed with fun, food, and dancing. Mark your calendars---this is where the summer memories will be made!",,,Civic Center Plaza,,"500 Castro Street
Mountain View, California 94041",,9/4/2026,6:00 p.m. to 7:30 p.m.,,,,,Music & Movement,Music & Movement,,https://www.mountainview.gov/home/showpublishedimage/8657/639045055484530000,https://www.mountainview.gov/Home/Components/Calendar/Event/3332/656?npage=2,,,,FALSE,FALSE,,7/7/26,,,Not published,,,,,,,,,,,,,,,,,,,
,Music on Castro,"The 2026 Music on Castro series returns to Downtown Mountain View from April to October, featuring live performances every Wednesday. From 5 to 6:45 p.m., enjoy a dynamic lineup of local and regional talent while exploring Downtown shops and dining. Make it a midweek tradition and experience the perfect blend of music, community, and fun! *No performances during inclement weather.*",,,Downtown Castro Street,,"200 Castro St, Mountain View, CA 94041",,9/9/2026,5:00 p.m. to 6:45 p.m.,,,,,Other,Other,,https://www.mountainview.gov/home/showpublishedimage/8655/639045040316800000,https://www.mountainview.gov/Home/Components/Calendar/Event/3286/656?npage=2,,,,FALSE,FALSE,,7/7/26,,,Not published,,,,,,,,,,,,,,,,,,,
,Concerts on the Plaza,"Get ready for an epic summer! Concerts on the Plaza is back in 2026, bringing you fifteen unforgettable live shows! Friday nights from June to September, from 6 - 7:30 p.m., Downtown Mountain View will pulse with energy as top music acts take the stage, filling the air with incredible sounds. Join your friends, neighbors, and fellow music lovers for nights packed with fun, food, and dancing. Mark your calendars---this is where the summer memories will be made!",,,Civic Center Plaza,,"500 Castro Street
Mountain View, California 94041",,9/11/2026,6:00 p.m. to 7:30 p.m.,,,,,Music & Movement,Music & Movement,,https://www.mountainview.gov/home/showpublishedimage/8657/639045055484530000,https://www.mountainview.gov/Home/Components/Calendar/Event/3331/656?npage=2,,,,FALSE,FALSE,,7/7/26,,,Not published,,,,,,,,,,,,,,,,,,,
,Music on Castro,"The 2026 Music on Castro series returns to Downtown Mountain View from April to October, featuring live performances every Wednesday. From 5 to 6:45 p.m., enjoy a dynamic lineup of local and regional talent while exploring Downtown shops and dining. Make it a midweek tradition and experience the perfect blend of music, community, and fun! *No performances during inclement weather.",,,Downtown Castro Street,,"200 Castro St, Mountain View, CA 94041",,9/16/2026,5:00 p.m. to 6:45 p.m.,,,,,Other,Other,,https://www.mountainview.gov/home/showpublishedimage/8655/639045040316800000,https://www.mountainview.gov/Home/Components/Calendar/Event/3285/656?npage=2,,,,FALSE,FALSE,,7/7/26,,,Not published,,,,,,,,,,,,,,,,,,,
,Concerts on the Plaza,"Get ready for an epic summer! Concerts on the Plaza is back in 2026, bringing you fifteen unforgettable live shows! Friday nights from June to September, from 6 - 7:30 p.m., Downtown Mountain View will pulse with energy as top music acts take the stage, filling the air with incredible sounds. Join your friends, neighbors, and fellow music lovers for nights packed with fun, food, and dancing. Mark your calendars---this is where the summer memories will be made!",,,Civic Center Plaza,,"500 Castro Street
Mountain View, California 94041",,9/18/2026,6:00 p.m. to 7:30 p.m.,,,,,Music & Movement,Music & Movement,,https://www.mountainview.gov/home/showpublishedimage/8657/639045055484530000,https://www.mountainview.gov/Home/Components/Calendar/Event/3330/656?npage=2,,,,FALSE,FALSE,,7/7/26,,,Not published,,,,,,,,,,,,,,,,,,,
,Music on Castro,"The 2026 Music on Castro series returns to Downtown Mountain View from April to October, featuring live performances every Wednesday. From 5 to 6:45 p.m., enjoy a dynamic lineup of local and regional talent while exploring Downtown shops and dining. Make it a midweek tradition and experience the perfect blend of music, community, and fun! *No performances during inclement weather.*",,,Downtown Castro Street,,"200 Castro St, Mountain View, CA 94041",,9/23/2026,5:00 p.m. to 6:45 p.m.,,,,,Other,Other,,https://www.mountainview.gov/home/showpublishedimage/8655/639045040316800000,https://www.mountainview.gov/Home/Components/Calendar/Event/3284/656?npage=2,,,,FALSE,FALSE,,7/7/26,,,Not published,,,,,,,,,,,,,,,,,,,
,Harvest History Festival,"The 8th Annual Harvest History Festival celebrates Mountain View's rich agricultural heritage. This family-friendly event features activities, live music and an up-close look at the historic Immigrant House.",,,Heritage Park,,771 N. Rengstorff Avenue,,9/26/2026,9:00 a.m. to 12:00 p.m.,,,,,Other,Other,,,https://www.mountainview.gov/Home/Components/Calendar/Event/3482/656?npage=2,,,,FALSE,FALSE,,7/7/26,,,Not published,,,,,,,,,,,,,,,,,,,
,Spooky Times at Deer Holloween Farm,"Deer Hollow Farm, in conjunction with the Friends of Deer Hollow Farm, invite you and your family to celebrate the spooky spirit of Halloween! Explore haunted barns, try your hand at children's activities and crafts and of course, meet the residents of the Farm- sheep, goats, chickens, rabbits, pigs and cows! Enjoy the Halloween season and help support the Farm. All profits from this event will be used to provide care and feed for the livestock.",,,Deer Hollow Farm,,"
Deer Hollow Farm
22500 Cristo Rey Drive
Cupertino, California 95014",,10/17/2026,10:00 a.m. to 3:00 p.m.,,,,,"Arts & Crafts, Seasonal, Classes","Arts & Crafts, Seasonal, Classes",,,https://www.mountainview.gov/Home/Components/Calendar/Event/3484/656?npage=2,,,,FALSE,FALSE,,7/7/26,,,Not published,,,,,,,,,,,,,,,,,,,
,Monster Bash,"On Saturday, October 24, 2026, Mountain View's Rengstorff Park will transform into a ghoulish good time for all ages with the return of MONSTER BASH. From 10 a.m. - 2 p.m., community members are encouraged to don their favorite costumes and enjoy a fall festival loaded with treats, fun games and more.",,,Rengstorff Park,,"201 S Rengstorff Ave.
Mountain View, California 94040",,10/24/2026,10:00 a.m. to 2:00 p.m.,,,"0-2, 2-5, 5+",All ages,"Build & Explore, Seasonal","Build & Explore, Seasonal",,,https://www.mountainview.gov/Home/Components/Calendar/Event/3486/656?npage=2,,,,FALSE,FALSE,,7/7/26,,,Not published,,,,,,,,,,,,,,,,,,,
,Holiday Bazaar,"A handmade craft fair for vendors 55 or older selling a variety of items from jewelry, knitting, ceramics, wood carvings and more.",,,Mountain View Senior Center,,"266 Escuela Avenue
Mountain View, California 94040",,11/21/2026,10:00 a.m. to 3:00 p.m.,,,,,"Arts & Crafts, Seasonal","Arts & Crafts, Seasonal",,,https://www.mountainview.gov/Home/Components/Calendar/Event/3488/656?npage=2,,,,FALSE,FALSE,,7/7/26,,,Not published,,,,,,,,,,,,,,,,,,,
,Community Tree Lighting Celebration,"On Monday, Dec. 7, 2026, from 5:30 to 8 p.m. the City will celebrate the winter season with the Community Tree Lighting Celebration in Downtown Mountain View.",,,Civic Center Plaza,,"500 Castro Street
Mountain View, California 94041",,12/7/2026,5:30 p.m. to 8:00 p.m.,,,,,Seasonal,Seasonal,,,https://www.mountainview.gov/Home/Components/Calendar/Event/3490/656?npage=2,,,,FALSE,FALSE,,7/7/26,,,Not published,,,,,,,,,,,,,,,,,,,
,Family Fun Days,"Join Community Services and the Los Altos Library for a series of Family Fun Days at the Los Altos Community Center! These free, themed events are held on select Saturdays and are packed with arts and crafts, games, movies, a scavenger hunt, and more. It's the perfect opportunity for families to come together and enjoy a day of fun and creativity.",,,Los Altos Community Center,,"97 Hillview Ave, Los Altos",,8/8/2026,10am -1pm,,,"0-2, 2-5, 5+",All ages,"Arts & Crafts, Build & Explore","Arts & Crafts, Build & Explore",,https://www.losaltosca.gov/ImageRepository/Document?documentID=2763,https://www.losaltosca.gov/329/Family-Fun-Days,,,,FALSE,FALSE,,7/7/26,,,Not published,,,,,,,,,,,,,,,,,,,
,Family Fun Days,"Join Community Services and the Los Altos Library for a series of Family Fun Days at the Los Altos Community Center! These free, themed events are held on select Saturdays and are packed with arts and crafts, games, movies, a scavenger hunt, and more. It's the perfect opportunity for families to come together and enjoy a day of fun and creativity.",,,Los Altos Community Center,,"97 Hillview Ave, Los Altos",,10/24/2026,10 AM-1 PM,,,"0-2, 2-5, 5+",All ages,"Arts & Crafts, Build & Explore","Arts & Crafts, Build & Explore",,https://www.losaltosca.gov/ImageRepository/Document?documentID=2763,https://www.losaltosca.gov/329/Family-Fun-Days,,,,FALSE,FALSE,,7/7/26,,,Not published,,,,,,,,,,,,,,,,,,,
,Family Fun Days,"Join Community Services and the Los Altos Library for a series of Family Fun Days at the Los Altos Community Center! These free, themed events are held on select Saturdays and are packed with arts and crafts, games, movies, a scavenger hunt, and more. It's the perfect opportunity for families to come together and enjoy a day of fun and creativity.",,,Los Altos Community Center,,"97 Hillview Ave, Los Altos",,12/12/2026,10 AM-1 PM,,,"0-2, 2-5, 5+",All ages,"Arts & Crafts, Build & Explore","Arts & Crafts, Build & Explore",,https://www.losaltosca.gov/ImageRepository/Document?documentID=2763,https://www.losaltosca.gov/329/Family-Fun-Days,,,,FALSE,FALSE,,7/7/26,,,Not published,,,,,,,,,,,,,,,,,,,
,2026 Summer Concert Series: Carnaval,"The city of Los Altos Community Services department invites you to the 2026 Summer Concert Series! Enjoy a variety of musical genres and performers throughout the summer. Concerts will be held at the Grant Park and Hillview Soccer Fields; please refer to the schedule below for exact locations. Parking is limited at both locations; please consider walking, biking, or carpooling to the concerts.",,,Grant Park Soccer Field,,1575 Holt Avenue,,7/9/2026,6:30 PM,,,,,"Music & Movement, Outdoor","Music & Movement, Outdoor",,https://www.losaltosca.gov/ImageRepository/Document?documentID=2764,https://www.losaltosca.gov/766/2026-Summer-Concert-Series,,,,FALSE,FALSE,,7/7/26,,,Not published,,,,,,,,,,,,,,,,,,,
,"2026 Summer Concert Series: Smokin' Slice of Mojo
","The city of Los Altos Community Services department invites you to the 2026 Summer Concert Series! Enjoy a variety of musical genres and performers throughout the summer. Concerts will be held at the Grant Park and Hillview Soccer Fields; please refer to the schedule below for exact locations. Parking is limited at both locations; please consider walking, biking, or carpooling to the concerts.",,,Hillview Soccer Field,,"97 Hillview Avenue, los altos",,7/16/2026,6:30 PM,,,,,"Music & Movement, Outdoor","Music & Movement, Outdoor",,https://www.losaltosca.gov/ImageRepository/Document?documentID=2764,https://www.losaltosca.gov/766/2026-Summer-Concert-Series,,,,FALSE,FALSE,,7/7/26,,,Not published,,,,,,,,,,,,,,,,,,,
,2026 Summer Concert Series: Petty Theft,"The city of Los Altos Community Services department invites you to the 2026 Summer Concert Series! Enjoy a variety of musical genres and performers throughout the summer. Concerts will be held at the Grant Park and Hillview Soccer Fields; please refer to the schedule below for exact locations. Parking is limited at both locations; please consider walking, biking, or carpooling to the concerts.",,,Hillview Soccer Field,,"97 Hillview Avenue, los altos",,7/23/2026,6:30 PM,,,,,"Music & Movement, Outdoor","Music & Movement, Outdoor",,https://www.losaltosca.gov/ImageRepository/Document?documentID=2764,https://www.losaltosca.gov/766/2026-Summer-Concert-Series,,,,FALSE,FALSE,,7/7/26,,,Not published,,,,,,,,,,,,,,,,,,,
,2026 Summer Concert Series: Mustache Harbor ,"The city of Los Altos Community Services department invites you to the 2026 Summer Concert Series! Enjoy a variety of musical genres and performers throughout the summer. Concerts will be held at the Grant Park and Hillview Soccer Fields; please refer to the schedule below for exact locations. Parking is limited at both locations; please consider walking, biking, or carpooling to the concerts.",,,Hillview Soccer Field,,"97 Hillview Avenue, los altos",,7/30/2026,6:30 PM,,,,,"Music & Movement, Outdoor","Music & Movement, Outdoor",,https://www.losaltosca.gov/ImageRepository/Document?documentID=2764,https://www.losaltosca.gov/766/2026-Summer-Concert-Series,,,,FALSE,FALSE,,7/7/26,,,Not published,,,,,,,,,,,,,,,,,,,
,Movie Night at the Purissima Park: Zootopia 2,"Save the Date! Join us for a magical summer evening at Purissima Park for an outdoor dinner and movie night!

Before the movie begins, set up your cozy spot and grab a bite from a local food truck. As the sun sets, settle in for a beloved film on a massive outdoor screen. Plus, enjoy a coffee and hot cocoa bar hosted by the Youth Commission, along with freshly popped popcorn! ",,,Purissima Park,,"
27500 Purissima Road
Los Altos Hills, CA 94022",,8/7/2026,6:30 PM to 10:30 PM,,,,,Social & Play,"Outdoor, Social & Play",,https://www.losaltoshills.ca.gov/ImageRepository/Document?documentID=8027,https://www.losaltoshills.ca.gov/FormCenter/Parks-Recreation-4/Movie-Night-at-the-Park-2026-218,,,,FALSE,FALSE,,7/7/26,,,Not published,,,,,,,,,,,,,,,,,,,
,The 3rd Annual “Pet a Pony” Day,"The Los Altos Hills Horseman’s Association will hold their Third Annual “Pet the Pony Day” Sunday, October 4, 2026,  from 11 am to 1 pm at the Los Altos Hills Town Ring at Purissima Park as an introduction into the world of ponies and horses. Both children and  adults will learn about what a pony eats, how to tie and brush a pony and listen to its heart beating all under the supervision of the Members of Los Altos Hills Horseman’s Assoc. (LAHHA).",,,Purissima Park,,"27500 Purissima Road, Los Altos Hills, CA 94022",,10/4/2026,11:00 AM - 1:00 PM,,,,,Other,Other,,,https://www.losaltoshills.ca.gov/Calendar.aspx?EID=5201,,,,FALSE,FALSE,,7/7/26,,,Not published,,,,,,,,,,,,,,,,,,,
,Halloween Costume Game Night,"We are bringing back the fun even bigger and better than before. Join us for the return of Costume Game Night, a Halloween-themed evening filled with spooky games, tasty treats, and festive fun for all ages.

Come dressed in your favorite costume and enjoy a night of pizza, popcorn, candy, and refreshing drinks.

Whether you are a ghost, goblin, or game board champ, there is something for everyone to enjoy. Tell your friends, family, neighbors, and parents.
Come for the games and stay for the memories...if you dare. 👻",,,Town Hall Council Chambers,,"
26379 Fremont Road,
Los Altos Hills, CA 94022",,10/17/2026,6:00 PM - 9:00 PM,,,"0-2, 2-5, 5+",All ages,"Build & Explore, Seasonal, Social & Play","Build & Explore, Seasonal, Social & Play",,https://www.losaltoshills.ca.gov/ImageRepository/Document?documentID=8028,https://www.losaltoshills.ca.gov/Calendar.aspx?EID=5198,,,,FALSE,FALSE,,7/7/26,,,Not published,,,,,,,,,,,,,,,,,,,
,Barn Lighting,"Come together with friends and neighbors for a jolly afternoon filled with holiday cheer at the beautiful Westwind Community Barn. This magical celebration offers something for everyone. 

Sip on hot chocolate or wine, savor cookies and Mister Softee’s, and enjoy warm conversations while the kids take part in holiday-themed fun like seasonal games, craft tables, face painting, pony rides, and a petting zoo. 

Don’t forget to visit Santa for that perfect holiday photo and a chance for little ones to share their wish lists. As the afternoon draws to a close, gather for a countdown to the barn lighting at 5 p.m.—a perfect way to welcome the holiday spirit. 

Let’s make this season merry and bright. We can’t wait to celebrate with you!",,,Westwind Community Barn,,"27210 Altamont Road
Los Altos Hills, CA 94022",,12/6/2026,2:00 PM - 5:00 PM,,,0-2,0-2,"Arts & Crafts, Build & Explore, Seasonal","Arts & Crafts, Build & Explore, Seasonal",,https://www.losaltoshills.ca.gov/ImageRepository/Document?documentID=8042,https://www.losaltoshills.ca.gov/Calendar.aspx?EID=5210&month=12&year=2026&day=7&calType=0,,,,FALSE,FALSE,,7/7/26,,,Not published,,,,,,,,,,,,,,,,,,,
,Family Yoga Class with Mini Yoga Club,"Join Mini Yoga Club in our outdoor plaza for a free and fun yoga adventure through movement, music, and mindfulness. Kids (ages 2+ with an accompanying adult) can build calm, focus, and self regulation through play! No experience needed. Bring a yoga mat and comfortable clothes for moving.

Enjoy songs, games, and gentle poses that explore movement, mindfulness, and breathing. Grown-ups will also benefit from gentle stretches and quality time with their little ones.

",,,Google Visitor Experience,The Huddle,"2000 N Shoreline Blvd, Mountain View, 94043",,7/26/2026,10:00 a.m. ▸ 11:00 a.m.,,,"0-2, 2-5",0–5,"Build & Explore, Outdoor, Classes","Build & Explore, Outdoor, Classes",,https://services.google.com/fh/files/misc/mini-yoga-club-flipped.png,https://rsvp.withgoogle.com/events/family-yoga-class-with-mini-yoga-club-july,,,,FALSE,FALSE,,7/7/26,,,Not published,,,,,,,,,,,,,,,,,,,
,Free In-Store Kids Workshops: Rocket Game,Join Us at 9 a.m. the First Saturday of Every Month. While Supplies Last.,,,Home Depot ,,"1781 E Bayshore Rd

East Palo Alto, CA 94303",,8/1/2026,9 a.m -12:00pm,,,2-5,2-5,Classes,Classes,,https://dam.thdstatic.com/content/production/rgdkSn91AufHtfKhVwnqbA/0vexx6W5gyypRzu_PUWCzQ/Original%20file/2025_Kids_Workshops_hero_01032025_Ps.png,https://www.homedepot.com/c/kids-workshop,,,,FALSE,FALSE,,7/7/26,,,Not published,,,,,,,,,,,,,,,,,,,
,Free In-Store Kids Workshops: School Bus Organizer,Join Us at 9 a.m. the First Saturday of Every Month. While Supplies Last.,,,Home Depot ,,"1781 E Bayshore Rd

East Palo Alto, CA 94303",,9/5/2026,9 a.m -12:00pm,,,2-5,2-5,Classes,Classes,,https://dam.thdstatic.com/content/production/rgdkSn91AufHtfKhVwnqbA/0vexx6W5gyypRzu_PUWCzQ/Original%20file/2025_Kids_Workshops_hero_01032025_Ps.png,https://www.homedepot.com/c/kids-workshop,,,,FALSE,FALSE,,7/7/26,,,Not published,,,,,,,,,,,,,,,,,,,
,Free In-Store Kids Workshops: Witch Candy Box,Join Us at 9 a.m. the First Saturday of Every Month. While Supplies Last.,,,Home Depot ,,"1781 E Bayshore Rd

East Palo Alto, CA 94303",,10/3/2026,9 a.m -12:00pm,,,2-5,2-5,Classes,Classes,,https://dam.thdstatic.com/content/production/rgdkSn91AufHtfKhVwnqbA/0vexx6W5gyypRzu_PUWCzQ/Original%20file/2025_Kids_Workshops_hero_01032025_Ps.png,https://www.homedepot.com/c/kids-workshop,,,,FALSE,FALSE,,7/7/26,,,Not published,,,,,,,,,,,,,,,,,,,
,Doodle and Discover Wednesdays,"This free arts and crafts activity is perfect for families with children aged 2–6. Register today, then drop in anytime between 1:00–5:30 PM on scheduled Wednesdays.


July 1: Independence Day craft


Aug 5: Craft an ice cream cone


Sept. 2: Paper bag houses",,,Oshman Family JCC - Jeff Center for Families,Building G room 106,"3921 Fabian Way, Palo Alto, CA 94303",,8/5/2026,13:00- 17:30,,,"0-2, 2-5, 5+",All ages,Arts & Crafts,Arts & Crafts,,https://uploads.tickettailorassets.com/v1/production/userfiles/kpjokdvtghvbf6cea5y9.jpg?_a=BAAHWXDQ,https://paloaltojcc.org/event-detail/es_1830684/?fbclid=IwVERDUAS89OFleHRuA2FlbQIxMABzcnRjBmFwcF9pZAwzNTA2ODU1MzE3MjgAAR79M9uwcnOX37J_NIY1kLk2y_VP9DtiMw7exgdLHZbKmXnLjpbE4t0qn1Cs1Q_aem__mzMtpe4BO-RJSlULOS6cQ,,,,FALSE,FALSE,,7/7/26,,,Not published,,,,,,,,,,,,,,,,,,,
,Fleetwood Mask - The Ultimate Fleetwood Mac Tribute! With Opening Band - Business Casual,"The legend lives on with the world’s most authentic tribute to Fleetwood Mac - the only tribute in the Americas officially endorsed by Fleetwood Mac founding member Mick Fleetwood. For more information about Fleetwood Mask, visit their website.

Bonus Opening Band! Business Casual at 5 p.m.  | Business Casual is a five-member a cappella vocal band celebrated for their smart and surprising covers of popular songs. Business Casual delights audiences with genre-swapped arrangements of crowd-pleasing tunes. For more information about Fleetwood Mask, visit their website.",,,Rinconda Park,,"777 Embarcadero Rd, Palo Alto, CA 94303",,2026.7.18,6:30 p.m- 8:00 PM,,,"0-2, 2-5, 5+",All ages,Other,Other,,https://www.paloalto.gov/files/assets/public/v/1/community-services/childrens-theatre/production-pictures/sun-kings-audience.jpg?w=600&h=338,https://www.paloalto.gov/Departments/Community-Services/Arts-Sciences/Palo-Alto-Childrens-Theatre/Twilight-Concert-Series,,,,FALSE,FALSE,,7/20/26,,,Not published,,,,,,,,,,,,,,,,,,,
,Legally Blue – Crowd-Pleasing & Electrifying Blues,"An electrifying blues band that stands out in the genre with its dynamic blend of traditional and contemporary influences. The six-member ensemble is known for their deep-rooted blues authenticity and innovative arrangements, making each performance a memorable experience. For more information about Legally Blue, visit their website. ",,,Rinconada Park,,"777 Embarcadero Rd, Palo Alto, CA 94303",,8/8/2026,6:30 p.m- 8:00 PM,,,"0-2, 2-5, 5+",All ages,Other,Other,,https://www.paloalto.gov/files/assets/public/v/1/community-services/childrens-theatre/production-pictures/sun-kings-audience.jpg?w=600&h=338,https://www.paloalto.gov/Departments/Community-Services/Arts-Sciences/Palo-Alto-Childrens-Theatre/Twilight-Concert-Series,,,,FALSE,FALSE,,7/20/26,,,Not published,,,,,,,,,,,,,,,,,,,
,National Night Out 2026,"The Palo Alto Police Department is hosting National Night Out on the evening of Tuesday, August 4, 2026 from 5 to 8 p.m.

There will be games, emergency vehicles on display (including police cars, ranger trucks, and vehicles from the Palo Alto Fire Department and the Office of Emergency Services) and police personnel with whom you can chat. Come enjoy the evening with us!",,,Bol Park,,"3590 Laguna Avenue Palo Alto, CA",,8/4/2026,05:00 PM to 08:00 PM,,,"0-2, 2-5, 5+",All ages,Build & Explore,Build & Explore,,https://www.paloalto.gov/files/assets/public/v/1/police-department/community-involvement/national-night-out-2026-advertisement-graphic.png?dimension=pageimage&w=480,https://www.paloalto.gov/Events-Directory/Police-Department/National-Night-Out-2026,,,,FALSE,FALSE,,7/20/26,,,Not published,,,,,,,,,,,,,,,,,,,
,Thursday Live on Cal Ave.,"Palo Alto Recreation Foundation, in partnership with the City of Palo Alto, and signature event series sponsors Mark Zuckerberg and Priscilla Chan, Stanford Research Park, and the Palo Alto Weekly, present Thursday Live on Cal Ave., a free outdoor concert series bringing together local musical talent, themed experiences and community activity to California Avenue. Thursday Live on Cal Ave. will transform car free Cal Ave. into a lively gathering space with popular, local music talent, interactive activities, free giveaways, games and themed programming for all ages. Attendees are encouraged to stay, dine, shop and explore Cal Ave. before and after each event.",,,Cal Ave,,"El Camino & California (E) Palo Alto, CA 94306",,7/30/2026,05:00 PM to 08:00 PM,,,"0-2, 2-5, 5+",All ages,"Build & Explore, Outdoor","Build & Explore, Outdoor",,https://www.paloalto.gov/files/assets/public/v/1/city-manager/communications-office/events/thursday-live-flyer.jpg?dimension=pageimage&w=480,https://www.paloalto.gov/Events-Directory/City-Manager/Thursday-Live-on-Cal-Ave.-July-30,,,,FALSE,FALSE,,7/20/26,,,Not published,,,,,,,,,,,,,,,,,,,
,Thursday Live on Cal Ave.,"Palo Alto Recreation Foundation, in partnership with the City of Palo Alto, and signature event series sponsors Mark Zuckerberg and Priscilla Chan, Stanford Research Park, and the Palo Alto Weekly, present Thursday Live on Cal Ave., a free outdoor concert series bringing together local musical talent, themed experiences and community activity to California Avenue. Thursday Live on Cal Ave. will transform car free Cal Ave. into a lively gathering space with popular, local music talent, interactive activities, free giveaways, games and themed programming for all ages. Attendees are encouraged to stay, dine, shop and explore Cal Ave. before and after each event.",,,Cal Ave,,"El Camino & California (E) Palo Alto, CA 94306",,Sept. 24,05:00 PM to 08:00 PM,,,"0-2, 2-5, 5+",All ages,"Build & Explore, Outdoor","Build & Explore, Outdoor",,https://www.paloalto.gov/files/assets/public/v/1/city-manager/communications-office/events/thursday-live-flyer.jpg?dimension=pageimage&w=480,https://www.paloalto.gov/Events-Directory/City-Manager/Thursday-Live-on-Cal-Ave.-July-30,,,,FALSE,FALSE,,7/20/26,,,Not published,,,,,,,,,,,,,,,,,,,
,Magical Bridge Foundation - The Dome Combo,"Join us at Lytton Plaza in Palo Alto for a jazz performance by The Dome Combo, a talented group of students from Palo Alto High School and Gunn High School! All ages and abilities are welcome!",,,Lytton Plaza,,"200 University Ave, Palo Alto, CA",,7/25/2026,07:30 PM to 09:00 PM,,,"0-2, 2-5, 5+",All ages,Other,Other,,https://www.paloalto.gov/files/assets/public/v/1/the-dome-combo.jpg?dimension=pageimage&w=480,https://www.paloalto.gov/Events-Directory/Community-Services/Magical-Bridge-Foundation-The-Dome-Combo,,,,FALSE,FALSE,,7/20/26,,,Not published,,,,,,,,,,,,,,,,,,,
,Lori & RJ Lively & Interactive Music: Magical Bridge Foundation - Summer Concert Series,"We're excited to unite our community through this fun and inviting concert by Musical Memories Foundation, which sets out to enhance the lives of seniors. All ages and abilities are welcome!

Join us for performances every Friday evening (6 - 7:30 p.m.) July 10 through August 14 as part of our Summer Concert Series!",,,Magical Bridge Playground,,"3700 Middlefield Rd, Palo Alto, CA, 94306",,7/24/2026,6PM to 7:30 p.m.,,,"0-2, 2-5, 5+",All ages,Music & Movement,Music & Movement,,https://www.paloalto.gov/files/assets/public/v/1/mb-summer-concert-serries.jpg?dimension=pageimage&w=480,https://www.paloalto.gov/Events-Directory/Community-Services/Magical-Bridge-Foundation-Summer-Concert-Series,,,,FALSE,FALSE,,7/20/26,,,Not published,,,,,,,,,,,,,,,,,,,
,James Henry House of Samba Kids Imaginative Musical Workshop: Magical Bridge Foundation - Summer Concert Series,"We're excited to unite our community through this fun and inviting concert by Musical Memories Foundation, which sets out to enhance the lives of seniors. All ages and abilities are welcome!

Join us for performances every Friday evening (6 - 7:30 p.m.) July 10 through August 14 as part of our Summer Concert Series!",,,Magical Bridge Playground,,"3700 Middlefield Rd, Palo Alto, CA, 94306",,7/31/2026,6PM to 7:30 p.m.,,,"0-2, 2-5, 5+",All ages,"Music & Movement, Classes","Music & Movement, Classes",,https://www.paloalto.gov/files/assets/public/v/1/mb-summer-concert-serries.jpg?dimension=pageimage&w=480,https://www.paloalto.gov/Events-Directory/Community-Services/Magical-Bridge-Foundation-Summer-Concert-Series,,,,FALSE,FALSE,,7/20/26,,,Not published,,,,,,,,,,,,,,,,,,,
,Charline Pelloux-Gervais Classic Hits & Disney Favorites: Magical Bridge Foundation - Summer Concert Series,"We're excited to unite our community through this fun and inviting concert by Musical Memories Foundation, which sets out to enhance the lives of seniors. All ages and abilities are welcome!

Join us for performances every Friday evening (6 - 7:30 p.m.) July 10 through August 14 as part of our Summer Concert Series!",,,Magical Bridge Playground,,"3700 Middlefield Rd, Palo Alto, CA, 94306",,8/7/2026,6PM to 7:30 p.m.,,,"0-2, 2-5, 5+",All ages,"Music & Movement, Classes","Music & Movement, Classes",,https://www.paloalto.gov/files/assets/public/v/1/mb-summer-concert-serries.jpg?dimension=pageimage&w=480,https://www.paloalto.gov/Events-Directory/Community-Services/Magical-Bridge-Foundation-Summer-Concert-Series,,,,FALSE,FALSE,,7/20/26,,,Not published,,,,,,,,,,,,,,,,,,,
,"Andy Z Music, Movement, Storytelling, Puppetry: Magical Bridge Foundation - Summer Concert Series","We're excited to unite our community through this fun and inviting concert by Musical Memories Foundation, which sets out to enhance the lives of seniors. All ages and abilities are welcome!

Join us for performances every Friday evening (6 - 7:30 p.m.) July 10 through August 14 as part of our Summer Concert Series!",,,Magical Bridge Playground,,"3700 Middlefield Rd, Palo Alto, CA, 94306",,8/14/2026,6PM to 7:30 p.m.,,,"0-2, 2-5, 5+",All ages,Music & Movement,Music & Movement,,https://www.paloalto.gov/files/assets/public/v/1/mb-summer-concert-serries.jpg?dimension=pageimage&w=480,https://www.paloalto.gov/Events-Directory/Community-Services/Magical-Bridge-Foundation-Summer-Concert-Series,,,,FALSE,FALSE,,7/20/26,,,Not published,,,,,,,,,,,,,,,,,,,
,Fine Art in the Park,"Join the Rotary Club of Los Altos for their 51st annual Fine Art in the Park on August 8-9, 2026, from 10 AM to 5:30 PM in Lincoln Park, Los Altos. This prestigious event showcases more than 150 juried artists selling their paintings, sculptures, textiles, jewelry, wood, glass, and more. This year also features emerging artists from Foothill College. Meet the artists while enjoying live music, a community stage, kid’s activities, local food, craft beer, and fine wine. One hundred percent of event profits fund Los Altos Rotary’s charitable programs supporting those in need, locally and internationally. Admission and shuttle parking are free. Event details at rotaryartshow.com. FB/Insta: @FineArtinthePark",,,Lincoln Park,,"199 University Ave, Los Altos",,8/8/2026,10:00 AM to 5:30 PM,,,,,Arts & Crafts,Arts & Crafts,,"https://static.wixstatic.com/media/9a193c_1e315b56b55e494dbbb13005e0dac437~mv2.jpeg/v1/fill/w_1755,h_600,al_c,q_85,enc_avif,quality_auto/FAITP-2026-web-banner.jpeg",https://www.rotaryartshow.com/,,,,FALSE,FALSE,,,,,Not published,,,,,,,,,,,,,,,,,,,
,Fine Art in the Park,"Join the Rotary Club of Los Altos for their 51st annual Fine Art in the Park on August 8-9, 2026, from 10 AM to 5:30 PM in Lincoln Park, Los Altos. This prestigious event showcases more than 150 juried artists selling their paintings, sculptures, textiles, jewelry, wood, glass, and more. This year also features emerging artists from Foothill College. Meet the artists while enjoying live music, a community stage, kid’s activities, local food, craft beer, and fine wine. One hundred percent of event profits fund Los Altos Rotary’s charitable programs supporting those in need, locally and internationally. Admission and shuttle parking are free. Event details at rotaryartshow.com. FB/Insta: @FineArtinthePark",,,Lincoln Park,,"199 University Ave, Los Altos",,8/9/2026,10:00 AM to 5:30 PM,,,"0-2, 2-5, 5+",All ages,Arts & Crafts,Arts & Crafts,,"https://static.wixstatic.com/media/9a193c_1e315b56b55e494dbbb13005e0dac437~mv2.jpeg/v1/fill/w_1755,h_600,al_c,q_85,enc_avif,quality_auto/FAITP-2026-web-banner.jpeg",https://www.rotaryartshow.com/,,,,FALSE,FALSE,,,,,Not published,,,,,,,,,,,,,,,,,,,
,Community Arts Day,"Get to know your neighborhood arts center with free activities for kids, teens and adults!

Everyone is welcome at CSMA Community Arts Day! We’ll have live music, a food truck, hands-on art activities, drop-in demo classes, public art projects, face painting for kids, and a stunning new exhibition in our gallery.

Tour the building, explore what we have to offer, and get involved with Silicon Valley’s creative community this summer.",,,Community School of Music and Arts,,"230 San Antonio Circle

Mountain View, CA 94040",,7/26/2026,10:00AM -2:00pm,,,"0-2, 2-5, 5+",All ages,"Arts & Crafts, Classes","Arts & Crafts, Classes",,https://www.eventbrite.com/e/_next/image?url=https%3A%2F%2Fimg.evbuc.com%2Fhttps%253A%252F%252Fcdn.evbuc.com%252Fimages%252F1187743021%252F2991949830376%252F1%252Foriginal.20260626-221838%3Fcrop%3Dfocalpoint%26fit%3Dcrop%26w%3D1880%26auto%3Dformat%252Ccompress%26q%3D75%26sharp%3D10%26fp-x%3D0.5%26fp-y%3D0.5%26s%3D7bd2a26d7f8501f1b1cd8b91250800fb&w=1880&q=75,https://arts4all.org/concerts/community-arts-day/,,,,FALSE,FALSE,,,,,Not published,,,,,,,,,,,,,,,,,,,
,,,,,,,,,,,,,,,,,,,,,,,,,,,,,,,,,,,,,,,,,,,,,,,,
,,,,,,,,,,,,,,,,,,,,,,,,,,,,,,,,,,,,,,,,,,,,,,,,
,,,,,,,,,,,,,,,,,,,,,,,,,,,,,,,,,,,,,,,,,,,,,,,,
,,,,,,,,,,,,,,,,,,,,,,,,,,,,,,,,,,,,,,,,,,,,,,,,
,,,,,,,,,,,,,,,,,,,,,,,,,,,,,,,,,,,,,,,,,,,,,,,,
,,,,,,,,,,,,,,,,,,,,,,,,,,,,,,,,,,,,,,,,,,,,,,,,
,,,,,,,,,,,,,,,,,,,,,,,,,,,,,,,,,,,,,,,,,,,,,,,,
,,,,,,,,,,,,,,,,,,,,,,,,,,,,,,,,,,,,,,,,,,,,,,,,
,,,,,,,,,,,,,,,,,,,,,,,,,,,,,,,,,,,,,,,,,,,,,,,,
,,,,,,,,,,,,,,,,,,,,,,,,,,,,,,,,,,,,,,,,,,,,,,,,
,,,,,,,,,,,,,,,,,,,,,,,,,,,,,,,,,,,,,,,,,,,,,,,,
,,,,,,,,,,,,,,,,,,,,,,,,,,,,,,,,,,,,,,,,,,,,,,,,
,,,,,,,,,,,,,,,,,,,,,,,,,,,,,,,,,,,,,,,,,,,,,,,,
,,,,,,,,,,,,,,,,,,,,,,,,,,,,,,,,,,,,,,,,,,,,,,,,
,,,,,,,,,,,,,,,,,,,,,,,,,,,,,,,,,,,,,,,,,,,,,,,,
,,,,,,,,,,,,,,,,,,,,,,,,,,,,,,,,,,,,,,,,,,,,,,,,
,,,,,,,,,,,,,,,,,,,,,,,,,,,,,,,,,,,,,,,,,,,,,,,,
,,,,,,,,,,,,,,,,,,,,,,,,,,,,,,,,,,,,,,,,,,,,,,,,
,,,,,,,,,,,,,,,,,,,,,,,,,,,,,,,,,,,,,,,,,,,,,,,,
,,,,,,,,,,,,,,,,,,,,,,,,,,,,,,,,,,,,,,,,,,,,,,,,
,,,,,,,,,,,,,,,,,,,,,,,,,,,,,,,,,,,,,,,,,,,,,,,,
,,,,,,,,,,,,,,,,,,,,,,,,,,,,,,,,,,,,,,,,,,,,,,,,
,,,,,,,,,,,,,,,,,,,,,,,,,,,,,,,,,,,,,,,,,,,,,,,,
,,,,,,,,,,,,,,,,,,,,,,,,,,,,,,,,,,,,,,,,,,,,,,,,
,,,,,,,,,,,,,,,,,,,,,,,,,,,,,,,,,,,,,,,,,,,,,,,,
,,,,,,,,,,,,,,,,,,,,,,,,,,,,,,,,,,,,,,,,,,,,,,,,
,,,,,,,,,,,,,,,,,,,,,,,,,,,,,,,,,,,,,,,,,,,,,,,,
,,,,,,,,,,,,,,,,,,,,,,,,,,,,,,,,,,,,,,,,,,,,,,,,
,,,,,,,,,,,,,,,,,,,,,,,,,,,,,,,,,,,,,,,,,,,,,,,,
,,,,,,,,,,,,,,,,,,,,,,,,,,,,,,,,,,,,,,,,,,,,,,,,
,,,,,,,,,,,,,,,,,,,,,,,,,,,,,,,,,,,,,,,,,,,,,,,,
,,,,,,,,,,,,,,,,,,,,,,,,,,,,,,,,,,,,,,,,,,,,,,,,
,,,,,,,,,,,,,,,,,,,,,,,,,,,,,,,,,,,,,,,,,,,,,,,,
,,,,,,,,,,,,,,,,,,,,,,,,,,,,,,,,,,,,,,,,,,,,,,,,
,,,,,,,,,,,,,,,,,,,,,,,,,,,,,,,,,,,,,,,,,,,,,,,,
,,,,,,,,,,,,,,,,,,,,,,,,,,,,,,,,,,,,,,,,,,,,,,,,
,,,,,,,,,,,,,,,,,,,,,,,,,,,,,,,,,,,,,,,,,,,,,,,,
,,,,,,,,,,,,,,,,,,,,,,,,,,,,,,,,,,,,,,,,,,,,,,,,
,,,,,,,,,,,,,,,,,,,,,,,,,,,,,,,,,,,,,,,,,,,,,,,,
,,,,,,,,,,,,,,,,,,,,,,,,,,,,,,,,,,,,,,,,,,,,,,,,
,,,,,,,,,,,,,,,,,,,,,,,,,,,,,,,,,,,,,,,,,,,,,,,,
,,,,,,,,,,,,,,,,,,,,,,,,,,,,,,,,,,,,,,,,,,,,,,,,
,,,,,,,,,,,,,,,,,,,,,,,,,,,,,,,,,,,,,,,,,,,,,,,,
,,,,,,,,,,,,,,,,,,,,,,,,,,,,,,,,,,,,,,,,,,,,,,,,
,,,,,,,,,,,,,,,,,,,,,,,,,,,,,,,,,,,,,,,,,,,,,,,,
,,,,,,,,,,,,,,,,,,,,,,,,,,,,,,,,,,,,,,,,,,,,,,,,
,,,,,,,,,,,,,,,,,,,,,,,,,,,,,,,,,,,,,,,,,,,,,,,,
,,,,,,,,,,,,,,,,,,,,,,,,,,,,,,,,,,,,,,,,,,,,,,,,
,,,,,,,,,,,,,,,,,,,,,,,,,,,,,,,,,,,,,,,,,,,,,,,,
,,,,,,,,,,,,,,,,,,,,,,,,,,,,,,,,,,,,,,,,,,,,,,,,
,,,,,,,,,,,,,,,,,,,,,,,,,,,,,,,,,,,,,,,,,,,,,,,,
,,,,,,,,,,,,,,,,,,,,,,,,,,,,,,,,,,,,,,,,,,,,,,,,
,,,,,,,,,,,,,,,,,,,,,,,,,,,,,,,,,,,,,,,,,,,,,,,,
,,,,,,,,,,,,,,,,,,,,,,,,,,,,,,,,,,,,,,,,,,,,,,,,
,,,,,,,,,,,,,,,,,,,,,,,,,,,,,,,,,,,,,,,,,,,,,,,,
,,,,,,,,,,,,,,,,,,,,,,,,,,,,,,,,,,,,,,,,,,,,,,,,
,,,,,,,,,,,,,,,,,,,,,,,,,,,,,,,,,,,,,,,,,,,,,,,,
,,,,,,,,,,,,,,,,,,,,,,,,,,,,,,,,,,,,,,,,,,,,,,,,
,,,,,,,,,,,,,,,,,,,,,,,,,,,,,,,,,,,,,,,,,,,,,,,,
,,,,,,,,,,,,,,,,,,,,,,,,,,,,,,,,,,,,,,,,,,,,,,,,
,,,,,,,,,,,,,,,,,,,,,,,,,,,,,,,,,,,,,,,,,,,,,,,,
,,,,,,,,,,,,,,,,,,,,,,,,,,,,,,,,,,,,,,,,,,,,,,,,
,,,,,,,,,,,,,,,,,,,,,,,,,,,,,,,,,,,,,,,,,,,,,,,,
,,,,,,,,,,,,,,,,,,,,,,,,,,,,,,,,,,,,,,,,,,,,,,,,
,,,,,,,,,,,,,,,,,,,,,,,,,,,,,,,,,,,,,,,,,,,,,,,,
,,,,,,,,,,,,,,,,,,,,,,,,,,,,,,,,,,,,,,,,,,,,,,,,
,,,,,,,,,,,,,,,,,,,,,,,,,,,,,,,,,,,,,,,,,,,,,,,,
,,,,,,,,,,,,,,,,,,,,,,,,,,,,,,,,,,,,,,,,,,,,,,,,
,,,,,,,,,,,,,,,,,,,,,,,,,,,,,,,,,,,,,,,,,,,,,,,,
,,,,,,,,,,,,,,,,,,,,,,,,,,,,,,,,,,,,,,,,,,,,,,,,
,,,,,,,,,,,,,,,,,,,,,,,,,,,,,,,,,,,,,,,,,,,,,,,,
,,,,,,,,,,,,,,,,,,,,,,,,,,,,,,,,,,,,,,,,,,,,,,,,
,,,,,,,,,,,,,,,,,,,,,,,,,,,,,,,,,,,,,,,,,,,,,,,,
,,,,,,,,,,,,,,,,,,,,,,,,,,,,,,,,,,,,,,,,,,,,,,,,
,,,,,,,,,,,,,,,,,,,,,,,,,,,,,,,,,,,,,,,,,,,,,,,,
,,,,,,,,,,,,,,,,,,,,,,,,,,,,,,,,,,,,,,,,,,,,,,,,
,,,,,,,,,,,,,,,,,,,,,,,,,,,,,,,,,,,,,,,,,,,,,,,,
,,,,,,,,,,,,,,,,,,,,,,,,,,,,,,,,,,,,,,,,,,,,,,,,
,,,,,,,,,,,,,,,,,,,,,,,,,,,,,,,,,,,,,,,,,,,,,,,,
,,,,,,,,,,,,,,,,,,,,,,,,,,,,,,,,,,,,,,,,,,,,,,,,
,,,,,,,,,,,,,,,,,,,,,,,,,,,,,,,,,,,,,,,,,,,,,,,,
,,,,,,,,,,,,,,,,,,,,,,,,,,,,,,,,,,,,,,,,,,,,,,,,
,,,,,,,,,,,,,,,,,,,,,,,,,,,,,,,,,,,,,,,,,,,,,,,,
,,,,,,,,,,,,,,,,,,,,,,,,,,,,,,,,,,,,,,,,,,,,,,,,
,,,,,,,,,,,,,,,,,,,,,,,,,,,,,,,,,,,,,,,,,,,,,,,,
,,,,,,,,,,,,,,,,,,,,,,,,,,,,,,,,,,,,,,,,,,,,,,,,
,,,,,,,,,,,,,,,,,,,,,,,,,,,,,,,,,,,,,,,,,,,,,,,,
,,,,,,,,,,,,,,,,,,,,,,,,,,,,,,,,,,,,,,,,,,,,,,,,
,,,,,,,,,,,,,,,,,,,,,,,,,,,,,,,,,,,,,,,,,,,,,,,,
,,,,,,,,,,,,,,,,,,,,,,,,,,,,,,,,,,,,,,,,,,,,,,,,
,,,,,,,,,,,,,,,,,,,,,,,,,,,,,,,,,,,,,,,,,,,,,,,,
,,,,,,,,,,,,,,,,,,,,,,,,,,,,,,,,,,,,,,,,,,,,,,,,
,,,,,,,,,,,,,,,,,,,,,,,,,,,,,,,,,,,,,,,,,,,,,,,,
,,,,,,,,,,,,,,,,,,,,,,,,,,,,,,,,,,,,,,,,,,,,,,,,
,,,,,,,,,,,,,,,,,,,,,,,,,,,,,,,,,,,,,,,,,,,,,,,,
,,,,,,,,,,,,,,,,,,,,,,,,,,,,,,,,,,,,,,,,,,,,,,,,
,,,,,,,,,,,,,,,,,,,,,,,,,,,,,,,,,,,,,,,,,,,,,,,,
,,,,,,,,,,,,,,,,,,,,,,,,,,,,,,,,,,,,,,,,,,,,,,,,
,,,,,,,,,,,,,,,,,,,,,,,,,,,,,,,,,,,,,,,,,,,,,,,,
,,,,,,,,,,,,,,,,,,,,,,,,,,,,,,,,,,,,,,,,,,,,,,,,
,,,,,,,,,,,,,,,,,,,,,,,,,,,,,,,,,,,,,,,,,,,,,,,,
,,,,,,,,,,,,,,,,,,,,,,,,,,,,,,,,,,,,,,,,,,,,,,,,
,,,,,,,,,,,,,,,,,,,,,,,,,,,,,,,,,,,,,,,,,,,,,,,,
,,,,,,,,,,,,,,,,,,,,,,,,,,,,,,,,,,,,,,,,,,,,,,,,
,,,,,,,,,,,,,,,,,,,,,,,,,,,,,,,,,,,,,,,,,,,,,,,,
,,,,,,,,,,,,,,,,,,,,,,,,,,,,,,,,,,,,,,,,,,,,,,,,
,,,,,,,,,,,,,,,,,,,,,,,,,,,,,,,,,,,,,,,,,,,,,,,,
,,,,,,,,,,,,,,,,,,,,,,,,,,,,,,,,,,,,,,,,,,,,,,,,
,,,,,,,,,,,,,,,,,,,,,,,,,,,,,,,,,,,,,,,,,,,,,,,,
,,,,,,,,,,,,,,,,,,,,,,,,,,,,,,,,,,,,,,,,,,,,,,,,
,,,,,,,,,,,,,,,,,,,,,,,,,,,,,,,,,,,,,,,,,,,,,,,,
,,,,,,,,,,,,,,,,,,,,,,,,,,,,,,,,,,,,,,,,,,,,,,,,
,,,,,,,,,,,,,,,,,,,,,,,,,,,,,,,,,,,,,,,,,,,,,,,,
,,,,,,,,,,,,,,,,,,,,,,,,,,,,,,,,,,,,,,,,,,,,,,,,
,,,,,,,,,,,,,,,,,,,,,,,,,,,,,,,,,,,,,,,,,,,,,,,,
,,,,,,,,,,,,,,,,,,,,,,,,,,,,,,,,,,,,,,,,,,,,,,,,
,,,,,,,,,,,,,,,,,,,,,,,,,,,,,,,,,,,,,,,,,,,,,,,,
,,,,,,,,,,,,,,,,,,,,,,,,,,,,,,,,,,,,,,,,,,,,,,,,
,,,,,,,,,,,,,,,,,,,,,,,,,,,,,,,,,,,,,,,,,,,,,,,,
,,,,,,,,,,,,,,,,,,,,,,,,,,,,,,,,,,,,,,,,,,,,,,,,
,,,,,,,,,,,,,,,,,,,,,,,,,,,,,,,,,,,,,,,,,,,,,,,,
,,,,,,,,,,,,,,,,,,,,,,,,,,,,,,,,,,,,,,,,,,,,,,,,
,,,,,,,,,,,,,,,,,,,,,,,,,,,,,,,,,,,,,,,,,,,,,,,,
,,,,,,,,,,,,,,,,,,,,,,,,,,,,,,,,,,,,,,,,,,,,,,,,
,,,,,,,,,,,,,,,,,,,,,,,,,,,,,,,,,,,,,,,,,,,,,,,,
,,,,,,,,,,,,,,,,,,,,,,,,,,,,,,,,,,,,,,,,,,,,,,,,
,,,,,,,,,,,,,,,,,,,,,,,,,,,,,,,,,,,,,,,,,,,,,,,,
,,,,,,,,,,,,,,,,,,,,,,,,,,,,,,,,,,,,,,,,,,,,,,,,
,,,,,,,,,,,,,,,,,,,,,,,,,,,,,,,,,,,,,,,,,,,,,,,,
,,,,,,,,,,,,,,,,,,,,,,,,,,,,,,,,,,,,,,,,,,,,,,,,
,,,,,,,,,,,,,,,,,,,,,,,,,,,,,,,,,,,,,,,,,,,,,,,,
,,,,,,,,,,,,,,,,,,,,,,,,,,,,,,,,,,,,,,,,,,,,,,,,
,,,,,,,,,,,,,,,,,,,,,,,,,,,,,,,,,,,,,,,,,,,,,,,,
,,,,,,,,,,,,,,,,,,,,,,,,,,,,,,,,,,,,,,,,,,,,,,,,
,,,,,,,,,,,,,,,,,,,,,,,,,,,,,,,,,,,,,,,,,,,,,,,,
,,,,,,,,,,,,,,,,,,,,,,,,,,,,,,,,,,,,,,,,,,,,,,,,
,,,,,,,,,,,,,,,,,,,,,,,,,,,,,,,,,,,,,,,,,,,,,,,,
,,,,,,,,,,,,,,,,,,,,,,,,,,,,,,,,,,,,,,,,,,,,,,,,
,,,,,,,,,,,,,,,,,,,,,,,,,,,,,,,,,,,,,,,,,,,,,,,,
,,,,,,,,,,,,,,,,,,,,,,,,,,,,,,,,,,,,,,,,,,,,,,,,
,,,,,,,,,,,,,,,,,,,,,,,,,,,,,,,,,,,,,,,,,,,,,,,,
,,,,,,,,,,,,,,,,,,,,,,,,,,,,,,,,,,,,,,,,,,,,,,,,
,,,,,,,,,,,,,,,,,,,,,,,,,,,,,,,,,,,,,,,,,,,,,,,,
,,,,,,,,,,,,,,,,,,,,,,,,,,,,,,,,,,,,,,,,,,,,,,,,
,,,,,,,,,,,,,,,,,,,,,,,,,,,,,,,,,,,,,,,,,,,,,,,,
,,,,,,,,,,,,,,,,,,,,,,,,,,,,,,,,,,,,,,,,,,,,,,,,
,,,,,,,,,,,,,,,,,,,,,,,,,,,,,,,,,,,,,,,,,,,,,,,,
,,,,,,,,,,,,,,,,,,,,,,,,,,,,,,,,,,,,,,,,,,,,,,,,
,,,,,,,,,,,,,,,,,,,,,,,,,,,,,,,,,,,,,,,,,,,,,,,,
,,,,,,,,,,,,,,,,,,,,,,,,,,,,,,,,,,,,,,,,,,,,,,,,
,,,,,,,,,,,,,,,,,,,,,,,,,,,,,,,,,,,,,,,,,,,,,,,,
,,,,,,,,,,,,,,,,,,,,,,,,,,,,,,,,,,,,,,,,,,,,,,,,
,,,,,,,,,,,,,,,,,,,,,,,,,,,,,,,,,,,,,,,,,,,,,,,,
,,,,,,,,,,,,,,,,,,,,,,,,,,,,,,,,,,,,,,,,,,,,,,,,
,,,,,,,,,,,,,,,,,,,,,,,,,,,,,,,,,,,,,,,,,,,,,,,,
,,,,,,,,,,,,,,,,,,,,,,,,,,,,,,,,,,,,,,,,,,,,,,,,
,,,,,,,,,,,,,,,,,,,,,,,,,,,,,,,,,,,,,,,,,,,,,,,,
,,,,,,,,,,,,,,,,,,,,,,,,,,,,,,,,,,,,,,,,,,,,,,,,
,,,,,,,,,,,,,,,,,,,,,,,,,,,,,,,,,,,,,,,,,,,,,,,,
,,,,,,,,,,,,,,,,,,,,,,,,,,,,,,,,,,,,,,,,,,,,,,,,
,,,,,,,,,,,,,,,,,,,,,,,,,,,,,,,,,,,,,,,,,,,,,,,,
,,,,,,,,,,,,,,,,,,,,,,,,,,,,,,,,,,,,,,,,,,,,,,,,
,,,,,,,,,,,,,,,,,,,,,,,,,,,,,,,,,,,,,,,,,,,,,,,,
,,,,,,,,,,,,,,,,,,,,,,,,,,,,,,,,,,,,,,,,,,,,,,,,
,,,,,,,,,,,,,,,,,,,,,,,,,,,,,,,,,,,,,,,,,,,,,,,,
,,,,,,,,,,,,,,,,,,,,,,,,,,,,,,,,,,,,,,,,,,,,,,,,
,,,,,,,,,,,,,,,,,,,,,,,,,,,,,,,,,,,,,,,,,,,,,,,,
,,,,,,,,,,,,,,,,,,,,,,,,,,,,,,,,,,,,,,,,,,,,,,,,
,,,,,,,,,,,,,,,,,,,,,,,,,,,,,,,,,,,,,,,,,,,,,,,,
,,,,,,,,,,,,,,,,,,,,,,,,,,,,,,,,,,,,,,,,,,,,,,,,
,,,,,,,,,,,,,,,,,,,,,,,,,,,,,,,,,,,,,,,,,,,,,,,,
,,,,,,,,,,,,,,,,,,,,,,,,,,,,,,,,,,,,,,,,,,,,,,,,
,,,,,,,,,,,,,,,,,,,,,,,,,,,,,,,,,,,,,,,,,,,,,,,,
,,,,,,,,,,,,,,,,,,,,,,,,,,,,,,,,,,,,,,,,,,,,,,,,
,,,,,,,,,,,,,,,,,,,,,,,,,,,,,,,,,,,,,,,,,,,,,,,,
,,,,,,,,,,,,,,,,,,,,,,,,,,,,,,,,,,,,,,,,,,,,,,,,
,,,,,,,,,,,,,,,,,,,,,,,,,,,,,,,,,,,,,,,,,,,,,,,,
,,,,,,,,,,,,,,,,,,,,,,,,,,,,,,,,,,,,,,,,,,,,,,,,
,,,,,,,,,,,,,,,,,,,,,,,,,,,,,,,,,,,,,,,,,,,,,,,,
,,,,,,,,,,,,,,,,,,,,,,,,,,,,,,,,,,,,,,,,,,,,,,,,
,,,,,,,,,,,,,,,,,,,,,,,,,,,,,,,,,,,,,,,,,,,,,,,,
,,,,,,,,,,,,,,,,,,,,,,,,,,,,,,,,,,,,,,,,,,,,,,,,
,,,,,,,,,,,,,,,,,,,,,,,,,,,,,,,,,,,,,,,,,,,,,,,,
,,,,,,,,,,,,,,,,,,,,,,,,,,,,,,,,,,,,,,,,,,,,,,,,
,,,,,,,,,,,,,,,,,,,,,,,,,,,,,,,,,,,,,,,,,,,,,,,,
,,,,,,,,,,,,,,,,,,,,,,,,,,,,,,,,,,,,,,,,,,,,,,,,
,,,,,,,,,,,,,,,,,,,,,,,,,,,,,,,,,,,,,,,,,,,,,,,,
,,,,,,,,,,,,,,,,,,,,,,,,,,,,,,,,,,,,,,,,,,,,,,,,
,,,,,,,,,,,,,,,,,,,,,,,,,,,,,,,,,,,,,,,,,,,,,,,,
,,,,,,,,,,,,,,,,,,,,,,,,,,,,,,,,,,,,,,,,,,,,,,,,
,,,,,,,,,,,,,,,,,,,,,,,,,,,,,,,,,,,,,,,,,,,,,,,,
,,,,,,,,,,,,,,,,,,,,,,,,,,,,,,,,,,,,,,,,,,,,,,,,
,,,,,,,,,,,,,,,,,,,,,,,,,,,,,,,,,,,,,,,,,,,,,,,,
,,,,,,,,,,,,,,,,,,,,,,,,,,,,,,,,,,,,,,,,,,,,,,,,
,,,,,,,,,,,,,,,,,,,,,,,,,,,,,,,,,,,,,,,,,,,,,,,,
,,,,,,,,,,,,,,,,,,,,,,,,,,,,,,,,,,,,,,,,,,,,,,,,
,,,,,,,,,,,,,,,,,,,,,,,,,,,,,,,,,,,,,,,,,,,,,,,,
,,,,,,,,,,,,,,,,,,,,,,,,,,,,,,,,,,,,,,,,,,,,,,,,
,,,,,,,,,,,,,,,,,,,,,,,,,,,,,,,,,,,,,,,,,,,,,,,,
,,,,,,,,,,,,,,,,,,,,,,,,,,,,,,,,,,,,,,,,,,,,,,,,
,,,,,,,,,,,,,,,,,,,,,,,,,,,,,,,,,,,,,,,,,,,,,,,,
,,,,,,,,,,,,,,,,,,,,,,,,,,,,,,,,,,,,,,,,,,,,,,,,
,,,,,,,,,,,,,,,,,,,,,,,,,,,,,,,,,,,,,,,,,,,,,,,,
,,,,,,,,,,,,,,,,,,,,,,,,,,,,,,,,,,,,,,,,,,,,,,,,
,,,,,,,,,,,,,,,,,,,,,,,,,,,,,,,,,,,,,,,,,,,,,,,,
,,,,,,,,,,,,,,,,,,,,,,,,,,,,,,,,,,,,,,,,,,,,,,,,
,,,,,,,,,,,,,,,,,,,,,,,,,,,,,,,,,,,,,,,,,,,,,,,,
,,,,,,,,,,,,,,,,,,,,,,,,,,,,,,,,,,,,,,,,,,,,,,,,
,,,,,,,,,,,,,,,,,,,,,,,,,,,,,,,,,,,,,,,,,,,,,,,,
,,,,,,,,,,,,,,,,,,,,,,,,,,,,,,,,,,,,,,,,,,,,,,,,
,,,,,,,,,,,,,,,,,,,,,,,,,,,,,,,,,,,,,,,,,,,,,,,,
,,,,,,,,,,,,,,,,,,,,,,,,,,,,,,,,,,,,,,,,,,,,,,,,
,,,,,,,,,,,,,,,,,,,,,,,,,,,,,,,,,,,,,,,,,,,,,,,,
,,,,,,,,,,,,,,,,,,,,,,,,,,,,,,,,,,,,,,,,,,,,,,,,
,,,,,,,,,,,,,,,,,,,,,,,,,,,,,,,,,,,,,,,,,,,,,,,,
,,,,,,,,,,,,,,,,,,,,,,,,,,,,,,,,,,,,,,,,,,,,,,,,
,,,,,,,,,,,,,,,,,,,,,,,,,,,,,,,,,,,,,,,,,,,,,,,,
,,,,,,,,,,,,,,,,,,,,,,,,,,,,,,,,,,,,,,,,,,,,,,,,
,,,,,,,,,,,,,,,,,,,,,,,,,,,,,,,,,,,,,,,,,,,,,,,,
,,,,,,,,,,,,,,,,,,,,,,,,,,,,,,,,,,,,,,,,,,,,,,,,
,,,,,,,,,,,,,,,,,,,,,,,,,,,,,,,,,,,,,,,,,,,,,,,,
,,,,,,,,,,,,,,,,,,,,,,,,,,,,,,,,,,,,,,,,,,,,,,,,
,,,,,,,,,,,,,,,,,,,,,,,,,,,,,,,,,,,,,,,,,,,,,,,,
,,,,,,,,,,,,,,,,,,,,,,,,,,,,,,,,,,,,,,,,,,,,,,,,
,,,,,,,,,,,,,,,,,,,,,,,,,,,,,,,,,,,,,,,,,,,,,,,,
,,,,,,,,,,,,,,,,,,,,,,,,,,,,,,,,,,,,,,,,,,,,,,,,
,,,,,,,,,,,,,,,,,,,,,,,,,,,,,,,,,,,,,,,,,,,,,,,,
,,,,,,,,,,,,,,,,,,,,,,,,,,,,,,,,,,,,,,,,,,,,,,,,
,,,,,,,,,,,,,,,,,,,,,,,,,,,,,,,,,,,,,,,,,,,,,,,,
,,,,,,,,,,,,,,,,,,,,,,,,,,,,,,,,,,,,,,,,,,,,,,,,
,,,,,,,,,,,,,,,,,,,,,,,,,,,,,,,,,,,,,,,,,,,,,,,,
,,,,,,,,,,,,,,,,,,,,,,,,,,,,,,,,,,,,,,,,,,,,,,,,
,,,,,,,,,,,,,,,,,,,,,,,,,,,,,,,,,,,,,,,,,,,,,,,,
,,,,,,,,,,,,,,,,,,,,,,,,,,,,,,,,,,,,,,,,,,,,,,,,
,,,,,,,,,,,,,,,,,,,,,,,,,,,,,,,,,,,,,,,,,,,,,,,,
,,,,,,,,,,,,,,,,,,,,,,,,,,,,,,,,,,,,,,,,,,,,,,,,
,,,,,,,,,,,,,,,,,,,,,,,,,,,,,,,,,,,,,,,,,,,,,,,,
,,,,,,,,,,,,,,,,,,,,,,,,,,,,,,,,,,,,,,,,,,,,,,,,
,,,,,,,,,,,,,,,,,,,,,,,,,,,,,,,,,,,,,,,,,,,,,,,,
,,,,,,,,,,,,,,,,,,,,,,,,,,,,,,,,,,,,,,,,,,,,,,,,
,,,,,,,,,,,,,,,,,,,,,,,,,,,,,,,,,,,,,,,,,,,,,,,,
,,,,,,,,,,,,,,,,,,,,,,,,,,,,,,,,,,,,,,,,,,,,,,,,
,,,,,,,,,,,,,,,,,,,,,,,,,,,,,,,,,,,,,,,,,,,,,,,,
,,,,,,,,,,,,,,,,,,,,,,,,,,,,,,,,,,,,,,,,,,,,,,,,
,,,,,,,,,,,,,,,,,,,,,,,,,,,,,,,,,,,,,,,,,,,,,,,,
,,,,,,,,,,,,,,,,,,,,,,,,,,,,,,,,,,,,,,,,,,,,,,,,
,,,,,,,,,,,,,,,,,,,,,,,,,,,,,,,,,,,,,,,,,,,,,,,,
,,,,,,,,,,,,,,,,,,,,,,,,,,,,,,,,,,,,,,,,,,,,,,,,
,,,,,,,,,,,,,,,,,,,,,,,,,,,,,,,,,,,,,,,,,,,,,,,,
,,,,,,,,,,,,,,,,,,,,,,,,,,,,,,,,,,,,,,,,,,,,,,,,
,,,,,,,,,,,,,,,,,,,,,,,,,,,,,,,,,,,,,,,,,,,,,,,,
,,,,,,,,,,,,,,,,,,,,,,,,,,,,,,,,,,,,,,,,,,,,,,,,
,,,,,,,,,,,,,,,,,,,,,,,,,,,,,,,,,,,,,,,,,,,,,,,,
,,,,,,,,,,,,,,,,,,,,,,,,,,,,,,,,,,,,,,,,,,,,,,,,
,,,,,,,,,,,,,,,,,,,,,,,,,,,,,,,,,,,,,,,,,,,,,,,,
,,,,,,,,,,,,,,,,,,,,,,,,,,,,,,,,,,,,,,,,,,,,,,,,
,,,,,,,,,,,,,,,,,,,,,,,,,,,,,,,,,,,,,,,,,,,,,,,,
,,,,,,,,,,,,,,,,,,,,,,,,,,,,,,,,,,,,,,,,,,,,,,,,
,,,,,,,,,,,,,,,,,,,,,,,,,,,,,,,,,,,,,,,,,,,,,,,,
,,,,,,,,,,,,,,,,,,,,,,,,,,,,,,,,,,,,,,,,,,,,,,,,
,,,,,,,,,,,,,,,,,,,,,,,,,,,,,,,,,,,,,,,,,,,,,,,,
,,,,,,,,,,,,,,,,,,,,,,,,,,,,,,,,,,,,,,,,,,,,,,,,
,,,,,,,,,,,,,,,,,,,,,,,,,,,,,,,,,,,,,,,,,,,,,,,,
,,,,,,,,,,,,,,,,,,,,,,,,,,,,,,,,,,,,,,,,,,,,,,,,
,,,,,,,,,,,,,,,,,,,,,,,,,,,,,,,,,,,,,,,,,,,,,,,,
,,,,,,,,,,,,,,,,,,,,,,,,,,,,,,,,,,,,,,,,,,,,,,,,
,,,,,,,,,,,,,,,,,,,,,,,,,,,,,,,,,,,,,,,,,,,,,,,,
,,,,,,,,,,,,,,,,,,,,,,,,,,,,,,,,,,,,,,,,,,,,,,,,
,,,,,,,,,,,,,,,,,,,,,,,,,,,,,,,,,,,,,,,,,,,,,,,,
,,,,,,,,,,,,,,,,,,,,,,,,,,,,,,,,,,,,,,,,,,,,,,,,
,,,,,,,,,,,,,,,,,,,,,,,,,,,,,,,,,,,,,,,,,,,,,,,,
,,,,,,,,,,,,,,,,,,,,,,,,,,,,,,,,,,,,,,,,,,,,,,,,
,,,,,,,,,,,,,,,,,,,,,,,,,,,,,,,,,,,,,,,,,,,,,,,,
,,,,,,,,,,,,,,,,,,,,,,,,,,,,,,,,,,,,,,,,,,,,,,,,
,,,,,,,,,,,,,,,,,,,,,,,,,,,,,,,,,,,,,,,,,,,,,,,,
,,,,,,,,,,,,,,,,,,,,,,,,,,,,,,,,,,,,,,,,,,,,,,,,
,,,,,,,,,,,,,,,,,,,,,,,,,,,,,,,,,,,,,,,,,,,,,,,,
,,,,,,,,,,,,,,,,,,,,,,,,,,,,,,,,,,,,,,,,,,,,,,,,
,,,,,,,,,,,,,,,,,,,,,,,,,,,,,,,,,,,,,,,,,,,,,,,,
,,,,,,,,,,,,,,,,,,,,,,,,,,,,,,,,,,,,,,,,,,,,,,,,
,,,,,,,,,,,,,,,,,,,,,,,,,,,,,,,,,,,,,,,,,,,,,,,,
,,,,,,,,,,,,,,,,,,,,,,,,,,,,,,,,,,,,,,,,,,,,,,,,
,,,,,,,,,,,,,,,,,,,,,,,,,,,,,,,,,,,,,,,,,,,,,,,,
,,,,,,,,,,,,,,,,,,,,,,,,,,,,,,,,,,,,,,,,,,,,,,,,
,,,,,,,,,,,,,,,,,,,,,,,,,,,,,,,,,,,,,,,,,,,,,,,,
,,,,,,,,,,,,,,,,,,,,,,,,,,,,,,,,,,,,,,,,,,,,,,,,
,,,,,,,,,,,,,,,,,,,,,,,,,,,,,,,,,,,,,,,,,,,,,,,,
,,,,,,,,,,,,,,,,,,,,,,,,,,,,,,,,,,,,,,,,,,,,,,,,
,,,,,,,,,,,,,,,,,,,,,,,,,,,,,,,,,,,,,,,,,,,,,,,,
,,,,,,,,,,,,,,,,,,,,,,,,,,,,,,,,,,,,,,,,,,,,,,,,
,,,,,,,,,,,,,,,,,,,,,,,,,,,,,,,,,,,,,,,,,,,,,,,,
,,,,,,,,,,,,,,,,,,,,,,,,,,,,,,,,,,,,,,,,,,,,,,,,
,,,,,,,,,,,,,,,,,,,,,,,,,,,,,,,,,,,,,,,,,,,,,,,,
,,,,,,,,,,,,,,,,,,,,,,,,,,,,,,,,,,,,,,,,,,,,,,,,
,,,,,,,,,,,,,,,,,,,,,,,,,,,,,,,,,,,,,,,,,,,,,,,,
,,,,,,,,,,,,,,,,,,,,,,,,,,,,,,,,,,,,,,,,,,,,,,,,
,,,,,,,,,,,,,,,,,,,,,,,,,,,,,,,,,,,,,,,,,,,,,,,,
,,,,,,,,,,,,,,,,,,,,,,,,,,,,,,,,,,,,,,,,,,,,,,,,
,,,,,,,,,,,,,,,,,,,,,,,,,,,,,,,,,,,,,,,,,,,,,,,,
,,,,,,,,,,,,,,,,,,,,,,,,,,,,,,,,,,,,,,,,,,,,,,,,
,,,,,,,,,,,,,,,,,,,,,,,,,,,,,,,,,,,,,,,,,,,,,,,,
,,,,,,,,,,,,,,,,,,,,,,,,,,,,,,,,,,,,,,,,,,,,,,,,
,,,,,,,,,,,,,,,,,,,,,,,,,,,,,,,,,,,,,,,,,,,,,,,,
,,,,,,,,,,,,,,,,,,,,,,,,,,,,,,,,,,,,,,,,,,,,,,,,
,,,,,,,,,,,,,,,,,,,,,,,,,,,,,,,,,,,,,,,,,,,,,,,,
,,,,,,,,,,,,,,,,,,,,,,,,,,,,,,,,,,,,,,,,,,,,,,,,
,,,,,,,,,,,,,,,,,,,,,,,,,,,,,,,,,,,,,,,,,,,,,,,,
,,,,,,,,,,,,,,,,,,,,,,,,,,,,,,,,,,,,,,,,,,,,,,,,
,,,,,,,,,,,,,,,,,,,,,,,,,,,,,,,,,,,,,,,,,,,,,,,,
,,,,,,,,,,,,,,,,,,,,,,,,,,,,,,,,,,,,,,,,,,,,,,,,
,,,,,,,,,,,,,,,,,,,,,,,,,,,,,,,,,,,,,,,,,,,,,,,,
,,,,,,,,,,,,,,,,,,,,,,,,,,,,,,,,,,,,,,,,,,,,,,,,
,,,,,,,,,,,,,,,,,,,,,,,,,,,,,,,,,,,,,,,,,,,,,,,,
,,,,,,,,,,,,,,,,,,,,,,,,,,,,,,,,,,,,,,,,,,,,,,,,
,,,,,,,,,,,,,,,,,,,,,,,,,,,,,,,,,,,,,,,,,,,,,,,,
,,,,,,,,,,,,,,,,,,,,,,,,,,,,,,,,,,,,,,,,,,,,,,,,
,,,,,,,,,,,,,,,,,,,,,,,,,,,,,,,,,,,,,,,,,,,,,,,,
,,,,,,,,,,,,,,,,,,,,,,,,,,,,,,,,,,,,,,,,,,,,,,,,
,,,,,,,,,,,,,,,,,,,,,,,,,,,,,,,,,,,,,,,,,,,,,,,,
,,,,,,,,,,,,,,,,,,,,,,,,,,,,,,,,,,,,,,,,,,,,,,,,
,,,,,,,,,,,,,,,,,,,,,,,,,,,,,,,,,,,,,,,,,,,,,,,,
,,,,,,,,,,,,,,,,,,,,,,,,,,,,,,,,,,,,,,,,,,,,,,,,
,,,,,,,,,,,,,,,,,,,,,,,,,,,,,,,,,,,,,,,,,,,,,,,,
,,,,,,,,,,,,,,,,,,,,,,,,,,,,,,,,,,,,,,,,,,,,,,,,
,,,,,,,,,,,,,,,,,,,,,,,,,,,,,,,,,,,,,,,,,,,,,,,,
,,,,,,,,,,,,,,,,,,,,,,,,,,,,,,,,,,,,,,,,,,,,,,,,
,,,,,,,,,,,,,,,,,,,,,,,,,,,,,,,,,,,,,,,,,,,,,,,,
,,,,,,,,,,,,,,,,,,,,,,,,,,,,,,,,,,,,,,,,,,,,,,,,
,,,,,,,,,,,,,,,,,,,,,,,,,,,,,,,,,,,,,,,,,,,,,,,,
,,,,,,,,,,,,,,,,,,,,,,,,,,,,,,,,,,,,,,,,,,,,,,,,
,,,,,,,,,,,,,,,,,,,,,,,,,,,,,,,,,,,,,,,,,,,,,,,,
,,,,,,,,,,,,,,,,,,,,,,,,,,,,,,,,,,,,,,,,,,,,,,,,
,,,,,,,,,,,,,,,,,,,,,,,,,,,,,,,,,,,,,,,,,,,,,,,,
,,,,,,,,,,,,,,,,,,,,,,,,,,,,,,,,,,,,,,,,,,,,,,,,
,,,,,,,,,,,,,,,,,,,,,,,,,,,,,,,,,,,,,,,,,,,,,,,,
,,,,,,,,,,,,,,,,,,,,,,,,,,,,,,,,,,,,,,,,,,,,,,,,
,,,,,,,,,,,,,,,,,,,,,,,,,,,,,,,,,,,,,,,,,,,,,,,,
,,,,,,,,,,,,,,,,,,,,,,,,,,,,,,,,,,,,,,,,,,,,,,,,
,,,,,,,,,,,,,,,,,,,,,,,,,,,,,,,,,,,,,,,,,,,,,,,,
,,,,,,,,,,,,,,,,,,,,,,,,,,,,,,,,,,,,,,,,,,,,,,,,
,,,,,,,,,,,,,,,,,,,,,,,,,,,,,,,,,,,,,,,,,,,,,,,,
,,,,,,,,,,,,,,,,,,,,,,,,,,,,,,,,,,,,,,,,,,,,,,,,
,,,,,,,,,,,,,,,,,,,,,,,,,,,,,,,,,,,,,,,,,,,,,,,,
,,,,,,,,,,,,,,,,,,,,,,,,,,,,,,,,,,,,,,,,,,,,,,,,
,,,,,,,,,,,,,,,,,,,,,,,,,,,,,,,,,,,,,,,,,,,,,,,,
,,,,,,,,,,,,,,,,,,,,,,,,,,,,,,,,,,,,,,,,,,,,,,,,
,,,,,,,,,,,,,,,,,,,,,,,,,,,,,,,,,,,,,,,,,,,,,,,,
,,,,,,,,,,,,,,,,,,,,,,,,,,,,,,,,,,,,,,,,,,,,,,,,
,,,,,,,,,,,,,,,,,,,,,,,,,,,,,,,,,,,,,,,,,,,,,,,,
,,,,,,,,,,,,,,,,,,,,,,,,,,,,,,,,,,,,,,,,,,,,,,,,
,,,,,,,,,,,,,,,,,,,,,,,,,,,,,,,,,,,,,,,,,,,,,,,,
,,,,,,,,,,,,,,,,,,,,,,,,,,,,,,,,,,,,,,,,,,,,,,,,
,,,,,,,,,,,,,,,,,,,,,,,,,,,,,,,,,,,,,,,,,,,,,,,,
,,,,,,,,,,,,,,,,,,,,,,,,,,,,,,,,,,,,,,,,,,,,,,,,
,,,,,,,,,,,,,,,,,,,,,,,,,,,,,,,,,,,,,,,,,,,,,,,,
,,,,,,,,,,,,,,,,,,,,,,,,,,,,,,,,,,,,,,,,,,,,,,,,
,,,,,,,,,,,,,,,,,,,,,,,,,,,,,,,,,,,,,,,,,,,,,,,,
,,,,,,,,,,,,,,,,,,,,,,,,,,,,,,,,,,,,,,,,,,,,,,,,
,,,,,,,,,,,,,,,,,,,,,,,,,,,,,,,,,,,,,,,,,,,,,,,,
,,,,,,,,,,,,,,,,,,,,,,,,,,,,,,,,,,,,,,,,,,,,,,,,
,,,,,,,,,,,,,,,,,,,,,,,,,,,,,,,,,,,,,,,,,,,,,,,,
,,,,,,,,,,,,,,,,,,,,,,,,,,,,,,,,,,,,,,,,,,,,,,,,
,,,,,,,,,,,,,,,,,,,,,,,,,,,,,,,,,,,,,,,,,,,,,,,,
,,,,,,,,,,,,,,,,,,,,,,,,,,,,,,,,,,,,,,,,,,,,,,,,
,,,,,,,,,,,,,,,,,,,,,,,,,,,,,,,,,,,,,,,,,,,,,,,,
,,,,,,,,,,,,,,,,,,,,,,,,,,,,,,,,,,,,,,,,,,,,,,,,
,,,,,,,,,,,,,,,,,,,,,,,,,,,,,,,,,,,,,,,,,,,,,,,,
,,,,,,,,,,,,,,,,,,,,,,,,,,,,,,,,,,,,,,,,,,,,,,,,
,,,,,,,,,,,,,,,,,,,,,,,,,,,,,,,,,,,,,,,,,,,,,,,,
,,,,,,,,,,,,,,,,,,,,,,,,,,,,,,,,,,,,,,,,,,,,,,,,
,,,,,,,,,,,,,,,,,,,,,,,,,,,,,,,,,,,,,,,,,,,,,,,,
,,,,,,,,,,,,,,,,,,,,,,,,,,,,,,,,,,,,,,,,,,,,,,,,
,,,,,,,,,,,,,,,,,,,,,,,,,,,,,,,,,,,,,,,,,,,,,,,,
,,,,,,,,,,,,,,,,,,,,,,,,,,,,,,,,,,,,,,,,,,,,,,,,
,,,,,,,,,,,,,,,,,,,,,,,,,,,,,,,,,,,,,,,,,,,,,,,,
,,,,,,,,,,,,,,,,,,,,,,,,,,,,,,,,,,,,,,,,,,,,,,,,
,,,,,,,,,,,,,,,,,,,,,,,,,,,,,,,,,,,,,,,,,,,,,,,,
,,,,,,,,,,,,,,,,,,,,,,,,,,,,,,,,,,,,,,,,,,,,,,,,
,,,,,,,,,,,,,,,,,,,,,,,,,,,,,,,,,,,,,,,,,,,,,,,,
,,,,,,,,,,,,,,,,,,,,,,,,,,,,,,,,,,,,,,,,,,,,,,,,
,,,,,,,,,,,,,,,,,,,,,,,,,,,,,,,,,,,,,,,,,,,,,,,,
,,,,,,,,,,,,,,,,,,,,,,,,,,,,,,,,,,,,,,,,,,,,,,,,
,,,,,,,,,,,,,,,,,,,,,,,,,,,,,,,,,,,,,,,,,,,,,,,,
,,,,,,,,,,,,,,,,,,,,,,,,,,,,,,,,,,,,,,,,,,,,,,,,
,,,,,,,,,,,,,,,,,,,,,,,,,,,,,,,,,,,,,,,,,,,,,,,,
,,,,,,,,,,,,,,,,,,,,,,,,,,,,,,,,,,,,,,,,,,,,,,,,
,,,,,,,,,,,,,,,,,,,,,,,,,,,,,,,,,,,,,,,,,,,,,,,,
,,,,,,,,,,,,,,,,,,,,,,,,,,,,,,,,,,,,,,,,,,,,,,,,
,,,,,,,,,,,,,,,,,,,,,,,,,,,,,,,,,,,,,,,,,,,,,,,,
,,,,,,,,,,,,,,,,,,,,,,,,,,,,,,,,,,,,,,,,,,,,,,,,
,,,,,,,,,,,,,,,,,,,,,,,,,,,,,,,,,,,,,,,,,,,,,,,,
,,,,,,,,,,,,,,,,,,,,,,,,,,,,,,,,,,,,,,,,,,,,,,,,
,,,,,,,,,,,,,,,,,,,,,,,,,,,,,,,,,,,,,,,,,,,,,,,,
,,,,,,,,,,,,,,,,,,,,,,,,,,,,,,,,,,,,,,,,,,,,,,,,
,,,,,,,,,,,,,,,,,,,,,,,,,,,,,,,,,,,,,,,,,,,,,,,,
,,,,,,,,,,,,,,,,,,,,,,,,,,,,,,,,,,,,,,,,,,,,,,,,
,,,,,,,,,,,,,,,,,,,,,,,,,,,,,,,,,,,,,,,,,,,,,,,,
,,,,,,,,,,,,,,,,,,,,,,,,,,,,,,,,,,,,,,,,,,,,,,,,
,,,,,,,,,,,,,,,,,,,,,,,,,,,,,,,,,,,,,,,,,,,,,,,,
,,,,,,,,,,,,,,,,,,,,,,,,,,,,,,,,,,,,,,,,,,,,,,,,
,,,,,,,,,,,,,,,,,,,,,,,,,,,,,,,,,,,,,,,,,,,,,,,,
,,,,,,,,,,,,,,,,,,,,,,,,,,,,,,,,,,,,,,,,,,,,,,,,
,,,,,,,,,,,,,,,,,,,,,,,,,,,,,,,,,,,,,,,,,,,,,,,,
,,,,,,,,,,,,,,,,,,,,,,,,,,,,,,,,,,,,,,,,,,,,,,,,
,,,,,,,,,,,,,,,,,,,,,,,,,,,,,,,,,,,,,,,,,,,,,,,,
,,,,,,,,,,,,,,,,,,,,,,,,,,,,,,,,,,,,,,,,,,,,,,,,
,,,,,,,,,,,,,,,,,,,,,,,,,,,,,,,,,,,,,,,,,,,,,,,,
,,,,,,,,,,,,,,,,,,,,,,,,,,,,,,,,,,,,,,,,,,,,,,,,
,,,,,,,,,,,,,,,,,,,,,,,,,,,,,,,,,,,,,,,,,,,,,,,,
,,,,,,,,,,,,,,,,,,,,,,,,,,,,,,,,,,,,,,,,,,,,,,,,
,,,,,,,,,,,,,,,,,,,,,,,,,,,,,,,,,,,,,,,,,,,,,,,,
,,,,,,,,,,,,,,,,,,,,,,,,,,,,,,,,,,,,,,,,,,,,,,,,
,,,,,,,,,,,,,,,,,,,,,,,,,,,,,,,,,,,,,,,,,,,,,,,,
,,,,,,,,,,,,,,,,,,,,,,,,,,,,,,,,,,,,,,,,,,,,,,,,
,,,,,,,,,,,,,,,,,,,,,,,,,,,,,,,,,,,,,,,,,,,,,,,,
,,,,,,,,,,,,,,,,,,,,,,,,,,,,,,,,,,,,,,,,,,,,,,,,
,,,,,,,,,,,,,,,,,,,,,,,,,,,,,,,,,,,,,,,,,,,,,,,,
,,,,,,,,,,,,,,,,,,,,,,,,,,,,,,,,,,,,,,,,,,,,,,,,
,,,,,,,,,,,,,,,,,,,,,,,,,,,,,,,,,,,,,,,,,,,,,,,,
,,,,,,,,,,,,,,,,,,,,,,,,,,,,,,,,,,,,,,,,,,,,,,,,
,,,,,,,,,,,,,,,,,,,,,,,,,,,,,,,,,,,,,,,,,,,,,,,,
,,,,,,,,,,,,,,,,,,,,,,,,,,,,,,,,,,,,,,,,,,,,,,,,
,,,,,,,,,,,,,,,,,,,,,,,,,,,,,,,,,,,,,,,,,,,,,,,,
,,,,,,,,,,,,,,,,,,,,,,,,,,,,,,,,,,,,,,,,,,,,,,,,
,,,,,,,,,,,,,,,,,,,,,,,,,,,,,,,,,,,,,,,,,,,,,,,,
,,,,,,,,,,,,,,,,,,,,,,,,,,,,,,,,,,,,,,,,,,,,,,,,
,,,,,,,,,,,,,,,,,,,,,,,,,,,,,,,,,,,,,,,,,,,,,,,,
,,,,,,,,,,,,,,,,,,,,,,,,,,,,,,,,,,,,,,,,,,,,,,,,
,,,,,,,,,,,,,,,,,,,,,,,,,,,,,,,,,,,,,,,,,,,,,,,,
,,,,,,,,,,,,,,,,,,,,,,,,,,,,,,,,,,,,,,,,,,,,,,,,
,,,,,,,,,,,,,,,,,,,,,,,,,,,,,,,,,,,,,,,,,,,,,,,,
,,,,,,,,,,,,,,,,,,,,,,,,,,,,,,,,,,,,,,,,,,,,,,,,
,,,,,,,,,,,,,,,,,,,,,,,,,,,,,,,,,,,,,,,,,,,,,,,,
,,,,,,,,,,,,,,,,,,,,,,,,,,,,,,,,,,,,,,,,,,,,,,,,
,,,,,,,,,,,,,,,,,,,,,,,,,,,,,,,,,,,,,,,,,,,,,,,,
,,,,,,,,,,,,,,,,,,,,,,,,,,,,,,,,,,,,,,,,,,,,,,,,
,,,,,,,,,,,,,,,,,,,,,,,,,,,,,,,,,,,,,,,,,,,,,,,,
,,,,,,,,,,,,,,,,,,,,,,,,,,,,,,,,,,,,,,,,,,,,,,,,
,,,,,,,,,,,,,,,,,,,,,,,,,,,,,,,,,,,,,,,,,,,,,,,,
,,,,,,,,,,,,,,,,,,,,,,,,,,,,,,,,,,,,,,,,,,,,,,,,
,,,,,,,,,,,,,,,,,,,,,,,,,,,,,,,,,,,,,,,,,,,,,,,,
,,,,,,,,,,,,,,,,,,,,,,,,,,,,,,,,,,,,,,,,,,,,,,,,
,,,,,,,,,,,,,,,,,,,,,,,,,,,,,,,,,,,,,,,,,,,,,,,,
,,,,,,,,,,,,,,,,,,,,,,,,,,,,,,,,,,,,,,,,,,,,,,,,
,,,,,,,,,,,,,,,,,,,,,,,,,,,,,,,,,,,,,,,,,,,,,,,,
,,,,,,,,,,,,,,,,,,,,,,,,,,,,,,,,,,,,,,,,,,,,,,,,
,,,,,,,,,,,,,,,,,,,,,,,,,,,,,,,,,,,,,,,,,,,,,,,,
,,,,,,,,,,,,,,,,,,,,,,,,,,,,,,,,,,,,,,,,,,,,,,,,
,,,,,,,,,,,,,,,,,,,,,,,,,,,,,,,,,,,,,,,,,,,,,,,,
,,,,,,,,,,,,,,,,,,,,,,,,,,,,,,,,,,,,,,,,,,,,,,,,
,,,,,,,,,,,,,,,,,,,,,,,,,,,,,,,,,,,,,,,,,,,,,,,,
,,,,,,,,,,,,,,,,,,,,,,,,,,,,,,,,,,,,,,,,,,,,,,,,
,,,,,,,,,,,,,,,,,,,,,,,,,,,,,,,,,,,,,,,,,,,,,,,,
,,,,,,,,,,,,,,,,,,,,,,,,,,,,,,,,,,,,,,,,,,,,,,,,
,,,,,,,,,,,,,,,,,,,,,,,,,,,,,,,,,,,,,,,,,,,,,,,,
,,,,,,,,,,,,,,,,,,,,,,,,,,,,,,,,,,,,,,,,,,,,,,,,
,,,,,,,,,,,,,,,,,,,,,,,,,,,,,,,,,,,,,,,,,,,,,,,,
,,,,,,,,,,,,,,,,,,,,,,,,,,,,,,,,,,,,,,,,,,,,,,,,
,,,,,,,,,,,,,,,,,,,,,,,,,,,,,,,,,,,,,,,,,,,,,,,,
,,,,,,,,,,,,,,,,,,,,,,,,,,,,,,,,,,,,,,,,,,,,,,,,
,,,,,,,,,,,,,,,,,,,,,,,,,,,,,,,,,,,,,,,,,,,,,,,,
,,,,,,,,,,,,,,,,,,,,,,,,,,,,,,,,,,,,,,,,,,,,,,,,
,,,,,,,,,,,,,,,,,,,,,,,,,,,,,,,,,,,,,,,,,,,,,,,,
,,,,,,,,,,,,,,,,,,,,,,,,,,,,,,,,,,,,,,,,,,,,,,,,
,,,,,,,,,,,,,,,,,,,,,,,,,,,,,,,,,,,,,,,,,,,,,,,,
,,,,,,,,,,,,,,,,,,,,,,,,,,,,,,,,,,,,,,,,,,,,,,,,
,,,,,,,,,,,,,,,,,,,,,,,,,,,,,,,,,,,,,,,,,,,,,,,,
,,,,,,,,,,,,,,,,,,,,,,,,,,,,,,,,,,,,,,,,,,,,,,,,
,,,,,,,,,,,,,,,,,,,,,,,,,,,,,,,,,,,,,,,,,,,,,,,,
,,,,,,,,,,,,,,,,,,,,,,,,,,,,,,,,,,,,,,,,,,,,,,,,
,,,,,,,,,,,,,,,,,,,,,,,,,,,,,,,,,,,,,,,,,,,,,,,,
,,,,,,,,,,,,,,,,,,,,,,,,,,,,,,,,,,,,,,,,,,,,,,,,
,,,,,,,,,,,,,,,,,,,,,,,,,,,,,,,,,,,,,,,,,,,,,,,,
,,,,,,,,,,,,,,,,,,,,,,,,,,,,,,,,,,,,,,,,,,,,,,,,
,,,,,,,,,,,,,,,,,,,,,,,,,,,,,,,,,,,,,,,,,,,,,,,,
,,,,,,,,,,,,,,,,,,,,,,,,,,,,,,,,,,,,,,,,,,,,,,,,
,,,,,,,,,,,,,,,,,,,,,,,,,,,,,,,,,,,,,,,,,,,,,,,,
,,,,,,,,,,,,,,,,,,,,,,,,,,,,,,,,,,,,,,,,,,,,,,,,
,,,,,,,,,,,,,,,,,,,,,,,,,,,,,,,,,,,,,,,,,,,,,,,,
,,,,,,,,,,,,,,,,,,,,,,,,,,,,,,,,,,,,,,,,,,,,,,,,
,,,,,,,,,,,,,,,,,,,,,,,,,,,,,,,,,,,,,,,,,,,,,,,,
,,,,,,,,,,,,,,,,,,,,,,,,,,,,,,,,,,,,,,,,,,,,,,,,
,,,,,,,,,,,,,,,,,,,,,,,,,,,,,,,,,,,,,,,,,,,,,,,,
,,,,,,,,,,,,,,,,,,,,,,,,,,,,,,,,,,,,,,,,,,,,,,,,
,,,,,,,,,,,,,,,,,,,,,,,,,,,,,,,,,,,,,,,,,,,,,,,,
,,,,,,,,,,,,,,,,,,,,,,,,,,,,,,,,,,,,,,,,,,,,,,,,
,,,,,,,,,,,,,,,,,,,,,,,,,,,,,,,,,,,,,,,,,,,,,,,,
,,,,,,,,,,,,,,,,,,,,,,,,,,,,,,,,,,,,,,,,,,,,,,,,
,,,,,,,,,,,,,,,,,,,,,,,,,,,,,,,,,,,,,,,,,,,,,,,,
,,,,,,,,,,,,,,,,,,,,,,,,,,,,,,,,,,,,,,,,,,,,,,,,
,,,,,,,,,,,,,,,,,,,,,,,,,,,,,,,,,,,,,,,,,,,,,,,,
,,,,,,,,,,,,,,,,,,,,,,,,,,,,,,,,,,,,,,,,,,,,,,,,
,,,,,,,,,,,,,,,,,,,,,,,,,,,,,,,,,,,,,,,,,,,,,,,,
,,,,,,,,,,,,,,,,,,,,,,,,,,,,,,,,,,,,,,,,,,,,,,,,
,,,,,,,,,,,,,,,,,,,,,,,,,,,,,,,,,,,,,,,,,,,,,,,,
,,,,,,,,,,,,,,,,,,,,,,,,,,,,,,,,,,,,,,,,,,,,,,,,
,,,,,,,,,,,,,,,,,,,,,,,,,,,,,,,,,,,,,,,,,,,,,,,,
,,,,,,,,,,,,,,,,,,,,,,,,,,,,,,,,,,,,,,,,,,,,,,,,
,,,,,,,,,,,,,,,,,,,,,,,,,,,,,,,,,,,,,,,,,,,,,,,,
,,,,,,,,,,,,,,,,,,,,,,,,,,,,,,,,,,,,,,,,,,,,,,,,
,,,,,,,,,,,,,,,,,,,,,,,,,,,,,,,,,,,,,,,,,,,,,,,,
,,,,,,,,,,,,,,,,,,,,,,,,,,,,,,,,,,,,,,,,,,,,,,,,
,,,,,,,,,,,,,,,,,,,,,,,,,,,,,,,,,,,,,,,,,,,,,,,,
,,,,,,,,,,,,,,,,,,,,,,,,,,,,,,,,,,,,,,,,,,,,,,,,
,,,,,,,,,,,,,,,,,,,,,,,,,,,,,,,,,,,,,,,,,,,,,,,,
,,,,,,,,,,,,,,,,,,,,,,,,,,,,,,,,,,,,,,,,,,,,,,,,
,,,,,,,,,,,,,,,,,,,,,,,,,,,,,,,,,,,,,,,,,,,,,,,,
,,,,,,,,,,,,,,,,,,,,,,,,,,,,,,,,,,,,,,,,,,,,,,,,
,,,,,,,,,,,,,,,,,,,,,,,,,,,,,,,,,,,,,,,,,,,,,,,,
,,,,,,,,,,,,,,,,,,,,,,,,,,,,,,,,,,,,,,,,,,,,,,,,
,,,,,,,,,,,,,,,,,,,,,,,,,,,,,,,,,,,,,,,,,,,,,,,,
,,,,,,,,,,,,,,,,,,,,,,,,,,,,,,,,,,,,,,,,,,,,,,,,
,,,,,,,,,,,,,,,,,,,,,,,,,,,,,,,,,,,,,,,,,,,,,,,,
,,,,,,,,,,,,,,,,,,,,,,,,,,,,,,,,,,,,,,,,,,,,,,,,
,,,,,,,,,,,,,,,,,,,,,,,,,,,,,,,,,,,,,,,,,,,,,,,,
,,,,,,,,,,,,,,,,,,,,,,,,,,,,,,,,,,,,,,,,,,,,,,,,
,,,,,,,,,,,,,,,,,,,,,,,,,,,,,,,,,,,,,,,,,,,,,,,,
,,,,,,,,,,,,,,,,,,,,,,,,,,,,,,,,,,,,,,,,,,,,,,,,
,,,,,,,,,,,,,,,,,,,,,,,,,,,,,,,,,,,,,,,,,,,,,,,,
,,,,,,,,,,,,,,,,,,,,,,,,,,,,,,,,,,,,,,,,,,,,,,,,
,,,,,,,,,,,,,,,,,,,,,,,,,,,,,,,,,,,,,,,,,,,,,,,,
,,,,,,,,,,,,,,,,,,,,,,,,,,,,,,,,,,,,,,,,,,,,,,,,
,,,,,,,,,,,,,,,,,,,,,,,,,,,,,,,,,,,,,,,,,,,,,,,,
,,,,,,,,,,,,,,,,,,,,,,,,,,,,,,,,,,,,,,,,,,,,,,,,
,,,,,,,,,,,,,,,,,,,,,,,,,,,,,,,,,,,,,,,,,,,,,,,,
,,,,,,,,,,,,,,,,,,,,,,,,,,,,,,,,,,,,,,,,,,,,,,,,
,,,,,,,,,,,,,,,,,,,,,,,,,,,,,,,,,,,,,,,,,,,,,,,,
,,,,,,,,,,,,,,,,,,,,,,,,,,,,,,,,,,,,,,,,,,,,,,,,
,,,,,,,,,,,,,,,,,,,,,,,,,,,,,,,,,,,,,,,,,,,,,,,,
,,,,,,,,,,,,,,,,,,,,,,,,,,,,,,,,,,,,,,,,,,,,,,,,
,,,,,,,,,,,,,,,,,,,,,,,,,,,,,,,,,,,,,,,,,,,,,,,,
,,,,,,,,,,,,,,,,,,,,,,,,,,,,,,,,,,,,,,,,,,,,,,,,
,,,,,,,,,,,,,,,,,,,,,,,,,,,,,,,,,,,,,,,,,,,,,,,,
,,,,,,,,,,,,,,,,,,,,,,,,,,,,,,,,,,,,,,,,,,,,,,,,
,,,,,,,,,,,,,,,,,,,,,,,,,,,,,,,,,,,,,,,,,,,,,,,,
,,,,,,,,,,,,,,,,,,,,,,,,,,,,,,,,,,,,,,,,,,,,,,,,
,,,,,,,,,,,,,,,,,,,,,,,,,,,,,,,,,,,,,,,,,,,,,,,,
,,,,,,,,,,,,,,,,,,,,,,,,,,,,,,,,,,,,,,,,,,,,,,,,
,,,,,,,,,,,,,,,,,,,,,,,,,,,,,,,,,,,,,,,,,,,,,,,,
,,,,,,,,,,,,,,,,,,,,,,,,,,,,,,,,,,,,,,,,,,,,,,,,
,,,,,,,,,,,,,,,,,,,,,,,,,,,,,,,,,,,,,,,,,,,,,,,,
,,,,,,,,,,,,,,,,,,,,,,,,,,,,,,,,,,,,,,,,,,,,,,,,
,,,,,,,,,,,,,,,,,,,,,,,,,,,,,,,,,,,,,,,,,,,,,,,,
,,,,,,,,,,,,,,,,,,,,,,,,,,,,,,,,,,,,,,,,,,,,,,,,
,,,,,,,,,,,,,,,,,,,,,,,,,,,,,,,,,,,,,,,,,,,,,,,,
,,,,,,,,,,,,,,,,,,,,,,,,,,,,,,,,,,,,,,,,,,,,,,,,
,,,,,,,,,,,,,,,,,,,,,,,,,,,,,,,,,,,,,,,,,,,,,,,,
,,,,,,,,,,,,,,,,,,,,,,,,,,,,,,,,,,,,,,,,,,,,,,,,
,,,,,,,,,,,,,,,,,,,,,,,,,,,,,,,,,,,,,,,,,,,,,,,,
,,,,,,,,,,,,,,,,,,,,,,,,,,,,,,,,,,,,,,,,,,,,,,,,
,,,,,,,,,,,,,,,,,,,,,,,,,,,,,,,,,,,,,,,,,,,,,,,,
,,,,,,,,,,,,,,,,,,,,,,,,,,,,,,,,,,,,,,,,,,,,,,,,
,,,,,,,,,,,,,,,,,,,,,,,,,,,,,,,,,,,,,,,,,,,,,,,,
,,,,,,,,,,,,,,,,,,,,,,,,,,,,,,,,,,,,,,,,,,,,,,,,
,,,,,,,,,,,,,,,,,,,,,,,,,,,,,,,,,,,,,,,,,,,,,,,,
,,,,,,,,,,,,,,,,,,,,,,,,,,,,,,,,,,,,,,,,,,,,,,,,
,,,,,,,,,,,,,,,,,,,,,,,,,,,,,,,,,,,,,,,,,,,,,,,,
,,,,,,,,,,,,,,,,,,,,,,,,,,,,,,,,,,,,,,,,,,,,,,,,
,,,,,,,,,,,,,,,,,,,,,,,,,,,,,,,,,,,,,,,,,,,,,,,,
,,,,,,,,,,,,,,,,,,,,,,,,,,,,,,,,,,,,,,,,,,,,,,,,
,,,,,,,,,,,,,,,,,,,,,,,,,,,,,,,,,,,,,,,,,,,,,,,,
,,,,,,,,,,,,,,,,,,,,,,,,,,,,,,,,,,,,,,,,,,,,,,,,
,,,,,,,,,,,,,,,,,,,,,,,,,,,,,,,,,,,,,,,,,,,,,,,,
,,,,,,,,,,,,,,,,,,,,,,,,,,,,,,,,,,,,,,,,,,,,,,,,
,,,,,,,,,,,,,,,,,,,,,,,,,,,,,,,,,,,,,,,,,,,,,,,,
,,,,,,,,,,,,,,,,,,,,,,,,,,,,,,,,,,,,,,,,,,,,,,,,
,,,,,,,,,,,,,,,,,,,,,,,,,,,,,,,,,,,,,,,,,,,,,,,,
,,,,,,,,,,,,,,,,,,,,,,,,,,,,,,,,,,,,,,,,,,,,,,,,
,,,,,,,,,,,,,,,,,,,,,,,,,,,,,,,,,,,,,,,,,,,,,,,,
,,,,,,,,,,,,,,,,,,,,,,,,,,,,,,,,,,,,,,,,,,,,,,,,
,,,,,,,,,,,,,,,,,,,,,,,,,,,,,,,,,,,,,,,,,,,,,,,,
,,,,,,,,,,,,,,,,,,,,,,,,,,,,,,,,,,,,,,,,,,,,,,,,
,,,,,,,,,,,,,,,,,,,,,,,,,,,,,,,,,,,,,,,,,,,,,,,,
,,,,,,,,,,,,,,,,,,,,,,,,,,,,,,,,,,,,,,,,,,,,,,,,
,,,,,,,,,,,,,,,,,,,,,,,,,,,,,,,,,,,,,,,,,,,,,,,,
,,,,,,,,,,,,,,,,,,,,,,,,,,,,,,,,,,,,,,,,,,,,,,,,
,,,,,,,,,,,,,,,,,,,,,,,,,,,,,,,,,,,,,,,,,,,,,,,,
,,,,,,,,,,,,,,,,,,,,,,,,,,,,,,,,,,,,,,,,,,,,,,,,
,,,,,,,,,,,,,,,,,,,,,,,,,,,,,,,,,,,,,,,,,,,,,,,,
,,,,,,,,,,,,,,,,,,,,,,,,,,,,,,,,,,,,,,,,,,,,,,,,
,,,,,,,,,,,,,,,,,,,,,,,,,,,,,,,,,,,,,,,,,,,,,,,,
,,,,,,,,,,,,,,,,,,,,,,,,,,,,,,,,,,,,,,,,,,,,,,,,
,,,,,,,,,,,,,,,,,,,,,,,,,,,,,,,,,,,,,,,,,,,,,,,,
,,,,,,,,,,,,,,,,,,,,,,,,,,,,,,,,,,,,,,,,,,,,,,,,
,,,,,,,,,,,,,,,,,,,,,,,,,,,,,,,,,,,,,,,,,,,,,,,,
,,,,,,,,,,,,,,,,,,,,,,,,,,,,,,,,,,,,,,,,,,,,,,,,
,,,,,,,,,,,,,,,,,,,,,,,,,,,,,,,,,,,,,,,,,,,,,,,,
,,,,,,,,,,,,,,,,,,,,,,,,,,,,,,,,,,,,,,,,,,,,,,,,
,,,,,,,,,,,,,,,,,,,,,,,,,,,,,,,,,,,,,,,,,,,,,,,,
,,,,,,,,,,,,,,,,,,,,,,,,,,,,,,,,,,,,,,,,,,,,,,,,
,,,,,,,,,,,,,,,,,,,,,,,,,,,,,,,,,,,,,,,,,,,,,,,,
,,,,,,,,,,,,,,,,,,,,,,,,,,,,,,,,,,,,,,,,,,,,,,,,
,,,,,,,,,,,,,,,,,,,,,,,,,,,,,,,,,,,,,,,,,,,,,,,,
,,,,,,,,,,,,,,,,,,,,,,,,,,,,,,,,,,,,,,,,,,,,,,,,
,,,,,,,,,,,,,,,,,,,,,,,,,,,,,,,,,,,,,,,,,,,,,,,,
,,,,,,,,,,,,,,,,,,,,,,,,,,,,,,,,,,,,,,,,,,,,,,,,
,,,,,,,,,,,,,,,,,,,,,,,,,,,,,,,,,,,,,,,,,,,,,,,,
,,,,,,,,,,,,,,,,,,,,,,,,,,,,,,,,,,,,,,,,,,,,,,,,
,,,,,,,,,,,,,,,,,,,,,,,,,,,,,,,,,,,,,,,,,,,,,,,,
,,,,,,,,,,,,,,,,,,,,,,,,,,,,,,,,,,,,,,,,,,,,,,,,
,,,,,,,,,,,,,,,,,,,,,,,,,,,,,,,,,,,,,,,,,,,,,,,,
,,,,,,,,,,,,,,,,,,,,,,,,,,,,,,,,,,,,,,,,,,,,,,,,
,,,,,,,,,,,,,,,,,,,,,,,,,,,,,,,,,,,,,,,,,,,,,,,,
,,,,,,,,,,,,,,,,,,,,,,,,,,,,,,,,,,,,,,,,,,,,,,,,
,,,,,,,,,,,,,,,,,,,,,,,,,,,,,,,,,,,,,,,,,,,,,,,,
,,,,,,,,,,,,,,,,,,,,,,,,,,,,,,,,,,,,,,,,,,,,,,,,
,,,,,,,,,,,,,,,,,,,,,,,,,,,,,,,,,,,,,,,,,,,,,,,,
,,,,,,,,,,,,,,,,,,,,,,,,,,,,,,,,,,,,,,,,,,,,,,,,
,,,,,,,,,,,,,,,,,,,,,,,,,,,,,,,,,,,,,,,,,,,,,,,,
,,,,,,,,,,,,,,,,,,,,,,,,,,,,,,,,,,,,,,,,,,,,,,,,
,,,,,,,,,,,,,,,,,,,,,,,,,,,,,,,,,,,,,,,,,,,,,,,,
,,,,,,,,,,,,,,,,,,,,,,,,,,,,,,,,,,,,,,,,,,,,,,,,
,,,,,,,,,,,,,,,,,,,,,,,,,,,,,,,,,,,,,,,,,,,,,,,,
,,,,,,,,,,,,,,,,,,,,,,,,,,,,,,,,,,,,,,,,,,,,,,,,
,,,,,,,,,,,,,,,,,,,,,,,,,,,,,,,,,,,,,,,,,,,,,,,,
,,,,,,,,,,,,,,,,,,,,,,,,,,,,,,,,,,,,,,,,,,,,,,,,
,,,,,,,,,,,,,,,,,,,,,,,,,,,,,,,,,,,,,,,,,,,,,,,,
,,,,,,,,,,,,,,,,,,,,,,,,,,,,,,,,,,,,,,,,,,,,,,,,
,,,,,,,,,,,,,,,,,,,,,,,,,,,,,,,,,,,,,,,,,,,,,,,,
,,,,,,,,,,,,,,,,,,,,,,,,,,,,,,,,,,,,,,,,,,,,,,,,
,,,,,,,,,,,,,,,,,,,,,,,,,,,,,,,,,,,,,,,,,,,,,,,,
,,,,,,,,,,,,,,,,,,,,,,,,,,,,,,,,,,,,,,,,,,,,,,,,
,,,,,,,,,,,,,,,,,,,,,,,,,,,,,,,,,,,,,,,,,,,,,,,,
,,,,,,,,,,,,,,,,,,,,,,,,,,,,,,,,,,,,,,,,,,,,,,,,
,,,,,,,,,,,,,,,,,,,,,,,,,,,,,,,,,,,,,,,,,,,,,,,,
,,,,,,,,,,,,,,,,,,,,,,,,,,,,,,,,,,,,,,,,,,,,,,,,
,,,,,,,,,,,,,,,,,,,,,,,,,,,,,,,,,,,,,,,,,,,,,,,,
,,,,,,,,,,,,,,,,,,,,,,,,,,,,,,,,,,,,,,,,,,,,,,,,
,,,,,,,,,,,,,,,,,,,,,,,,,,,,,,,,,,,,,,,,,,,,,,,,
,,,,,,,,,,,,,,,,,,,,,,,,,,,,,,,,,,,,,,,,,,,,,,,,
,,,,,,,,,,,,,,,,,,,,,,,,,,,,,,,,,,,,,,,,,,,,,,,,
,,,,,,,,,,,,,,,,,,,,,,,,,,,,,,,,,,,,,,,,,,,,,,,,
,,,,,,,,,,,,,,,,,,,,,,,,,,,,,,,,,,,,,,,,,,,,,,,,
,,,,,,,,,,,,,,,,,,,,,,,,,,,,,,,,,,,,,,,,,,,,,,,,
,,,,,,,,,,,,,,,,,,,,,,,,,,,,,,,,,,,,,,,,,,,,,,,,
,,,,,,,,,,,,,,,,,,,,,,,,,,,,,,,,,,,,,,,,,,,,,,,,
,,,,,,,,,,,,,,,,,,,,,,,,,,,,,,,,,,,,,,,,,,,,,,,,
,,,,,,,,,,,,,,,,,,,,,,,,,,,,,,,,,,,,,,,,,,,,,,,,
,,,,,,,,,,,,,,,,,,,,,,,,,,,,,,,,,,,,,,,,,,,,,,,,
,,,,,,,,,,,,,,,,,,,,,,,,,,,,,,,,,,,,,,,,,,,,,,,,
,,,,,,,,,,,,,,,,,,,,,,,,,,,,,,,,,,,,,,,,,,,,,,,,
,,,,,,,,,,,,,,,,,,,,,,,,,,,,,,,,,,,,,,,,,,,,,,,,
,,,,,,,,,,,,,,,,,,,,,,,,,,,,,,,,,,,,,,,,,,,,,,,,
,,,,,,,,,,,,,,,,,,,,,,,,,,,,,,,,,,,,,,,,,,,,,,,,
,,,,,,,,,,,,,,,,,,,,,,,,,,,,,,,,,,,,,,,,,,,,,,,,
,,,,,,,,,,,,,,,,,,,,,,,,,,,,,,,,,,,,,,,,,,,,,,,,
,,,,,,,,,,,,,,,,,,,,,,,,,,,,,,,,,,,,,,,,,,,,,,,,
,,,,,,,,,,,,,,,,,,,,,,,,,,,,,,,,,,,,,,,,,,,,,,,,
,,,,,,,,,,,,,,,,,,,,,,,,,,,,,,,,,,,,,,,,,,,,,,,,
,,,,,,,,,,,,,,,,,,,,,,,,,,,,,,,,,,,,,,,,,,,,,,,,
,,,,,,,,,,,,,,,,,,,,,,,,,,,,,,,,,,,,,,,,,,,,,,,,
,,,,,,,,,,,,,,,,,,,,,,,,,,,,,,,,,,,,,,,,,,,,,,,,
,,,,,,,,,,,,,,,,,,,,,,,,,,,,,,,,,,,,,,,,,,,,,,,,
,,,,,,,,,,,,,,,,,,,,,,,,,,,,,,,,,,,,,,,,,,,,,,,,
,,,,,,,,,,,,,,,,,,,,,,,,,,,,,,,,,,,,,,,,,,,,,,,,
,,,,,,,,,,,,,,,,,,,,,,,,,,,,,,,,,,,,,,,,,,,,,,,,
,,,,,,,,,,,,,,,,,,,,,,,,,,,,,,,,,,,,,,,,,,,,,,,,
,,,,,,,,,,,,,,,,,,,,,,,,,,,,,,,,,,,,,,,,,,,,,,,,
,,,,,,,,,,,,,,,,,,,,,,,,,,,,,,,,,,,,,,,,,,,,,,,,
,,,,,,,,,,,,,,,,,,,,,,,,,,,,,,,,,,,,,,,,,,,,,,,,
,,,,,,,,,,,,,,,,,,,,,,,,,,,,,,,,,,,,,,,,,,,,,,,,
,,,,,,,,,,,,,,,,,,,,,,,,,,,,,,,,,,,,,,,,,,,,,,,,
,,,,,,,,,,,,,,,,,,,,,,,,,,,,,,,,,,,,,,,,,,,,,,,,
,,,,,,,,,,,,,,,,,,,,,,,,,,,,,,,,,,,,,,,,,,,,,,,,
,,,,,,,,,,,,,,,,,,,,,,,,,,,,,,,,,,,,,,,,,,,,,,,,
,,,,,,,,,,,,,,,,,,,,,,,,,,,,,,,,,,,,,,,,,,,,,,,,
,,,,,,,,,,,,,,,,,,,,,,,,,,,,,,,,,,,,,,,,,,,,,,,,
,,,,,,,,,,,,,,,,,,,,,,,,,,,,,,,,,,,,,,,,,,,,,,,,
,,,,,,,,,,,,,,,,,,,,,,,,,,,,,,,,,,,,,,,,,,,,,,,,
,,,,,,,,,,,,,,,,,,,,,,,,,,,,,,,,,,,,,,,,,,,,,,,,
,,,,,,,,,,,,,,,,,,,,,,,,,,,,,,,,,,,,,,,,,,,,,,,,
,,,,,,,,,,,,,,,,,,,,,,,,,,,,,,,,,,,,,,,,,,,,,,,,
,,,,,,,,,,,,,,,,,,,,,,,,,,,,,,,,,,,,,,,,,,,,,,,,
,,,,,,,,,,,,,,,,,,,,,,,,,,,,,,,,,,,,,,,,,,,,,,,,
,,,,,,,,,,,,,,,,,,,,,,,,,,,,,,,,,,,,,,,,,,,,,,,,
,,,,,,,,,,,,,,,,,,,,,,,,,,,,,,,,,,,,,,,,,,,,,,,,
,,,,,,,,,,,,,,,,,,,,,,,,,,,,,,,,,,,,,,,,,,,,,,,,
,,,,,,,,,,,,,,,,,,,,,,,,,,,,,,,,,,,,,,,,,,,,,,,,
,,,,,,,,,,,,,,,,,,,,,,,,,,,,,,,,,,,,,,,,,,,,,,,,
,,,,,,,,,,,,,,,,,,,,,,,,,,,,,,,,,,,,,,,,,,,,,,,,
,,,,,,,,,,,,,,,,,,,,,,,,,,,,,,,,,,,,,,,,,,,,,,,,
,,,,,,,,,,,,,,,,,,,,,,,,,,,,,,,,,,,,,,,,,,,,,,,,
,,,,,,,,,,,,,,,,,,,,,,,,,,,,,,,,,,,,,,,,,,,,,,,,
,,,,,,,,,,,,,,,,,,,,,,,,,,,,,,,,,,,,,,,,,,,,,,,,
,,,,,,,,,,,,,,,,,,,,,,,,,,,,,,,,,,,,,,,,,,,,,,,,
,,,,,,,,,,,,,,,,,,,,,,,,,,,,,,,,,,,,,,,,,,,,,,,,
,,,,,,,,,,,,,,,,,,,,,,,,,,,,,,,,,,,,,,,,,,,,,,,,
,,,,,,,,,,,,,,,,,,,,,,,,,,,,,,,,,,,,,,,,,,,,,,,,
,,,,,,,,,,,,,,,,,,,,,,,,,,,,,,,,,,,,,,,,,,,,,,,,
,,,,,,,,,,,,,,,,,,,,,,,,,,,,,,,,,,,,,,,,,,,,,,,,
,,,,,,,,,,,,,,,,,,,,,,,,,,,,,,,,,,,,,,,,,,,,,,,,
,,,,,,,,,,,,,,,,,,,,,,,,,,,,,,,,,,,,,,,,,,,,,,,,
,,,,,,,,,,,,,,,,,,,,,,,,,,,,,,,,,,,,,,,,,,,,,,,,
,,,,,,,,,,,,,,,,,,,,,,,,,,,,,,,,,,,,,,,,,,,,,,,,
,,,,,,,,,,,,,,,,,,,,,,,,,,,,,,,,,,,,,,,,,,,,,,,,
,,,,,,,,,,,,,,,,,,,,,,,,,,,,,,,,,,,,,,,,,,,,,,,,
,,,,,,,,,,,,,,,,,,,,,,,,,,,,,,,,,,,,,,,,,,,,,,,,
,,,,,,,,,,,,,,,,,,,,,,,,,,,,,,,,,,,,,,,,,,,,,,,,
,,,,,,,,,,,,,,,,,,,,,,,,,,,,,,,,,,,,,,,,,,,,,,,,
,,,,,,,,,,,,,,,,,,,,,,,,,,,,,,,,,,,,,,,,,,,,,,,,
,,,,,,,,,,,,,,,,,,,,,,,,,,,,,,,,,,,,,,,,,,,,,,,,
,,,,,,,,,,,,,,,,,,,,,,,,,,,,,,,,,,,,,,,,,,,,,,,,
,,,,,,,,,,,,,,,,,,,,,,,,,,,,,,,,,,,,,,,,,,,,,,,,
,,,,,,,,,,,,,,,,,,,,,,,,,,,,,,,,,,,,,,,,,,,,,,,,
,,,,,,,,,,,,,,,,,,,,,,,,,,,,,,,,,,,,,,,,,,,,,,,,
,,,,,,,,,,,,,,,,,,,,,,,,,,,,,,,,,,,,,,,,,,,,,,,,
,,,,,,,,,,,,,,,,,,,,,,,,,,,,,,,,,,,,,,,,,,,,,,,,
,,,,,,,,,,,,,,,,,,,,,,,,,,,,,,,,,,,,,,,,,,,,,,,,
,,,,,,,,,,,,,,,,,,,,,,,,,,,,,,,,,,,,,,,,,,,,,,,,
,,,,,,,,,,,,,,,,,,,,,,,,,,,,,,,,,,,,,,,,,,,,,,,,
,,,,,,,,,,,,,,,,,,,,,,,,,,,,,,,,,,,,,,,,,,,,,,,,
,,,,,,,,,,,,,,,,,,,,,,,,,,,,,,,,,,,,,,,,,,,,,,,,
,,,,,,,,,,,,,,,,,,,,,,,,,,,,,,,,,,,,,,,,,,,,,,,,
,,,,,,,,,,,,,,,,,,,,,,,,,,,,,,,,,,,,,,,,,,,,,,,,
,,,,,,,,,,,,,,,,,,,,,,,,,,,,,,,,,,,,,,,,,,,,,,,,
,,,,,,,,,,,,,,,,,,,,,,,,,,,,,,,,,,,,,,,,,,,,,,,,
,,,,,,,,,,,,,,,,,,,,,,,,,,,,,,,,,,,,,,,,,,,,,,,,
,,,,,,,,,,,,,,,,,,,,,,,,,,,,,,,,,,,,,,,,,,,,,,,,
,,,,,,,,,,,,,,,,,,,,,,,,,,,,,,,,,,,,,,,,,,,,,,,,
,,,,,,,,,,,,,,,,,,,,,,,,,,,,,,,,,,,,,,,,,,,,,,,,
,,,,,,,,,,,,,,,,,,,,,,,,,,,,,,,,,,,,,,,,,,,,,,,,
,,,,,,,,,,,,,,,,,,,,,,,,,,,,,,,,,,,,,,,,,,,,,,,,
,,,,,,,,,,,,,,,,,,,,,,,,,,,,,,,,,,,,,,,,,,,,,,,,
,,,,,,,,,,,,,,,,,,,,,,,,,,,,,,,,,,,,,,,,,,,,,,,,
,,,,,,,,,,,,,,,,,,,,,,,,,,,,,,,,,,,,,,,,,,,,,,,,
,,,,,,,,,,,,,,,,,,,,,,,,,,,,,,,,,,,,,,,,,,,,,,,,
,,,,,,,,,,,,,,,,,,,,,,,,,,,,,,,,,,,,,,,,,,,,,,,,
,,,,,,,,,,,,,,,,,,,,,,,,,,,,,,,,,,,,,,,,,,,,,,,,
,,,,,,,,,,,,,,,,,,,,,,,,,,,,,,,,,,,,,,,,,,,,,,,,
,,,,,,,,,,,,,,,,,,,,,,,,,,,,,,,,,,,,,,,,,,,,,,,,
,,,,,,,,,,,,,,,,,,,,,,,,,,,,,,,,,,,,,,,,,,,,,,,,
,,,,,,,,,,,,,,,,,,,,,,,,,,,,,,,,,,,,,,,,,,,,,,,,
,,,,,,,,,,,,,,,,,,,,,,,,,,,,,,,,,,,,,,,,,,,,,,,,
,,,,,,,,,,,,,,,,,,,,,,,,,,,,,,,,,,,,,,,,,,,,,,,,
,,,,,,,,,,,,,,,,,,,,,,,,,,,,,,,,,,,,,,,,,,,,,,,,
,,,,,,,,,,,,,,,,,,,,,,,,,,,,,,,,,,,,,,,,,,,,,,,,
,,,,,,,,,,,,,,,,,,,,,,,,,,,,,,,,,,,,,,,,,,,,,,,,
,,,,,,,,,,,,,,,,,,,,,,,,,,,,,,,,,,,,,,,,,,,,,,,,
,,,,,,,,,,,,,,,,,,,,,,,,,,,,,,,,,,,,,,,,,,,,,,,,
,,,,,,,,,,,,,,,,,,,,,,,,,,,,,,,,,,,,,,,,,,,,,,,,
,,,,,,,,,,,,,,,,,,,,,,,,,,,,,,,,,,,,,,,,,,,,,,,,
,,,,,,,,,,,,,,,,,,,,,,,,,,,,,,,,,,,,,,,,,,,,,,,,
,,,,,,,,,,,,,,,,,,,,,,,,,,,,,,,,,,,,,,,,,,,,,,,,
,,,,,,,,,,,,,,,,,,,,,,,,,,,,,,,,,,,,,,,,,,,,,,,,
,,,,,,,,,,,,,,,,,,,,,,,,,,,,,,,,,,,,,,,,,,,,,,,,
,,,,,,,,,,,,,,,,,,,,,,,,,,,,,,,,,,,,,,,,,,,,,,,,
,,,,,,,,,,,,,,,,,,,,,,,,,,,,,,,,,,,,,,,,,,,,,,,,
,,,,,,,,,,,,,,,,,,,,,,,,,,,,,,,,,,,,,,,,,,,,,,,,
,,,,,,,,,,,,,,,,,,,,,,,,,,,,,,,,,,,,,,,,,,,,,,,,
,,,,,,,,,,,,,,,,,,,,,,,,,,,,,,,,,,,,,,,,,,,,,,,,
,,,,,,,,,,,,,,,,,,,,,,,,,,,,,,,,,,,,,,,,,,,,,,,,
,,,,,,,,,,,,,,,,,,,,,,,,,,,,,,,,,,,,,,,,,,,,,,,,
,,,,,,,,,,,,,,,,,,,,,,,,,,,,,,,,,,,,,,,,,,,,,,,,
,,,,,,,,,,,,,,,,,,,,,,,,,,,,,,,,,,,,,,,,,,,,,,,,
,,,,,,,,,,,,,,,,,,,,,,,,,,,,,,,,,,,,,,,,,,,,,,,,
,,,,,,,,,,,,,,,,,,,,,,,,,,,,,,,,,,,,,,,,,,,,,,,,
,,,,,,,,,,,,,,,,,,,,,,,,,,,,,,,,,,,,,,,,,,,,,,,,
,,,,,,,,,,,,,,,,,,,,,,,,,,,,,,,,,,,,,,,,,,,,,,,,
,,,,,,,,,,,,,,,,,,,,,,,,,,,,,,,,,,,,,,,,,,,,,,,,
,,,,,,,,,,,,,,,,,,,,,,,,,,,,,,,,,,,,,,,,,,,,,,,,
,,,,,,,,,,,,,,,,,,,,,,,,,,,,,,,,,,,,,,,,,,,,,,,,
,,,,,,,,,,,,,,,,,,,,,,,,,,,,,,,,,,,,,,,,,,,,,,,,
,,,,,,,,,,,,,,,,,,,,,,,,,,,,,,,,,,,,,,,,,,,,,,,,
,,,,,,,,,,,,,,,,,,,,,,,,,,,,,,,,,,,,,,,,,,,,,,,,
,,,,,,,,,,,,,,,,,,,,,,,,,,,,,,,,,,,,,,,,,,,,,,,,
,,,,,,,,,,,,,,,,,,,,,,,,,,,,,,,,,,,,,,,,,,,,,,,,
,,,,,,,,,,,,,,,,,,,,,,,,,,,,,,,,,,,,,,,,,,,,,,,,
,,,,,,,,,,,,,,,,,,,,,,,,,,,,,,,,,,,,,,,,,,,,,,,,
,,,,,,,,,,,,,,,,,,,,,,,,,,,,,,,,,,,,,,,,,,,,,,,,
,,,,,,,,,,,,,,,,,,,,,,,,,,,,,,,,,,,,,,,,,,,,,,,,
,,,,,,,,,,,,,,,,,,,,,,,,,,,,,,,,,,,,,,,,,,,,,,,,
,,,,,,,,,,,,,,,,,,,,,,,,,,,,,,,,,,,,,,,,,,,,,,,,
,,,,,,,,,,,,,,,,,,,,,,,,,,,,,,,,,,,,,,,,,,,,,,,,
,,,,,,,,,,,,,,,,,,,,,,,,,,,,,,,,,,,,,,,,,,,,,,,,
,,,,,,,,,,,,,,,,,,,,,,,,,,,,,,,,,,,,,,,,,,,,,,,,
,,,,,,,,,,,,,,,,,,,,,,,,,,,,,,,,,,,,,,,,,,,,,,,,
,,,,,,,,,,,,,,,,,,,,,,,,,,,,,,,,,,,,,,,,,,,,,,,,
,,,,,,,,,,,,,,,,,,,,,,,,,,,,,,,,,,,,,,,,,,,,,,,,
,,,,,,,,,,,,,,,,,,,,,,,,,,,,,,,,,,,,,,,,,,,,,,,,
,,,,,,,,,,,,,,,,,,,,,,,,,,,,,,,,,,,,,,,,,,,,,,,,
,,,,,,,,,,,,,,,,,,,,,,,,,,,,,,,,,,,,,,,,,,,,,,,,
,,,,,,,,,,,,,,,,,,,,,,,,,,,,,,,,,,,,,,,,,,,,,,,,
,,,,,,,,,,,,,,,,,,,,,,,,,,,,,,,,,,,,,,,,,,,,,,,,
,,,,,,,,,,,,,,,,,,,,,,,,,,,,,,,,,,,,,,,,,,,,,,,,
,,,,,,,,,,,,,,,,,,,,,,,,,,,,,,,,,,,,,,,,,,,,,,,,
,,,,,,,,,,,,,,,,,,,,,,,,,,,,,,,,,,,,,,,,,,,,,,,,
,,,,,,,,,,,,,,,,,,,,,,,,,,,,,,,,,,,,,,,,,,,,,,,,
,,,,,,,,,,,,,,,,,,,,,,,,,,,,,,,,,,,,,,,,,,,,,,,,
,,,,,,,,,,,,,,,,,,,,,,,,,,,,,,,,,,,,,,,,,,,,,,,,
,,,,,,,,,,,,,,,,,,,,,,,,,,,,,,,,,,,,,,,,,,,,,,,,
,,,,,,,,,,,,,,,,,,,,,,,,,,,,,,,,,,,,,,,,,,,,,,,,
,,,,,,,,,,,,,,,,,,,,,,,,,,,,,,,,,,,,,,,,,,,,,,,,
,,,,,,,,,,,,,,,,,,,,,,,,,,,,,,,,,,,,,,,,,,,,,,,,
,,,,,,,,,,,,,,,,,,,,,,,,,,,,,,,,,,,,,,,,,,,,,,,,
,,,,,,,,,,,,,,,,,,,,,,,,,,,,,,,,,,,,,,,,,,,,,,,,
,,,,,,,,,,,,,,,,,,,,,,,,,,,,,,,,,,,,,,,,,,,,,,,,
,,,,,,,,,,,,,,,,,,,,,,,,,,,,,,,,,,,,,,,,,,,,,,,,
,,,,,,,,,,,,,,,,,,,,,,,,,,,,,,,,,,,,,,,,,,,,,,,,
,,,,,,,,,,,,,,,,,,,,,,,,,,,,,,,,,,,,,,,,,,,,,,,,
,,,,,,,,,,,,,,,,,,,,,,,,,,,,,,,,,,,,,,,,,,,,,,,,
,,,,,,,,,,,,,,,,,,,,,,,,,,,,,,,,,,,,,,,,,,,,,,,,
,,,,,,,,,,,,,,,,,,,,,,,,,,,,,,,,,,,,,,,,,,,,,,,,
,,,,,,,,,,,,,,,,,,,,,,,,,,,,,,,,,,,,,,,,,,,,,,,,
,,,,,,,,,,,,,,,,,,,,,,,,,,,,,,,,,,,,,,,,,,,,,,,,
,,,,,,,,,,,,,,,,,,,,,,,,,,,,,,,,,,,,,,,,,,,,,,,,
,,,,,,,,,,,,,,,,,,,,,,,,,,,,,,,,,,,,,,,,,,,,,,,,
,,,,,,,,,,,,,,,,,,,,,,,,,,,,,,,,,,,,,,,,,,,,,,,,
,,,,,,,,,,,,,,,,,,,,,,,,,,,,,,,,,,,,,,,,,,,,,,,,
,,,,,,,,,,,,,,,,,,,,,,,,,,,,,,,,,,,,,,,,,,,,,,,,
,,,,,,,,,,,,,,,,,,,,,,,,,,,,,,,,,,,,,,,,,,,,,,,,
,,,,,,,,,,,,,,,,,,,,,,,,,,,,,,,,,,,,,,,,,,,,,,,,
,,,,,,,,,,,,,,,,,,,,,,,,,,,,,,,,,,,,,,,,,,,,,,,,
,,,,,,,,,,,,,,,,,,,,,,,,,,,,,,,,,,,,,,,,,,,,,,,,
,,,,,,,,,,,,,,,,,,,,,,,,,,,,,,,,,,,,,,,,,,,,,,,,
,,,,,,,,,,,,,,,,,,,,,,,,,,,,,,,,,,,,,,,,,,,,,,,,
,,,,,,,,,,,,,,,,,,,,,,,,,,,,,,,,,,,,,,,,,,,,,,,,
,,,,,,,,,,,,,,,,,,,,,,,,,,,,,,,,,,,,,,,,,,,,,,,,
,,,,,,,,,,,,,,,,,,,,,,,,,,,,,,,,,,,,,,,,,,,,,,,,
,,,,,,,,,,,,,,,,,,,,,,,,,,,,,,,,,,,,,,,,,,,,,,,,
,,,,,,,,,,,,,,,,,,,,,,,,,,,,,,,,,,,,,,,,,,,,,,,,
,,,,,,,,,,,,,,,,,,,,,,,,,,,,,,,,,,,,,,,,,,,,,,,,
,,,,,,,,,,,,,,,,,,,,,,,,,,,,,,,,,,,,,,,,,,,,,,,,
,,,,,,,,,,,,,,,,,,,,,,,,,,,,,,,,,,,,,,,,,,,,,,,,
,,,,,,,,,,,,,,,,,,,,,,,,,,,,,,,,,,,,,,,,,,,,,,,,
,,,,,,,,,,,,,,,,,,,,,,,,,,,,,,,,,,,,,,,,,,,,,,,,
,,,,,,,,,,,,,,,,,,,,,,,,,,,,,,,,,,,,,,,,,,,,,,,,
,,,,,,,,,,,,,,,,,,,,,,,,,,,,,,,,,,,,,,,,,,,,,,,,
,,,,,,,,,,,,,,,,,,,,,,,,,,,,,,,,,,,,,,,,,,,,,,,,
,,,,,,,,,,,,,,,,,,,,,,,,,,,,,,,,,,,,,,,,,,,,,,,,
,,,,,,,,,,,,,,,,,,,,,,,,,,,,,,,,,,,,,,,,,,,,,,,,
,,,,,,,,,,,,,,,,,,,,,,,,,,,,,,,,,,,,,,,,,,,,,,,,
,,,,,,,,,,,,,,,,,,,,,,,,,,,,,,,,,,,,,,,,,,,,,,,,
,,,,,,,,,,,,,,,,,,,,,,,,,,,,,,,,,,,,,,,,,,,,,,,,
,,,,,,,,,,,,,,,,,,,,,,,,,,,,,,,,,,,,,,,,,,,,,,,,
,,,,,,,,,,,,,,,,,,,,,,,,,,,,,,,,,,,,,,,,,,,,,,,,
,,,,,,,,,,,,,,,,,,,,,,,,,,,,,,,,,,,,,,,,,,,,,,,,
,,,,,,,,,,,,,,,,,,,,,,,,,,,,,,,,,,,,,,,,,,,,,,,,
,,,,,,,,,,,,,,,,,,,,,,,,,,,,,,,,,,,,,,,,,,,,,,,,
,,,,,,,,,,,,,,,,,,,,,,,,,,,,,,,,,,,,,,,,,,,,,,,,
,,,,,,,,,,,,,,,,,,,,,,,,,,,,,,,,,,,,,,,,,,,,,,,,
,,,,,,,,,,,,,,,,,,,,,,,,,,,,,,,,,,,,,,,,,,,,,,,,
,,,,,,,,,,,,,,,,,,,,,,,,,,,,,,,,,,,,,,,,,,,,,,,,
,,,,,,,,,,,,,,,,,,,,,,,,,,,,,,,,,,,,,,,,,,,,,,,,
,,,,,,,,,,,,,,,,,,,,,,,,,,,,,,,,,,,,,,,,,,,,,,,,
,,,,,,,,,,,,,,,,,,,,,,,,,,,,,,,,,,,,,,,,,,,,,,,,
,,,,,,,,,,,,,,,,,,,,,,,,,,,,,,,,,,,,,,,,,,,,,,,,
,,,,,,,,,,,,,,,,,,,,,,,,,,,,,,,,,,,,,,,,,,,,,,,,
,,,,,,,,,,,,,,,,,,,,,,,,,,,,,,,,,,,,,,,,,,,,,,,,
,,,,,,,,,,,,,,,,,,,,,,,,,,,,,,,,,,,,,,,,,,,,,,,,
,,,,,,,,,,,,,,,,,,,,,,,,,,,,,,,,,,,,,,,,,,,,,,,,
,,,,,,,,,,,,,,,,,,,,,,,,,,,,,,,,,,,,,,,,,,,,,,,,
,,,,,,,,,,,,,,,,,,,,,,,,,,,,,,,,,,,,,,,,,,,,,,,,
,,,,,,,,,,,,,,,,,,,,,,,,,,,,,,,,,,,,,,,,,,,,,,,,
,,,,,,,,,,,,,,,,,,,,,,,,,,,,,,,,,,,,,,,,,,,,,,,,
,,,,,,,,,,,,,,,,,,,,,,,,,,,,,,,,,,,,,,,,,,,,,,,,
,,,,,,,,,,,,,,,,,,,,,,,,,,,,,,,,,,,,,,,,,,,,,,,,
,,,,,,,,,,,,,,,,,,,,,,,,,,,,,,,,,,,,,,,,,,,,,,,,
,,,,,,,,,,,,,,,,,,,,,,,,,,,,,,,,,,,,,,,,,,,,,,,,
,,,,,,,,,,,,,,,,,,,,,,,,,,,,,,,,,,,,,,,,,,,,,,,,
,,,,,,,,,,,,,,,,,,,,,,,,,,,,,,,,,,,,,,,,,,,,,,,,
,,,,,,,,,,,,,,,,,,,,,,,,,,,,,,,,,,,,,,,,,,,,,,,,
,,,,,,,,,,,,,,,,,,,,,,,,,,,,,,,,,,,,,,,,,,,,,,,,
,,,,,,,,,,,,,,,,,,,,,,,,,,,,,,,,,,,,,,,,,,,,,,,,
,,,,,,,,,,,,,,,,,,,,,,,,,,,,,,,,,,,,,,,,,,,,,,,,
,,,,,,,,,,,,,,,,,,,,,,,,,,,,,,,,,,,,,,,,,,,,,,,,
,,,,,,,,,,,,,,,,,,,,,,,,,,,,,,,,,,,,,,,,,,,,,,,,
,,,,,,,,,,,,,,,,,,,,,,,,,,,,,,,,,,,,,,,,,,,,,,,,
,,,,,,,,,,,,,,,,,,,,,,,,,,,,,,,,,,,,,,,,,,,,,,,,
,,,,,,,,,,,,,,,,,,,,,,,,,,,,,,,,,,,,,,,,,,,,,,,,
,,,,,,,,,,,,,,,,,,,,,,,,,,,,,,,,,,,,,,,,,,,,,,,,
,,,,,,,,,,,,,,,,,,,,,,,,,,,,,,,,,,,,,,,,,,,,,,,,
,,,,,,,,,,,,,,,,,,,,,,,,,,,,,,,,,,,,,,,,,,,,,,,,
,,,,,,,,,,,,,,,,,,,,,,,,,,,,,,,,,,,,,,,,,,,,,,,,
,,,,,,,,,,,,,,,,,,,,,,,,,,,,,,,,,,,,,,,,,,,,,,,,
,,,,,,,,,,,,,,,,,,,,,,,,,,,,,,,,,,,,,,,,,,,,,,,,
,,,,,,,,,,,,,,,,,,,,,,,,,,,,,,,,,,,,,,,,,,,,,,,,
,,,,,,,,,,,,,,,,,,,,,,,,,,,,,,,,,,,,,,,,,,,,,,,,
,,,,,,,,,,,,,,,,,,,,,,,,,,,,,,,,,,,,,,,,,,,,,,,,
,,,,,,,,,,,,,,,,,,,,,,,,,,,,,,,,,,,,,,,,,,,,,,,,
,,,,,,,,,,,,,,,,,,,,,,,,,,,,,,,,,,,,,,,,,,,,,,,,
,,,,,,,,,,,,,,,,,,,,,,,,,,,,,,,,,,,,,,,,,,,,,,,,
,,,,,,,,,,,,,,,,,,,,,,,,,,,,,,,,,,,,,,,,,,,,,,,,
,,,,,,,,,,,,,,,,,,,,,,,,,,,,,,,,,,,,,,,,,,,,,,,,
,,,,,,,,,,,,,,,,,,,,,,,,,,,,,,,,,,,,,,,,,,,,,,,,
,,,,,,,,,,,,,,,,,,,,,,,,,,,,,,,,,,,,,,,,,,,,,,,,
,,,,,,,,,,,,,,,,,,,,,,,,,,,,,,,,,,,,,,,,,,,,,,,,
,,,,,,,,,,,,,,,,,,,,,,,,,,,,,,,,,,,,,,,,,,,,,,,,
,,,,,,,,,,,,,,,,,,,,,,,,,,,,,,,,,,,,,,,,,,,,,,,,
,,,,,,,,,,,,,,,,,,,,,,,,,,,,,,,,,,,,,,,,,,,,,,,,
,,,,,,,,,,,,,,,,,,,,,,,,,,,,,,,,,,,,,,,,,,,,,,,,
,,,,,,,,,,,,,,,,,,,,,,,,,,,,,,,,,,,,,,,,,,,,,,,,
,,,,,,,,,,,,,,,,,,,,,,,,,,,,,,,,,,,,,,,,,,,,,,,,
,,,,,,,,,,,,,,,,,,,,,,,,,,,,,,,,,,,,,,,,,,,,,,,,
,,,,,,,,,,,,,,,,,,,,,,,,,,,,,,,,,,,,,,,,,,,,,,,,
,,,,,,,,,,,,,,,,,,,,,,,,,,,,,,,,,,,,,,,,,,,,,,,,
,,,,,,,,,,,,,,,,,,,,,,,,,,,,,,,,,,,,,,,,,,,,,,,,
,,,,,,,,,,,,,,,,,,,,,,,,,,,,,,,,,,,,,,,,,,,,,,,,
,,,,,,,,,,,,,,,,,,,,,,,,,,,,,,,,,,,,,,,,,,,,,,,,
,,,,,,,,,,,,,,,,,,,,,,,,,,,,,,,,,,,,,,,,,,,,,,,,
,,,,,,,,,,,,,,,,,,,,,,,,,,,,,,,,,,,,,,,,,,,,,,,,
,,,,,,,,,,,,,,,,,,,,,,,,,,,,,,,,,,,,,,,,,,,,,,,,
,,,,,,,,,,,,,,,,,,,,,,,,,,,,,,,,,,,,,,,,,,,,,,,,
,,,,,,,,,,,,,,,,,,,,,,,,,,,,,,,,,,,,,,,,,,,,,,,,
,,,,,,,,,,,,,,,,,,,,,,,,,,,,,,,,,,,,,,,,,,,,,,,,
,,,,,,,,,,,,,,,,,,,,,,,,,,,,,,,,,,,,,,,,,,,,,,,,
,,,,,,,,,,,,,,,,,,,,,,,,,,,,,,,,,,,,,,,,,,,,,,,,
,,,,,,,,,,,,,,,,,,,,,,,,,,,,,,,,,,,,,,,,,,,,,,,,
,,,,,,,,,,,,,,,,,,,,,,,,,,,,,,,,,,,,,,,,,,,,,,,,
,,,,,,,,,,,,,,,,,,,,,,,,,,,,,,,,,,,,,,,,,,,,,,,,
,,,,,,,,,,,,,,,,,,,,,,,,,,,,,,,,,,,,,,,,,,,,,,,,
,,,,,,,,,,,,,,,,,,,,,,,,,,,,,,,,,,,,,,,,,,,,,,,,
,,,,,,,,,,,,,,,,,,,,,,,,,,,,,,,,,,,,,,,,,,,,,,,,
,,,,,,,,,,,,,,,,,,,,,,,,,,,,,,,,,,,,,,,,,,,,,,,,
,,,,,,,,,,,,,,,,,,,,,,,,,,,,,,,,,,,,,,,,,,,,,,,,
,,,,,,,,,,,,,,,,,,,,,,,,,,,,,,,,,,,,,,,,,,,,,,,,
,,,,,,,,,,,,,,,,,,,,,,,,,,,,,,,,,,,,,,,,,,,,,,,,
,,,,,,,,,,,,,,,,,,,,,,,,,,,,,,,,,,,,,,,,,,,,,,,,
,,,,,,,,,,,,,,,,,,,,,,,,,,,,,,,,,,,,,,,,,,,,,,,,
,,,,,,,,,,,,,,,,,,,,,,,,,,,,,,,,,,,,,,,,,,,,,,,,
,,,,,,,,,,,,,,,,,,,,,,,,,,,,,,,,,,,,,,,,,,,,,,,,
,,,,,,,,,,,,,,,,,,,,,,,,,,,,,,,,,,,,,,,,,,,,,,,,
,,,,,,,,,,,,,,,,,,,,,,,,,,,,,,,,,,,,,,,,,,,,,,,,
,,,,,,,,,,,,,,,,,,,,,,,,,,,,,,,,,,,,,,,,,,,,,,,,
,,,,,,,,,,,,,,,,,,,,,,,,,,,,,,,,,,,,,,,,,,,,,,,,
,,,,,,,,,,,,,,,,,,,,,,,,,,,,,,,,,,,,,,,,,,,,,,,,
,,,,,,,,,,,,,,,,,,,,,,,,,,,,,,,,,,,,,,,,,,,,,,,,
,,,,,,,,,,,,,,,,,,,,,,,,,,,,,,,,,,,,,,,,,,,,,,,,
,,,,,,,,,,,,,,,,,,,,,,,,,,,,,,,,,,,,,,,,,,,,,,,,
,,,,,,,,,,,,,,,,,,,,,,,,,,,,,,,,,,,,,,,,,,,,,,,,
,,,,,,,,,,,,,,,,,,,,,,,,,,,,,,,,,,,,,,,,,,,,,,,,
,,,,,,,,,,,,,,,,,,,,,,,,,,,,,,,,,,,,,,,,,,,,,,,,
,,,,,,,,,,,,,,,,,,,,,,,,,,,,,,,,,,,,,,,,,,,,,,,,
,,,,,,,,,,,,,,,,,,,,,,,,,,,,,,,,,,,,,,,,,,,,,,,,
,,,,,,,,,,,,,,,,,,,,,,,,,,,,,,,,,,,,,,,,,,,,,,,,
,,,,,,,,,,,,,,,,,,,,,,,,,,,,,,,,,,,,,,,,,,,,,,,,
,,,,,,,,,,,,,,,,,,,,,,,,,,,,,,,,,,,,,,,,,,,,,,,,
,,,,,,,,,,,,,,,,,,,,,,,,,,,,,,,,,,,,,,,,,,,,,,,,
,,,,,,,,,,,,,,,,,,,,,,,,,,,,,,,,,,,,,,,,,,,,,,,,
,,,,,,,,,,,,,,,,,,,,,,,,,,,,,,,,,,,,,,,,,,,,,,,,
,,,,,,,,,,,,,,,,,,,,,,,,,,,,,,,,,,,,,,,,,,,,,,,,
,,,,,,,,,,,,,,,,,,,,,,,,,,,,,,,,,,,,,,,,,,,,,,,,
,,,,,,,,,,,,,,,,,,,,,,,,,,,,,,,,,,,,,,,,,,,,,,,,
,,,,,,,,,,,,,,,,,,,,,,,,,,,,,,,,,,,,,,,,,,,,,,,,
,,,,,,,,,,,,,,,,,,,,,,,,,,,,,,,,,,,,,,,,,,,,,,,,
,,,,,,,,,,,,,,,,,,,,,,,,,,,,,,,,,,,,,,,,,,,,,,,,
,,,,,,,,,,,,,,,,,,,,,,,,,,,,,,,,,,,,,,,,,,,,,,,,
,,,,,,,,,,,,,,,,,,,,,,,,,,,,,,,,,,,,,,,,,,,,,,,,
,,,,,,,,,,,,,,,,,,,,,,,,,,,,,,,,,,,,,,,,,,,,,,,,
,,,,,,,,,,,,,,,,,,,,,,,,,,,,,,,,,,,,,,,,,,,,,,,,
,,,,,,,,,,,,,,,,,,,,,,,,,,,,,,,,,,,,,,,,,,,,,,,,
,,,,,,,,,,,,,,,,,,,,,,,,,,,,,,,,,,,,,,,,,,,,,,,,
,,,,,,,,,,,,,,,,,,,,,,,,,,,,,,,,,,,,,,,,,,,,,,,,
,,,,,,,,,,,,,,,,,,,,,,,,,,,,,,,,,,,,,,,,,,,,,,,,
,,,,,,,,,,,,,,,,,,,,,,,,,,,,,,,,,,,,,,,,,,,,,,,,
,,,,,,,,,,,,,,,,,,,,,,,,,,,,,,,,,,,,,,,,,,,,,,,,
,,,,,,,,,,,,,,,,,,,,,,,,,,,,,,,,,,,,,,,,,,,,,,,,
,,,,,,,,,,,,,,,,,,,,,,,,,,,,,,,,,,,,,,,,,,,,,,,,
,,,,,,,,,,,,,,,,,,,,,,,,,,,,,,,,,,,,,,,,,,,,,,,,
,,,,,,,,,,,,,,,,,,,,,,,,,,,,,,,,,,,,,,,,,,,,,,,,
,,,,,,,,,,,,,,,,,,,,,,,,,,,,,,,,,,,,,,,,,,,,,,,,
,,,,,,,,,,,,,,,,,,,,,,,,,,,,,,,,,,,,,,,,,,,,,,,,
,,,,,,,,,,,,,,,,,,,,,,,,,,,,,,,,,,,,,,,,,,,,,,,,
,,,,,,,,,,,,,,,,,,,,,,,,,,,,,,,,,,,,,,,,,,,,,,,,
,,,,,,,,,,,,,,,,,,,,,,,,,,,,,,,,,,,,,,,,,,,,,,,,
,,,,,,,,,,,,,,,,,,,,,,,,,,,,,,,,,,,,,,,,,,,,,,,,
,,,,,,,,,,,,,,,,,,,,,,,,,,,,,,,,,,,,,,,,,,,,,,,,
,,,,,,,,,,,,,,,,,,,,,,,,,,,,,,,,,,,,,,,,,,,,,,,,
,,,,,,,,,,,,,,,,,,,,,,,,,,,,,,,,,,,,,,,,,,,,,,,,
,,,,,,,,,,,,,,,,,,,,,,,,,,,,,,,,,,,,,,,,,,,,,,,,
,,,,,,,,,,,,,,,,,,,,,,,,,,,,,,,,,,,,,,,,,,,,,,,,
,,,,,,,,,,,,,,,,,,,,,,,,,,,,,,,,,,,,,,,,,,,,,,,,
,,,,,,,,,,,,,,,,,,,,,,,,,,,,,,,,,,,,,,,,,,,,,,,,
,,,,,,,,,,,,,,,,,,,,,,,,,,,,,,,,,,,,,,,,,,,,,,,,
,,,,,,,,,,,,,,,,,,,,,,,,,,,,,,,,,,,,,,,,,,,,,,,,
,,,,,,,,,,,,,,,,,,,,,,,,,,,,,,,,,,,,,,,,,,,,,,,,
,,,,,,,,,,,,,,,,,,,,,,,,,,,,,,,,,,,,,,,,,,,,,,,,
,,,,,,,,,,,,,,,,,,,,,,,,,,,,,,,,,,,,,,,,,,,,,,,,
,,,,,,,,,,,,,,,,,,,,,,,,,,,,,,,,,,,,,,,,,,,,,,,,
,,,,,,,,,,,,,,,,,,,,,,,,,,,,,,,,,,,,,,,,,,,,,,,,
,,,,,,,,,,,,,,,,,,,,,,,,,,,,,,,,,,,,,,,,,,,,,,,,
,,,,,,,,,,,,,,,,,,,,,,,,,,,,,,,,,,,,,,,,,,,,,,,,
,,,,,,,,,,,,,,,,,,,,,,,,,,,,,,,,,,,,,,,,,,,,,,,,
,,,,,,,,,,,,,,,,,,,,,,,,,,,,,,,,,,,,,,,,,,,,,,,,
,,,,,,,,,,,,,,,,,,,,,,,,,,,,,,,,,,,,,,,,,,,,,,,,
,,,,,,,,,,,,,,,,,,,,,,,,,,,,,,,,,,,,,,,,,,,,,,,,
,,,,,,,,,,,,,,,,,,,,,,,,,,,,,,,,,,,,,,,,,,,,,,,,
,,,,,,,,,,,,,,,,,,,,,,,,,,,,,,,,,,,,,,,,,,,,,,,,
,,,,,,,,,,,,,,,,,,,,,,,,,,,,,,,,,,,,,,,,,,,,,,,,
,,,,,,,,,,,,,,,,,,,,,,,,,,,,,,,,,,,,,,,,,,,,,,,,
,,,,,,,,,,,,,,,,,,,,,,,,,,,,,,,,,,,,,,,,,,,,,,,,
,,,,,,,,,,,,,,,,,,,,,,,,,,,,,,,,,,,,,,,,,,,,,,,,
,,,,,,,,,,,,,,,,,,,,,,,,,,,,,,,,,,,,,,,,,,,,,,,,
,,,,,,,,,,,,,,,,,,,,,,,,,,,,,,,,,,,,,,,,,,,,,,,,
,,,,,,,,,,,,,,,,,,,,,,,,,,,,,,,,,,,,,,,,,,,,,,,,
,,,,,,,,,,,,,,,,,,,,,,,,,,,,,,,,,,,,,,,,,,,,,,,,
,,,,,,,,,,,,,,,,,,,,,,,,,,,,,,,,,,,,,,,,,,,,,,,,
,,,,,,,,,,,,,,,,,,,,,,,,,,,,,,,,,,,,,,,,,,,,,,,,
,,,,,,,,,,,,,,,,,,,,,,,,,,,,,,,,,,,,,,,,,,,,,,,,
,,,,,,,,,,,,,,,,,,,,,,,,,,,,,,,,,,,,,,,,,,,,,,,,
,,,,,,,,,,,,,,,,,,,,,,,,,,,,,,,,,,,,,,,,,,,,,,,,
,,,,,,,,,,,,,,,,,,,,,,,,,,,,,,,,,,,,,,,,,,,,,,,,
,,,,,,,,,,,,,,,,,,,,,,,,,,,,,,,,,,,,,,,,,,,,,,,,
,,,,,,,,,,,,,,,,,,,,,,,,,,,,,,,,,,,,,,,,,,,,,,,,
,,,,,,,,,,,,,,,,,,,,,,,,,,,,,,,,,,,,,,,,,,,,,,,,
,,,,,,,,,,,,,,,,,,,,,,,,,,,,,,,,,,,,,,,,,,,,,,,,
,,,,,,,,,,,,,,,,,,,,,,,,,,,,,,,,,,,,,,,,,,,,,,,,
,,,,,,,,,,,,,,,,,,,,,,,,,,,,,,,,,,,,,,,,,,,,,,,,
,,,,,,,,,,,,,,,,,,,,,,,,,,,,,,,,,,,,,,,,,,,,,,,,
,,,,,,,,,,,,,,,,,,,,,,,,,,,,,,,,,,,,,,,,,,,,,,,,
,,,,,,,,,,,,,,,,,,,,,,,,,,,,,,,,,,,,,,,,,,,,,,,,
,,,,,,,,,,,,,,,,,,,,,,,,,,,,,,,,,,,,,,,,,,,,,,,,
,,,,,,,,,,,,,,,,,,,,,,,,,,,,,,,,,,,,,,,,,,,,,,,,
,,,,,,,,,,,,,,,,,,,,,,,,,,,,,,,,,,,,,,,,,,,,,,,,
,,,,,,,,,,,,,,,,,,,,,,,,,,,,,,,,,,,,,,,,,,,,,,,,
,,,,,,,,,,,,,,,,,,,,,,,,,,,,,,,,,,,,,,,,,,,,,,,,
,,,,,,,,,,,,,,,,,,,,,,,,,,,,,,,,,,,,,,,,,,,,,,,,
,,,,,,,,,,,,,,,,,,,,,,,,,,,,,,,,,,,,,,,,,,,,,,,,
,,,,,,,,,,,,,,,,,,,,,,,,,,,,,,,,,,,,,,,,,,,,,,,,
,,,,,,,,,,,,,,,,,,,,,,,,,,,,,,,,,,,,,,,,,,,,,,,,
,,,,,,,,,,,,,,,,,,,,,,,,,,,,,,,,,,,,,,,,,,,,,,,,
,,,,,,,,,,,,,,,,,,,,,,,,,,,,,,,,,,,,,,,,,,,,,,,,
,,,,,,,,,,,,,,,,,,,,,,,,,,,,,,,,,,,,,,,,,,,,,,,,
,,,,,,,,,,,,,,,,,,,,,,,,,,,,,,,,,,,,,,,,,,,,,,,,
,,,,,,,,,,,,,,,,,,,,,,,,,,,,,,,,,,,,,,,,,,,,,,,,
,,,,,,,,,,,,,,,,,,,,,,,,,,,,,,,,,,,,,,,,,,,,,,,,
,,,,,,,,,,,,,,,,,,,,,,,,,,,,,,,,,,,,,,,,,,,,,,,,
,,,,,,,,,,,,,,,,,,,,,,,,,,,,,,,,,,,,,,,,,,,,,,,,
,,,,,,,,,,,,,,,,,,,,,,,,,,,,,,,,,,,,,,,,,,,,,,,,
,,,,,,,,,,,,,,,,,,,,,,,,,,,,,,,,,,,,,,,,,,,,,,,,
,,,,,,,,,,,,,,,,,,,,,,,,,,,,,,,,,,,,,,,,,,,,,,,,
,,,,,,,,,,,,,,,,,,,,,,,,,,,,,,,,,,,,,,,,,,,,,,,,
,,,,,,,,,,,,,,,,,,,,,,,,,,,,,,,,,,,,,,,,,,,,,,,,
,,,,,,,,,,,,,,,,,,,,,,,,,,,,,,,,,,,,,,,,,,,,,,,,
,,,,,,,,,,,,,,,,,,,,,,,,,,,,,,,,,,,,,,,,,,,,,,,,
,,,,,,,,,,,,,,,,,,,,,,,,,,,,,,,,,,,,,,,,,,,,,,,,
,,,,,,,,,,,,,,,,,,,,,,,,,,,,,,,,,,,,,,,,,,,,,,,,
,,,,,,,,,,,,,,,,,,,,,,,,,,,,,,,,,,,,,,,,,,,,,,,,
,,,,,,,,,,,,,,,,,,,,,,,,,,,,,,,,,,,,,,,,,,,,,,,,
,,,,,,,,,,,,,,,,,,,,,,,,,,,,,,,,,,,,,,,,,,,,,,,,
,,,,,,,,,,,,,,,,,,,,,,,,,,,,,,,,,,,,,,,,,,,,,,,,
,,,,,,,,,,,,,,,,,,,,,,,,,,,,,,,,,,,,,,,,,,,,,,,,
,,,,,,,,,,,,,,,,,,,,,,,,,,,,,,,,,,,,,,,,,,,,,,,,
,,,,,,,,,,,,,,,,,,,,,,,,,,,,,,,,,,,,,,,,,,,,,,,,
,,,,,,,,,,,,,,,,,,,,,,,,,,,,,,,,,,,,,,,,,,,,,,,,
,,,,,,,,,,,,,,,,,,,,,,,,,,,,,,,,,,,,,,,,,,,,,,,,
,,,,,,,,,,,,,,,,,,,,,,,,,,,,,,,,,,,,,,,,,,,,,,,,
,,,,,,,,,,,,,,,,,,,,,,,,,,,,,,,,,,,,,,,,,,,,,,,,
,,,,,,,,,,,,,,,,,,,,,,,,,,,,,,,,,,,,,,,,,,,,,,,,
,,,,,,,,,,,,,,,,,,,,,,,,,,,,,,,,,,,,,,,,,,,,,,,,
,,,,,,,,,,,,,,,,,,,,,,,,,,,,,,,,,,,,,,,,,,,,,,,,
,,,,,,,,,,,,,,,,,,,,,,,,,,,,,,,,,,,,,,,,,,,,,,,,
,,,,,,,,,,,,,,,,,,,,,,,,,,,,,,,,,,,,,,,,,,,,,,,,
,,,,,,,,,,,,,,,,,,,,,,,,,,,,,,,,,,,,,,,,,,,,,,,,
,,,,,,,,,,,,,,,,,,,,,,,,,,,,,,,,,,,,,,,,,,,,,,,,
,,,,,,,,,,,,,,,,,,,,,,,,,,,,,,,,,,,,,,,,,,,,,,,,
,,,,,,,,,,,,,,,,,,,,,,,,,,,,,,,,,,,,,,,,,,,,,,,,
,,,,,,,,,,,,,,,,,,,,,,,,,,,,,,,,,,,,,,,,,,,,,,,,
,,,,,,,,,,,,,,,,,,,,,,,,,,,,,,,,,,,,,,,,,,,,,,,,
,,,,,,,,,,,,,,,,,,,,,,,,,,,,,,,,,,,,,,,,,,,,,,,,
,,,,,,,,,,,,,,,,,,,,,,,,,,,,,,,,,,,,,,,,,,,,,,,,
,,,,,,,,,,,,,,,,,,,,,,,,,,,,,,,,,,,,,,,,,,,,,,,,
,,,,,,,,,,,,,,,,,,,,,,,,,,,,,,,,,,,,,,,,,,,,,,,,
,,,,,,,,,,,,,,,,,,,,,,,,,,,,,,,,,,,,,,,,,,,,,,,,
,,,,,,,,,,,,,,,,,,,,,,,,,,,,,,,,,,,,,,,,,,,,,,,,
,,,,,,,,,,,,,,,,,,,,,,,,,,,,,,,,,,,,,,,,,,,,,,,,
,,,,,,,,,,,,,,,,,,,,,,,,,,,,,,,,,,,,,,,,,,,,,,,,
,,,,,,,,,,,,,,,,,,,,,,,,,,,,,,,,,,,,,,,,,,,,,,,,
,,,,,,,,,,,,,,,,,,,,,,,,,,,,,,,,,,,,,,,,,,,,,,,,
,,,,,,,,,,,,,,,,,,,,,,,,,,,,,,,,,,,,,,,,,,,,,,,,
,,,,,,,,,,,,,,,,,,,,,,,,,,,,,,,,,,,,,,,,,,,,,,,,
,,,,,,,,,,,,,,,,,,,,,,,,,,,,,,,,,,,,,,,,,,,,,,,,
,,,,,,,,,,,,,,,,,,,,,,,,,,,,,,,,,,,,,,,,,,,,,,,,
,,,,,,,,,,,,,,,,,,,,,,,,,,,,,,,,,,,,,,,,,,,,,,,,
,,,,,,,,,,,,,,,,,,,,,,,,,,,,,,,,,,,,,,,,,,,,,,,,
,,,,,,,,,,,,,,,,,,,,,,,,,,,,,,,,,,,,,,,,,,,,,,,,
,,,,,,,,,,,,,,,,,,,,,,,,,,,,,,,,,,,,,,,,,,,,,,,,
,,,,,,,,,,,,,,,,,,,,,,,,,,,,,,,,,,,,,,,,,,,,,,,,
,,,,,,,,,,,,,,,,,,,,,,,,,,,,,,,,,,,,,,,,,,,,,,,,
,,,,,,,,,,,,,,,,,,,,,,,,,,,,,,,,,,,,,,,,,,,,,,,,
,,,,,,,,,,,,,,,,,,,,,,,,,,,,,,,,,,,,,,,,,,,,,,,,
,,,,,,,,,,,,,,,,,,,,,,,,,,,,,,,,,,,,,,,,,,,,,,,,
,,,,,,,,,,,,,,,,,,,,,,,,,,,,,,,,,,,,,,,,,,,,,,,,
,,,,,,,,,,,,,,,,,,,,,,,,,,,,,,,,,,,,,,,,,,,,,,,,
,,,,,,,,,,,,,,,,,,,,,,,,,,,,,,,,,,,,,,,,,,,,,,,,
,,,,,,,,,,,,,,,,,,,,,,,,,,,,,,,,,,,,,,,,,,,,,,,,
,,,,,,,,,,,,,,,,,,,,,,,,,,,,,,,,,,,,,,,,,,,,,,,,
,,,,,,,,,,,,,,,,,,,,,,,,,,,,,,,,,,,,,,,,,,,,,,,,
,,,,,,,,,,,,,,,,,,,,,,,,,,,,,,,,,,,,,,,,,,,,,,,,
,,,,,,,,,,,,,,,,,,,,,,,,,,,,,,,,,,,,,,,,,,,,,,,,
,,,,,,,,,,,,,,,,,,,,,,,,,,,,,,,,,,,,,,,,,,,,,,,,
,,,,,,,,,,,,,,,,,,,,,,,,,,,,,,,,,,,,,,,,,,,,,,,,
,,,,,,,,,,,,,,,,,,,,,,,,,,,,,,,,,,,,,,,,,,,,,,,,
,,,,,,,,,,,,,,,,,,,,,,,,,,,,,,,,,,,,,,,,,,,,,,,,
,,,,,,,,,,,,,,,,,,,,,,,,,,,,,,,,,,,,,,,,,,,,,,,,
,,,,,,,,,,,,,,,,,,,,,,,,,,,,,,,,,,,,,,,,,,,,,,,,
,,,,,,,,,,,,,,,,,,,,,,,,,,,,,,,,,,,,,,,,,,,,,,,,
,,,,,,,,,,,,,,,,,,,,,,,,,,,,,,,,,,,,,,,,,,,,,,,,
,,,,,,,,,,,,,,,,,,,,,,,,,,,,,,,,,,,,,,,,,,,,,,,,
,,,,,,,,,,,,,,,,,,,,,,,,,,,,,,,,,,,,,,,,,,,,,,,,
,,,,,,,,,,,,,,,,,,,,,,,,,,,,,,,,,,,,,,,,,,,,,,,,
,,,,,,,,,,,,,,,,,,,,,,,,,,,,,,,,,,,,,,,,,,,,,,,,
,,,,,,,,,,,,,,,,,,,,,,,,,,,,,,,,,,,,,,,,,,,,,,,,
,,,,,,,,,,,,,,,,,,,,,,,,,,,,,,,,,,,,,,,,,,,,,,,,
,,,,,,,,,,,,,,,,,,,,,,,,,,,,,,,,,,,,,,,,,,,,,,,,
,,,,,,,,,,,,,,,,,,,,,,,,,,,,,,,,,,,,,,,,,,,,,,,,
,,,,,,,,,,,,,,,,,,,,,,,,,,,,,,,,,,,,,,,,,,,,,,,,
,,,,,,,,,,,,,,,,,,,,,,,,,,,,,,,,,,,,,,,,,,,,,,,,
,,,,,,,,,,,,,,,,,,,,,,,,,,,,,,,,,,,,,,,,,,,,,,,,
,,,,,,,,,,,,,,,,,,,,,,,,,,,,,,,,,,,,,,,,,,,,,,,,
,,,,,,,,,,,,,,,,,,,,,,,,,,,,,,,,,,,,,,,,,,,,,,,,
,,,,,,,,,,,,,,,,,,,,,,,,,,,,,,,,,,,,,,,,,,,,,,,,
,,,,,,,,,,,,,,,,,,,,,,,,,,,,,,,,,,,,,,,,,,,,,,,,
,,,,,,,,,,,,,,,,,,,,,,,,,,,,,,,,,,,,,,,,,,,,,,,,
,,,,,,,,,,,,,,,,,,,,,,,,,,,,,,,,,,,,,,,,,,,,,,,,
,,,,,,,,,,,,,,,,,,,,,,,,,,,,,,,,,,,,,,,,,,,,,,,,
,,,,,,,,,,,,,,,,,,,,,,,,,,,,,,,,,,,,,,,,,,,,,,,,
,,,,,,,,,,,,,,,,,,,,,,,,,,,,,,,,,,,,,,,,,,,,,,,,
,,,,,,,,,,,,,,,,,,,,,,,,,,,,,,,,,,,,,,,,,,,,,,,,
,,,,,,,,,,,,,,,,,,,,,,,,,,,,,,,,,,,,,,,,,,,,,,,,
,,,,,,,,,,,,,,,,,,,,,,,,,,,,,,,,,,,,,,,,,,,,,,,,
,,,,,,,,,,,,,,,,,,,,,,,,,,,,,,,,,,,,,,,,,,,,,,,,
,,,,,,,,,,,,,,,,,,,,,,,,,,,,,,,,,,,,,,,,,,,,,,,,
,,,,,,,,,,,,,,,,,,,,,,,,,,,,,,,,,,,,,,,,,,,,,,,,
,,,,,,,,,,,,,,,,,,,,,,,,,,,,,,,,,,,,,,,,,,,,,,,,
,,,,,,,,,,,,,,,,,,,,,,,,,,,,,,,,,,,,,,,,,,,,,,,,
,,,,,,,,,,,,,,,,,,,,,,,,,,,,,,,,,,,,,,,,,,,,,,,,
,,,,,,,,,,,,,,,,,,,,,,,,,,,,,,,,,,,,,,,,,,,,,,,,
,,,,,,,,,,,,,,,,,,,,,,,,,,,,,,,,,,,,,,,,,,,,,,,,
,,,,,,,,,,,,,,,,,,,,,,,,,,,,,,,,,,,,,,,,,,,,,,,,
,,,,,,,,,,,,,,,,,,,,,,,,,,,,,,,,,,,,,,,,,,,,,,,,
,,,,,,,,,,,,,,,,,,,,,,,,,,,,,,,,,,,,,,,,,,,,,,,,
,,,,,,,,,,,,,,,,,,,,,,,,,,,,,,,,,,,,,,,,,,,,,,,,
,,,,,,,,,,,,,,,,,,,,,,,,,,,,,,,,,,,,,,,,,,,,,,,,
,,,,,,,,,,,,,,,,,,,,,,,,,,,,,,,,,,,,,,,,,,,,,,,,
,,,,,,,,,,,,,,,,,,,,,,,,,,,,,,,,,,,,,,,,,,,,,,,,
,,,,,,,,,,,,,,,,,,,,,,,,,,,,,,,,,,,,,,,,,,,,,,,,
,,,,,,,,,,,,,,,,,,,,,,,,,,,,,,,,,,,,,,,,,,,,,,,,
,,,,,,,,,,,,,,,,,,,,,,,,,,,,,,,,,,,,,,,,,,,,,,,,
,,,,,,,,,,,,,,,,,,,,,,,,,,,,,,,,,,,,,,,,,,,,,,,,
,,,,,,,,,,,,,,,,,,,,,,,,,,,,,,,,,,,,,,,,,,,,,,,,
,,,,,,,,,,,,,,,,,,,,,,,,,,,,,,,,,,,,,,,,,,,,,,,,
,,,,,,,,,,,,,,,,,,,,,,,,,,,,,,,,,,,,,,,,,,,,,,,,
,,,,,,,,,,,,,,,,,,,,,,,,,,,,,,,,,,,,,,,,,,,,,,,,
,,,,,,,,,,,,,,,,,,,,,,,,,,,,,,,,,,,,,,,,,,,,,,,,
,,,,,,,,,,,,,,,,,,,,,,,,,,,,,,,,,,,,,,,,,,,,,,,,
,,,,,,,,,,,,,,,,,,,,,,,,,,,,,,,,,,,,,,,,,,,,,,,,
,,,,,,,,,,,,,,,,,,,,,,,,,,,,,,,,,,,,,,,,,,,,,,,,
,,,,,,,,,,,,,,,,,,,,,,,,,,,,,,,,,,,,,,,,,,,,,,,,
,,,,,,,,,,,,,,,,,,,,,,,,,,,,,,,,,,,,,,,,,,,,,,,,
,,,,,,,,,,,,,,,,,,,,,,,,,,,,,,,,,,,,,,,,,,,,,,,,
,,,,,,,,,,,,,,,,,,,,,,,,,,,,,,,,,,,,,,,,,,,,,,,,
,,,,,,,,,,,,,,,,,,,,,,,,,,,,,,,,,,,,,,,,,,,,,,,,
,,,,,,,,,,,,,,,,,,,,,,,,,,,,,,,,,,,,,,,,,,,,,,,,
,,,,,,,,,,,,,,,,,,,,,,,,,,,,,,,,,,,,,,,,,,,,,,,,
,,,,,,,,,,,,,,,,,,,,,,,,,,,,,,,,,,,,,,,,,,,,,,,,
,,,,,,,,,,,,,,,,,,,,,,,,,,,,,,,,,,,,,,,,,,,,,,,,
,,,,,,,,,,,,,,,,,,,,,,,,,,,,,,,,,,,,,,,,,,,,,,,,
,,,,,,,,,,,,,,,,,,,,,,,,,,,,,,,,,,,,,,,,,,,,,,,,
,,,,,,,,,,,,,,,,,,,,,,,,,,,,,,,,,,,,,,,,,,,,,,,,
,,,,,,,,,,,,,,,,,,,,,,,,,,,,,,,,,,,,,,,,,,,,,,,,
,,,,,,,,,,,,,,,,,,,,,,,,,,,,,,,,,,,,,,,,,,,,,,,,
,,,,,,,,,,,,,,,,,,,,,,,,,,,,,,,,,,,,,,,,,,,,,,,,
,,,,,,,,,,,,,,,,,,,,,,,,,,,,,,,,,,,,,,,,,,,,,,,,
,,,,,,,,,,,,,,,,,,,,,,,,,,,,,,,,,,,,,,,,,,,,,,,,
,,,,,,,,,,,,,,,,,,,,,,,,,,,,,,,,,,,,,,,,,,,,,,,,
,,,,,,,,,,,,,,,,,,,,,,,,,,,,,,,,,,,,,,,,,,,,,,,,
,,,,,,,,,,,,,,,,,,,,,,,,,,,,,,,,,,,,,,,,,,,,,,,,
,,,,,,,,,,,,,,,,,,,,,,,,,,,,,,,,,,,,,,,,,,,,,,,,
,,,,,,,,,,,,,,,,,,,,,,,,,,,,,,,,,,,,,,,,,,,,,,,,
,,,,,,,,,,,,,,,,,,,,,,,,,,,,,,,,,,,,,,,,,,,,,,,,
,,,,,,,,,,,,,,,,,,,,,,,,,,,,,,,,,,,,,,,,,,,,,,,,
,,,,,,,,,,,,,,,,,,,,,,,,,,,,,,,,,,,,,,,,,,,,,,,,
,,,,,,,,,,,,,,,,,,,,,,,,,,,,,,,,,,,,,,,,,,,,,,,,
,,,,,,,,,,,,,,,,,,,,,,,,,,,,,,,,,,,,,,,,,,,,,,,,
,,,,,,,,,,,,,,,,,,,,,,,,,,,,,,,,,,,,,,,,,,,,,,,,
,,,,,,,,,,,,,,,,,,,,,,,,,,,,,,,,,,,,,,,,,,,,,,,,
,,,,,,,,,,,,,,,,,,,,,,,,,,,,,,,,,,,,,,,,,,,,,,,,
,,,,,,,,,,,,,,,,,,,,,,,,,,,,,,,,,,,,,,,,,,,,,,,,
,,,,,,,,,,,,,,,,,,,,,,,,,,,,,,,,,,,,,,,,,,,,,,,,
,,,,,,,,,,,,,,,,,,,,,,,,,,,,,,,,,,,,,,,,,,,,,,,,
,,,,,,,,,,,,,,,,,,,,,,,,,,,,,,,,,,,,,,,,,,,,,,,,
,,,,,,,,,,,,,,,,,,,,,,,,,,,,,,,,,,,,,,,,,,,,,,,,
,,,,,,,,,,,,,,,,,,,,,,,,,,,,,,,,,,,,,,,,,,,,,,,,
,,,,,,,,,,,,,,,,,,,,,,,,,,,,,,,,,,,,,,,,,,,,,,,,
,,,,,,,,,,,,,,,,,,,,,,,,,,,,,,,,,,,,,,,,,,,,,,,,
,,,,,,,,,,,,,,,,,,,,,,,,,,,,,,,,,,,,,,,,,,,,,,,,
,,,,,,,,,,,,,,,,,,,,,,,,,,,,,,,,,,,,,,,,,,,,,,,,
,,,,,,,,,,,,,,,,,,,,,,,,,,,,,,,,,,,,,,,,,,,,,,,,
,,,,,,,,,,,,,,,,,,,,,,,,,,,,,,,,,,,,,,,,,,,,,,,,
,,,,,,,,,,,,,,,,,,,,,,,,,,,,,,,,,,,,,,,,,,,,,,,,
,,,,,,,,,,,,,,,,,,,,,,,,,,,,,,,,,,,,,,,,,,,,,,,,
,,,,,,,,,,,,,,,,,,,,,,,,,,,,,,,,,,,,,,,,,,,,,,,,
,,,,,,,,,,,,,,,,,,,,,,,,,,,,,,,,,,,,,,,,,,,,,,,,
,,,,,,,,,,,,,,,,,,,,,,,,,,,,,,,,,,,,,,,,,,,,,,,,
,,,,,,,,,,,,,,,,,,,,,,,,,,,,,,,,,,,,,,,,,,,,,,,,
,,,,,,,,,,,,,,,,,,,,,,,,,,,,,,,,,,,,,,,,,,,,,,,,
,,,,,,,,,,,,,,,,,,,,,,,,,,,,,,,,,,,,,,,,,,,,,,,,
,,,,,,,,,,,,,,,,,,,,,,,,,,,,,,,,,,,,,,,,,,,,,,,,
,,,,,,,,,,,,,,,,,,,,,,,,,,,,,,,,,,,,,,,,,,,,,,,,
,,,,,,,,,,,,,,,,,,,,,,,,,,,,,,,,,,,,,,,,,,,,,,,,
,,,,,,,,,,,,,,,,,,,,,,,,,,,,,,,,,,,,,,,,,,,,,,,,
,,,,,,,,,,,,,,,,,,,,,,,,,,,,,,,,,,,,,,,,,,,,,,,,
,,,,,,,,,,,,,,,,,,,,,,,,,,,,,,,,,,,,,,,,,,,,,,,,
,,,,,,,,,,,,,,,,,,,,,,,,,,,,,,,,,,,,,,,,,,,,,,,,
,,,,,,,,,,,,,,,,,,,,,,,,,,,,,,,,,,,,,,,,,,,,,,,,
,,,,,,,,,,,,,,,,,,,,,,,,,,,,,,,,,,,,,,,,,,,,,,,,
,,,,,,,,,,,,,,,,,,,,,,,,,,,,,,,,,,,,,,,,,,,,,,,,
,,,,,,,,,,,,,,,,,,,,,,,,,,,,,,,,,,,,,,,,,,,,,,,,
,,,,,,,,,,,,,,,,,,,,,,,,,,,,,,,,,,,,,,,,,,,,,,,,
,,,,,,,,,,,,,,,,,,,,,,,,,,,,,,,,,,,,,,,,,,,,,,,,
,,,,,,,,,,,,,,,,,,,,,,,,,,,,,,,,,,,,,,,,,,,,,,,,
,,,,,,,,,,,,,,,,,,,,,,,,,,,,,,,,,,,,,,,,,,,,,,,,
,,,,,,,,,,,,,,,,,,,,,,,,,,,,,,,,,,,,,,,,,,,,,,,,
,,,,,,,,,,,,,,,,,,,,,,,,,,,,,,,,,,,,,,,,,,,,,,,,
,,,,,,,,,,,,,,,,,,,,,,,,,,,,,,,,,,,,,,,,,,,,,,,,
,,,,,,,,,,,,,,,,,,,,,,,,,,,,,,,,,,,,,,,,,,,,,,,,
,,,,,,,,,,,,,,,,,,,,,,,,,,,,,,,,,,,,,,,,,,,,,,,,
,,,,,,,,,,,,,,,,,,,,,,,,,,,,,,,,,,,,,,,,,,,,,,,,
,,,,,,,,,,,,,,,,,,,,,,,,,,,,,,,,,,,,,,,,,,,,,,,,
,,,,,,,,,,,,,,,,,,,,,,,,,,,,,,,,,,,,,,,,,,,,,,,,
,,,,,,,,,,,,,,,,,,,,,,,,,,,,,,,,,,,,,,,,,,,,,,,,
,,,,,,,,,,,,,,,,,,,,,,,,,,,,,,,,,,,,,,,,,,,,,,,,
,,,,,,,,,,,,,,,,,,,,,,,,,,,,,,,,,,,,,,,,,,,,,,,,
,,,,,,,,,,,,,,,,,,,,,,,,,,,,,,,,,,,,,,,,,,,,,,,,
,,,,,,,,,,,,,,,,,,,,,,,,,,,,,,,,,,,,,,,,,,,,,,,,
,,,,,,,,,,,,,,,,,,,,,,,,,,,,,,,,,,,,,,,,,,,,,,,,
,,,,,,,,,,,,,,,,,,,,,,,,,,,,,,,,,,,,,,,,,,,,,,,,
,,,,,,,,,,,,,,,,,,,,,,,,,,,,,,,,,,,,,,,,,,,,,,,,
,,,,,,,,,,,,,,,,,,,,,,,,,,,,,,,,,,,,,,,,,,,,,,,,
,,,,,,,,,,,,,,,,,,,,,,,,,,,,,,,,,,,,,,,,,,,,,,,,
,,,,,,,,,,,,,,,,,,,,,,,,,,,,,,,,,,,,,,,,,,,,,,,,
,,,,,,,,,,,,,,,,,,,,,,,,,,,,,,,,,,,,,,,,,,,,,,,,
,,,,,,,,,,,,,,,,,,,,,,,,,,,,,,,,,,,,,,,,,,,,,,,,
,,,,,,,,,,,,,,,,,,,,,,,,,,,,,,,,,,,,,,,,,,,,,,,,
,,,,,,,,,,,,,,,,,,,,,,,,,,,,,,,,,,,,,,,,,,,,,,,,
,,,,,,,,,,,,,,,,,,,,,,,,,,,,,,,,,,,,,,,,,,,,,,,,
,,,,,,,,,,,,,,,,,,,,,,,,,,,,,,,,,,,,,,,,,,,,,,,,
,,,,,,,,,,,,,,,,,,,,,,,,,,,,,,,,,,,,,,,,,,,,,,,,
,,,,,,,,,,,,,,,,,,,,,,,,,,,,,,,,,,,,,,,,,,,,,,,,
,,,,,,,,,,,,,,,,,,,,,,,,,,,,,,,,,,,,,,,,,,,,,,,,
,,,,,,,,,,,,,,,,,,,,,,,,,,,,,,,,,,,,,,,,,,,,,,,,
,,,,,,,,,,,,,,,,,,,,,,,,,,,,,,,,,,,,,,,,,,,,,,,,
,,,,,,,,,,,,,,,,,,,,,,,,,,,,,,,,,,,,,,,,,,,,,,,,
,,,,,,,,,,,,,,,,,,,,,,,,,,,,,,,,,,,,,,,,,,,,,,,,
,,,,,,,,,,,,,,,,,,,,,,,,,,,,,,,,,,,,,,,,,,,,,,,,
,,,,,,,,,,,,,,,,,,,,,,,,,,,,,,,,,,,,,,,,,,,,,,,,
,,,,,,,,,,,,,,,,,,,,,,,,,,,,,,,,,,,,,,,,,,,,,,,,
,,,,,,,,,,,,,,,,,,,,,,,,,,,,,,,,,,,,,,,,,,,,,,,,
,,,,,,,,,,,,,,,,,,,,,,,,,,,,,,,,,,,,,,,,,,,,,,,,
,,,,,,,,,,,,,,,,,,,,,,,,,,,,,,,,,,,,,,,,,,,,,,,,
,,,,,,,,,,,,,,,,,,,,,,,,,,,,,,,,,,,,,,,,,,,,,,,,
,,,,,,,,,,,,,,,,,,,,,,,,,,,,,,,,,,,,,,,,,,,,,,,,
,,,,,,,,,,,,,,,,,,,,,,,,,,,,,,,,,,,,,,,,,,,,,,,,
,,,,,,,,,,,,,,,,,,,,,,,,,,,,,,,,,,,,,,,,,,,,,,,,
,,,,,,,,,,,,,,,,,,,,,,,,,,,,,,,,,,,,,,,,,,,,,,,,
,,,,,,,,,,,,,,,,,,,,,,,,,,,,,,,,,,,,,,,,,,,,,,,,
,,,,,,,,,,,,,,,,,,,,,,,,,,,,,,,,,,,,,,,,,,,,,,,,
,,,,,,,,,,,,,,,,,,,,,,,,,,,,,,,,,,,,,,,,,,,,,,,,
,,,,,,,,,,,,,,,,,,,,,,,,,,,,,,,,,,,,,,,,,,,,,,,,
,,,,,,,,,,,,,,,,,,,,,,,,,,,,,,,,,,,,,,,,,,,,,,,,
,,,,,,,,,,,,,,,,,,,,,,,,,,,,,,,,,,,,,,,,,,,,,,,,
,,,,,,,,,,,,,,,,,,,,,,,,,,,,,,,,,,,,,,,,,,,,,,,,
,,,,,,,,,,,,,,,,,,,,,,,,,,,,,,,,,,,,,,,,,,,,,,,,
,,,,,,,,,,,,,,,,,,,,,,,,,,,,,,,,,,,,,,,,,,,,,,,,
,,,,,,,,,,,,,,,,,,,,,,,,,,,,,,,,,,,,,,,,,,,,,,,,
,,,,,,,,,,,,,,,,,,,,,,,,,,,,,,,,,,,,,,,,,,,,,,,,
,,,,,,,,,,,,,,,,,,,,,,,,,,,,,,,,,,,,,,,,,,,,,,,,
,,,,,,,,,,,,,,,,,,,,,,,,,,,,,,,,,,,,,,,,,,,,,,,,
,,,,,,,,,,,,,,,,,,,,,,,,,,,,,,,,,,,,,,,,,,,,,,,,
,,,,,,,,,,,,,,,,,,,,,,,,,,,,,,,,,,,,,,,,,,,,,,,,
,,,,,,,,,,,,,,,,,,,,,,,,,,,,,,,,,,,,,,,,,,,,,,,,
,,,,,,,,,,,,,,,,,,,,,,,,,,,,,,,,,,,,,,,,,,,,,,,,
,,,,,,,,,,,,,,,,,,,,,,,,,,,,,,,,,,,,,,,,,,,,,,,,
,,,,,,,,,,,,,,,,,,,,,,,,,,,,,,,,,,,,,,,,,,,,,,,,
,,,,,,,,,,,,,,,,,,,,,,,,,,,,,,,,,,,,,,,,,,,,,,,,
,,,,,,,,,,,,,,,,,,,,,,,,,,,,,,,,,,,,,,,,,,,,,,,,
,,,,,,,,,,,,,,,,,,,,,,,,,,,,,,,,,,,,,,,,,,,,,,,,
,,,,,,,,,,,,,,,,,,,,,,,,,,,,,,,,,,,,,,,,,,,,,,,,
,,,,,,,,,,,,,,,,,,,,,,,,,,,,,,,,,,,,,,,,,,,,,,,,
,,,,,,,,,,,,,,,,,,,,,,,,,,,,,,,,,,,,,,,,,,,,,,,,
,,,,,,,,,,,,,,,,,,,,,,,,,,,,,,,,,,,,,,,,,,,,,,,,
,,,,,,,,,,,,,,,,,,,,,,,,,,,,,,,,,,,,,,,,,,,,,,,,
,,,,,,,,,,,,,,,,,,,,,,,,,,,,,,,,,,,,,,,,,,,,,,,,
,,,,,,,,,,,,,,,,,,,,,,,,,,,,,,,,,,,,,,,,,,,,,,,,
,,,,,,,,,,,,,,,,,,,,,,,,,,,,,,,,,,,,,,,,,,,,,,,,
,,,,,,,,,,,,,,,,,,,,,,,,,,,,,,,,,,,,,,,,,,,,,,,,
,,,,,,,,,,,,,,,,,,,,,,,,,,,,,,,,,,,,,,,,,,,,,,,,
,,,,,,,,,,,,,,,,,,,,,,,,,,,,,,,,,,,,,,,,,,,,,,,,
,,,,,,,,,,,,,,,,,,,,,,,,,,,,,,,,,,,,,,,,,,,,,,,,
,,,,,,,,,,,,,,,,,,,,,,,,,,,,,,,,,,,,,,,,,,,,,,,,
,,,,,,,,,,,,,,,,,,,,,,,,,,,,,,,,,,,,,,,,,,,,,,,,
,,,,,,,,,,,,,,,,,,,,,,,,,,,,,,,,,,,,,,,,,,,,,,,,
,,,,,,,,,,,,,,,,,,,,,,,,,,,,,,,,,,,,,,,,,,,,,,,,
,,,,,,,,,,,,,,,,,,,,,,,,,,,,,,,,,,,,,,,,,,,,,,,,
,,,,,,,,,,,,,,,,,,,,,,,,,,,,,,,,,,,,,,,,,,,,,,,,
,,,,,,,,,,,,,,,,,,,,,,,,,,,,,,,,,,,,,,,,,,,,,,,,
,,,,,,,,,,,,,,,,,,,,,,,,,,,,,,,,,,,,,,,,,,,,,,,,
,,,,,,,,,,,,,,,,,,,,,,,,,,,,,,,,,,,,,,,,,,,,,,,,
,,,,,,,,,,,,,,,,,,,,,,,,,,,,,,,,,,,,,,,,,,,,,,,,
,,,,,,,,,,,,,,,,,,,,,,,,,,,,,,,,,,,,,,,,,,,,,,,,
,,,,,,,,,,,,,,,,,,,,,,,,,,,,,,,,,,,,,,,,,,,,,,,,
,,,,,,,,,,,,,,,,,,,,,,,,,,,,,,,,,,,,,,,,,,,,,,,,
,,,,,,,,,,,,,,,,,,,,,,,,,,,,,,,,,,,,,,,,,,,,,,,,
,,,,,,,,,,,,,,,,,,,,,,,,,,,,,,,,,,,,,,,,,,,,,,,,
,,,,,,,,,,,,,,,,,,,,,,,,,,,,,,,,,,,,,,,,,,,,,,,,
,,,,,,,,,,,,,,,,,,,,,,,,,,,,,,,,,,,,,,,,,,,,,,,,
,,,,,,,,,,,,,,,,,,,,,,,,,,,,,,,,,,,,,,,,,,,,,,,,
,,,,,,,,,,,,,,,,,,,,,,,,,,,,,,,,,,,,,,,,,,,,,,,,
,,,,,,,,,,,,,,,,,,,,,,,,,,,,,,,,,,,,,,,,,,,,,,,,
,,,,,,,,,,,,,,,,,,,,,,,,,,,,,,,,,,,,,,,,,,,,,,,,
,,,,,,,,,,,,,,,,,,,,,,,,,,,,,,,,,,,,,,,,,,,,,,,,
,,,,,,,,,,,,,,,,,,,,,,,,,,,,,,,,,,,,,,,,,,,,,,,,
,,,,,,,,,,,,,,,,,,,,,,,,,,,,,,,,,,,,,,,,,,,,,,,,
,,,,,,,,,,,,,,,,,,,,,,,,,,,,,,,,,,,,,,,,,,,,,,,,
,,,,,,,,,,,,,,,,,,,,,,,,,,,,,,,,,,,,,,,,,,,,,,,,
,,,,,,,,,,,,,,,,,,,,,,,,,,,,,,,,,,,,,,,,,,,,,,,,
,,,,,,,,,,,,,,,,,,,,,,,,,,,,,,,,,,,,,,,,,,,,,,,,
,,,,,,,,,,,,,,,,,,,,,,,,,,,,,,,,,,,,,,,,,,,,,,,,
,,,,,,,,,,,,,,,,,,,,,,,,,,,,,,,,,,,,,,,,,,,,,,,,
,,,,,,,,,,,,,,,,,,,,,,,,,,,,,,,,,,,,,,,,,,,,,,,,
,,,,,,,,,,,,,,,,,,,,,,,,,,,,,,,,,,,,,,,,,,,,,,,,
,,,,,,,,,,,,,,,,,,,,,,,,,,,,,,,,,,,,,,,,,,,,,,,,
,,,,,,,,,,,,,,,,,,,,,,,,,,,,,,,,,,,,,,,,,,,,,,,,
,,,,,,,,,,,,,,,,,,,,,,,,,,,,,,,,,,,,,,,,,,,,,,,,
,,,,,,,,,,,,,,,,,,,,,,,,,,,,,,,,,,,,,,,,,,,,,,,,
,,,,,,,,,,,,,,,,,,,,,,,,,,,,,,,,,,,,,,,,,,,,,,,,
,,,,,,,,,,,,,,,,,,,,,,,,,,,,,,,,,,,,,,,,,,,,,,,,
,,,,,,,,,,,,,,,,,,,,,,,,,,,,,,,,,,,,,,,,,,,,,,,,
,,,,,,,,,,,,,,,,,,,,,,,,,,,,,,,,,,,,,,,,,,,,,,,,
,,,,,,,,,,,,,,,,,,,,,,,,,,,,,,,,,,,,,,,,,,,,,,,,
,,,,,,,,,,,,,,,,,,,,,,,,,,,,,,,,,,,,,,,,,,,,,,,,
,,,,,,,,,,,,,,,,,,,,,,,,,,,,,,,,,,,,,,,,,,,,,,,,
,,,,,,,,,,,,,,,,,,,,,,,,,,,,,,,,,,,,,,,,,,,,,,,,
,,,,,,,,,,,,,,,,,,,,,,,,,,,,,,,,,,,,,,,,,,,,,,,,
,,,,,,,,,,,,,,,,,,,,,,,,,,,,,,,,,,,,,,,,,,,,,,,,
,,,,,,,,,,,,,,,,,,,,,,,,,,,,,,,,,,,,,,,,,,,,,,,,
,,,,,,,,,,,,,,,,,,,,,,,,,,,,,,,,,,,,,,,,,,,,,,,,
,,,,,,,,,,,,,,,,,,,,,,,,,,,,,,,,,,,,,,,,,,,,,,,,
,,,,,,,,,,,,,,,,,,,,,,,,,,,,,,,,,,,,,,,,,,,,,,,,
,,,,,,,,,,,,,,,,,,,,,,,,,,,,,,,,,,,,,,,,,,,,,,,,
,,,,,,,,,,,,,,,,,,,,,,,,,,,,,,,,,,,,,,,,,,,,,,,,
,,,,,,,,,,,,,,,,,,,,,,,,,,,,,,,,,,,,,,,,,,,,,,,,
,,,,,,,,,,,,,,,,,,,,,,,,,,,,,,,,,,,,,,,,,,,,,,,,
,,,,,,,,,,,,,,,,,,,,,,,,,,,,,,,,,,,,,,,,,,,,,,,,
,,,,,,,,,,,,,,,,,,,,,,,,,,,,,,,,,,,,,,,,,,,,,,,,
,,,,,,,,,,,,,,,,,,,,,,,,,,,,,,,,,,,,,,,,,,,,,,,,
,,,,,,,,,,,,,,,,,,,,,,,,,,,,,,,,,,,,,,,,,,,,,,,,
,,,,,,,,,,,,,,,,,,,,,,,,,,,,,,,,,,,,,,,,,,,,,,,,
,,,,,,,,,,,,,,,,,,,,,,,,,,,,,,,,,,,,,,,,,,,,,,,,
,,,,,,,,,,,,,,,,,,,,,,,,,,,,,,,,,,,,,,,,,,,,,,,,
,,,,,,,,,,,,,,,,,,,,,,,,,,,,,,,,,,,,,,,,,,,,,,,,
,,,,,,,,,,,,,,,,,,,,,,,,,,,,,,,,,,,,,,,,,,,,,,,,
,,,,,,,,,,,,,,,,,,,,,,,,,,,,,,,,,,,,,,,,,,,,,,,,
,,,,,,,,,,,,,,,,,,,,,,,,,,,,,,,,,,,,,,,,,,,,,,,,
,,,,,,,,,,,,,,,,,,,,,,,,,,,,,,,,,,,,,,,,,,,,,,,,
,,,,,,,,,,,,,,,,,,,,,,,,,,,,,,,,,,,,,,,,,,,,,,,,
,,,,,,,,,,,,,,,,,,,,,,,,,,,,,,,,,,,,,,,,,,,,,,,,
,,,,,,,,,,,,,,,,,,,,,,,,,,,,,,,,,,,,,,,,,,,,,,,,
,,,,,,,,,,,,,,,,,,,,,,,,,,,,,,,,,,,,,,,,,,,,,,,,
,,,,,,,,,,,,,,,,,,,,,,,,,,,,,,,,,,,,,,,,,,,,,,,,
,,,,,,,,,,,,,,,,,,,,,,,,,,,,,,,,,,,,,,,,,,,,,,,,
,,,,,,,,,,,,,,,,,,,,,,,,,,,,,,,,,,,,,,,,,,,,,,,,
,,,,,,,,,,,,,,,,,,,,,,,,,,,,,,,,,,,,,,,,,,,,,,,,
,,,,,,,,,,,,,,,,,,,,,,,,,,,,,,,,,,,,,,,,,,,,,,,,
,,,,,,,,,,,,,,,,,,,,,,,,,,,,,,,,,,,,,,,,,,,,,,,,
,,,,,,,,,,,,,,,,,,,,,,,,,,,,,,,,,,,,,,,,,,,,,,,,
,,,,,,,,,,,,,,,,,,,,,,,,,,,,,,,,,,,,,,,,,,,,,,,,
,,,,,,,,,,,,,,,,,,,,,,,,,,,,,,,,,,,,,,,,,,,,,,,,
,,,,,,,,,,,,,,,,,,,,,,,,,,,,,,,,,,,,,,,,,,,,,,,,
,,,,,,,,,,,,,,,,,,,,,,,,,,,,,,,,,,,,,,,,,,,,,,,,
,,,,,,,,,,,,,,,,,,,,,,,,,,,,,,,,,,,,,,,,,,,,,,,,
,,,,,,,,,,,,,,,,,,,,,,,,,,,,,,,,,,,,,,,,,,,,,,,,
,,,,,,,,,,,,,,,,,,,,,,,,,,,,,,,,,,,,,,,,,,,,,,,,
,,,,,,,,,,,,,,,,,,,,,,,,,,,,,,,,,,,,,,,,,,,,,,,,
,,,,,,,,,,,,,,,,,,,,,,,,,,,,,,,,,,,,,,,,,,,,,,,,
,,,,,,,,,,,,,,,,,,,,,,,,,,,,,,,,,,,,,,,,,,,,,,,,
,,,,,,,,,,,,,,,,,,,,,,,,,,,,,,,,,,,,,,,,,,,,,,,,
,,,,,,,,,,,,,,,,,,,,,,,,,,,,,,,,,,,,,,,,,,,,,,,,
,,,,,,,,,,,,,,,,,,,,,,,,,,,,,,,,,,,,,,,,,,,,,,,,
,,,,,,,,,,,,,,,,,,,,,,,,,,,,,,,,,,,,,,,,,,,,,,,,
,,,,,,,,,,,,,,,,,,,,,,,,,,,,,,,,,,,,,,,,,,,,,,,,
,,,,,,,,,,,,,,,,,,,,,,,,,,,,,,,,,,,,,,,,,,,,,,,,
,,,,,,,,,,,,,,,,,,,,,,,,,,,,,,,,,,,,,,,,,,,,,,,,
,,,,,,,,,,,,,,,,,,,,,,,,,,,,,,,,,,,,,,,,,,,,,,,,
,,,,,,,,,,,,,,,,,,,,,,,,,,,,,,,,,,,,,,,,,,,,,,,,
,,,,,,,,,,,,,,,,,,,,,,,,,,,,,,,,,,,,,,,,,,,,,,,,
,,,,,,,,,,,,,,,,,,,,,,,,,,,,,,,,,,,,,,,,,,,,,,,,
,,,,,,,,,,,,,,,,,,,,,,,,,,,,,,,,,,,,,,,,,,,,,,,,
,,,,,,,,,,,,,,,,,,,,,,,,,,,,,,,,,,,,,,,,,,,,,,,,
,,,,,,,,,,,,,,,,,,,,,,,,,,,,,,,,,,,,,,,,,,,,,,,,
,,,,,,,,,,,,,,,,,,,,,,,,,,,,,,,,,,,,,,,,,,,,,,,,
,,,,,,,,,,,,,,,,,,,,,,,,,,,,,,,,,,,,,,,,,,,,,,,,
,,,,,,,,,,,,,,,,,,,,,,,,,,,,,,,,,,,,,,,,,,,,,,,,
,,,,,,,,,,,,,,,,,,,,,,,,,,,,,,,,,,,,,,,,,,,,,,,,
,,,,,,,,,,,,,,,,,,,,,,,,,,,,,,,,,,,,,,,,,,,,,,,,
,,,,,,,,,,,,,,,,,,,,,,,,,,,,,,,,,,,,,,,,,,,,,,,,
,,,,,,,,,,,,,,,,,,,,,,,,,,,,,,,,,,,,,,,,,,,,,,,,
,,,,,,,,,,,,,,,,,,,,,,,,,,,,,,,,,,,,,,,,,,,,,,,,
,,,,,,,,,,,,,,,,,,,,,,,,,,,,,,,,,,,,,,,,,,,,,,,,
,,,,,,,,,,,,,,,,,,,,,,,,,,,,,,,,,,,,,,,,,,,,,,,,
,,,,,,,,,,,,,,,,,,,,,,,,,,,,,,,,,,,,,,,,,,,,,,,,
,,,,,,,,,,,,,,,,,,,,,,,,,,,,,,,,,,,,,,,,,,,,,,,,
,,,,,,,,,,,,,,,,,,,,,,,,,,,,,,,,,,,,,,,,,,,,,,,,
,,,,,,,,,,,,,,,,,,,,,,,,,,,,,,,,,,,,,,,,,,,,,,,,
,,,,,,,,,,,,,,,,,,,,,,,,,,,,,,,,,,,,,,,,,,,,,,,,
,,,,,,,,,,,,,,,,,,,,,,,,,,,,,,,,,,,,,,,,,,,,,,,,
,,,,,,,,,,,,,,,,,,,,,,,,,,,,,,,,,,,,,,,,,,,,,,,,
,,,,,,,,,,,,,,,,,,,,,,,,,,,,,,,,,,,,,,,,,,,,,,,,
,,,,,,,,,,,,,,,,,,,,,,,,,,,,,,,,,,,,,,,,,,,,,,,,
,,,,,,,,,,,,,,,,,,,,,,,,,,,,,,,,,,,,,,,,,,,,,,,,
,,,,,,,,,,,,,,,,,,,,,,,,,,,,,,,,,,,,,,,,,,,,,,,,
,,,,,,,,,,,,,,,,,,,,,,,,,,,,,,,,,,,,,,,,,,,,,,,,
,,,,,,,,,,,,,,,,,,,,,,,,,,,,,,,,,,,,,,,,,,,,,,,,
,,,,,,,,,,,,,,,,,,,,,,,,,,,,,,,,,,,,,,,,,,,,,,,,
,,,,,,,,,,,,,,,,,,,,,,,,,,,,,,,,,,,,,,,,,,,,,,,,
,,,,,,,,,,,,,,,,,,,,,,,,,,,,,,,,,,,,,,,,,,,,,,,,
,,,,,,,,,,,,,,,,,,,,,,,,,,,,,,,,,,,,,,,,,,,,,,,,
,,,,,,,,,,,,,,,,,,,,,,,,,,,,,,,,,,,,,,,,,,,,,,,,
,,,,,,,,,,,,,,,,,,,,,,,,,,,,,,,,,,,,,,,,,,,,,,,,
,,,,,,,,,,,,,,,,,,,,,,,,,,,,,,,,,,,,,,,,,,,,,,,,
,,,,,,,,,,,,,,,,,,,,,,,,,,,,,,,,,,,,,,,,,,,,,,,,
,,,,,,,,,,,,,,,,,,,,,,,,,,,,,,,,,,,,,,,,,,,,,,,,
,,,,,,,,,,,,,,,,,,,,,,,,,,,,,,,,,,,,,,,,,,,,,,,,
,,,,,,,,,,,,,,,,,,,,,,,,,,,,,,,,,,,,,,,,,,,,,,,,
,,,,,,,,,,,,,,,,,,,,,,,,,,,,,,,,,,,,,,,,,,,,,,,,
,,,,,,,,,,,,,,,,,,,,,,,,,,,,,,,,,,,,,,,,,,,,,,,,
,,,,,,,,,,,,,,,,,,,,,,,,,,,,,,,,,,,,,,,,,,,,,,,,
,,,,,,,,,,,,,,,,,,,,,,,,,,,,,,,,,,,,,,,,,,,,,,,,
,,,,,,,,,,,,,,,,,,,,,,,,,,,,,,,,,,,,,,,,,,,,,,,,
,,,,,,,,,,,,,,,,,,,,,,,,,,,,,,,,,,,,,,,,,,,,,,,,
,,,,,,,,,,,,,,,,,,,,,,,,,,,,,,,,,,,,,,,,,,,,,,,,
,,,,,,,,,,,,,,,,,,,,,,,,,,,,,,,,,,,,,,,,,,,,,,,,
,,,,,,,,,,,,,,,,,,,,,,,,,,,,,,,,,,,,,,,,,,,,,,,,
,,,,,,,,,,,,,,,,,,,,,,,,,,,,,,,,,,,,,,,,,,,,,,,,
,,,,,,,,,,,,,,,,,,,,,,,,,,,,,,,,,,,,,,,,,,,,,,,,
,,,,,,,,,,,,,,,,,,,,,,,,,,,,,,,,,,,,,,,,,,,,,,,,
,,,,,,,,,,,,,,,,,,,,,,,,,,,,,,,,,,,,,,,,,,,,,,,,
,,,,,,,,,,,,,,,,,,,,,,,,,,,,,,,,,,,,,,,,,,,,,,,,
,,,,,,,,,,,,,,,,,,,,,,,,,,,,,,,,,,,,,,,,,,,,,,,,
,,,,,,,,,,,,,,,,,,,,,,,,,,,,,,,,,,,,,,,,,,,,,,,,
,,,,,,,,,,,,,,,,,,,,,,,,,,,,,,,,,,,,,,,,,,,,,,,,
,,,,,,,,,,,,,,,,,,,,,,,,,,,,,,,,,,,,,,,,,,,,,,,,
,,,,,,,,,,,,,,,,,,,,,,,,,,,,,,,,,,,,,,,,,,,,,,,,
,,,,,,,,,,,,,,,,,,,,,,,,,,,,,,,,,,,,,,,,,,,,,,,,
,,,,,,,,,,,,,,,,,,,,,,,,,,,,,,,,,,,,,,,,,,,,,,,,
,,,,,,,,,,,,,,,,,,,,,,,,,,,,,,,,,,,,,,,,,,,,,,,,
,,,,,,,,,,,,,,,,,,,,,,,,,,,,,,,,,,,,,,,,,,,,,,,,
,,,,,,,,,,,,,,,,,,,,,,,,,,,,,,,,,,,,,,,,,,,,,,,,
,,,,,,,,,,,,,,,,,,,,,,,,,,,,,,,,,,,,,,,,,,,,,,,,
,,,,,,,,,,,,,,,,,,,,,,,,,,,,,,,,,,,,,,,,,,,,,,,,
,,,,,,,,,,,,,,,,,,,,,,,,,,,,,,,,,,,,,,,,,,,,,,,,
,,,,,,,,,,,,,,,,,,,,,,,,,,,,,,,,,,,,,,,,,,,,,,,,
,,,,,,,,,,,,,,,,,,,,,,,,,,,,,,,,,,,,,,,,,,,,,,,,
,,,,,,,,,,,,,,,,,,,,,,,,,,,,,,,,,,,,,,,,,,,,,,,,
,,,,,,,,,,,,,,,,,,,,,,,,,,,,,,,,,,,,,,,,,,,,,,,,
,,,,,,,,,,,,,,,,,,,,,,,,,,,,,,,,,,,,,,,,,,,,,,,,
,,,,,,,,,,,,,,,,,,,,,,,,,,,,,,,,,,,,,,,,,,,,,,,,
,,,,,,,,,,,,,,,,,,,,,,,,,,,,,,,,,,,,,,,,,,,,,,,,
,,,,,,,,,,,,,,,,,,,,,,,,,,,,,,,,,,,,,,,,,,,,,,,,
,,,,,,,,,,,,,,,,,,,,,,,,,,,,,,,,,,,,,,,,,,,,,,,,
,,,,,,,,,,,,,,,,,,,,,,,,,,,,,,,,,,,,,,,,,,,,,,,,
,,,,,,,,,,,,,,,,,,,,,,,,,,,,,,,,,,,,,,,,,,,,,,,,
,,,,,,,,,,,,,,,,,,,,,,,,,,,,,,,,,,,,,,,,,,,,,,,,
,,,,,,,,,,,,,,,,,,,,,,,,,,,,,,,,,,,,,,,,,,,,,,,,
,,,,,,,,,,,,,,,,,,,,,,,,,,,,,,,,,,,,,,,,,,,,,,,,
,,,,,,,,,,,,,,,,,,,,,,,,,,,,,,,,,,,,,,,,,,,,,,,,
,,,,,,,,,,,,,,,,,,,,,,,,,,,,,,,,,,,,,,,,,,,,,,,,
,,,,,,,,,,,,,,,,,,,,,,,,,,,,,,,,,,,,,,,,,,,,,,,,
,,,,,,,,,,,,,,,,,,,,,,,,,,,,,,,,,,,,,,,,,,,,,,,,
,,,,,,,,,,,,,,,,,,,,,,,,,,,,,,,,,,,,,,,,,,,,,,,,
,,,,,,,,,,,,,,,,,,,,,,,,,,,,,,,,,,,,,,,,,,,,,,,,
,,,,,,,,,,,,,,,,,,,,,,,,,,,,,,,,,,,,,,,,,,,,,,,,
,,,,,,,,,,,,,,,,,,,,,,,,,,,,,,,,,,,,,,,,,,,,,,,,
,,,,,,,,,,,,,,,,,,,,,,,,,,,,,,,,,,,,,,,,,,,,,,,,
,,,,,,,,,,,,,,,,,,,,,,,,,,,,,,,,,,,,,,,,,,,,,,,,
,,,,,,,,,,,,,,,,,,,,,,,,,,,,,,,,,,,,,,,,,,,,,,,,
,,,,,,,,,,,,,,,,,,,,,,,,,,,,,,,,,,,,,,,,,,,,,,,,
,,,,,,,,,,,,,,,,,,,,,,,,,,,,,,,,,,,,,,,,,,,,,,,,
,,,,,,,,,,,,,,,,,,,,,,,,,,,,,,,,,,,,,,,,,,,,,,,,
,,,,,,,,,,,,,,,,,,,,,,,,,,,,,,,,,,,,,,,,,,,,,,,,
,,,,,,,,,,,,,,,,,,,,,,,,,,,,,,,,,,,,,,,,,,,,,,,,
,,,,,,,,,,,,,,,,,,,,,,,,,,,,,,,,,,,,,,,,,,,,,,,,
,,,,,,,,,,,,,,,,,,,,,,,,,,,,,,,,,,,,,,,,,,,,,,,,
,,,,,,,,,,,,,,,,,,,,,,,,,,,,,,,,,,,,,,,,,,,,,,,,
,,,,,,,,,,,,,,,,,,,,,,,,,,,,,,,,,,,,,,,,,,,,,,,,
,,,,,,,,,,,,,,,,,,,,,,,,,,,,,,,,,,,,,,,,,,,,,,,,
,,,,,,,,,,,,,,,,,,,,,,,,,,,,,,,,,,,,,,,,,,,,,,,,
,,,,,,,,,,,,,,,,,,,,,,,,,,,,,,,,,,,,,,,,,,,,,,,,
,,,,,,,,,,,,,,,,,,,,,,,,,,,,,,,,,,,,,,,,,,,,,,,,
,,,,,,,,,,,,,,,,,,,,,,,,,,,,,,,,,,,,,,,,,,,,,,,,
,,,,,,,,,,,,,,,,,,,,,,,,,,,,,,,,,,,,,,,,,,,,,,,,
,,,,,,,,,,,,,,,,,,,,,,,,,,,,,,,,,,,,,,,,,,,,,,,,
,,,,,,,,,,,,,,,,,,,,,,,,,,,,,,,,,,,,,,,,,,,,,,,,
,,,,,,,,,,,,,,,,,,,,,,,,,,,,,,,,,,,,,,,,,,,,,,,,
,,,,,,,,,,,,,,,,,,,,,,,,,,,,,,,,,,,,,,,,,,,,,,,,
,,,,,,,,,,,,,,,,,,,,,,,,,,,,,,,,,,,,,,,,,,,,,,,,
,,,,,,,,,,,,,,,,,,,,,,,,,,,,,,,,,,,,,,,,,,,,,,,,
,,,,,,,,,,,,,,,,,,,,,,,,,,,,,,,,,,,,,,,,,,,,,,,,
,,,,,,,,,,,,,,,,,,,,,,,,,,,,,,,,,,,,,,,,,,,,,,,,
,,,,,,,,,,,,,,,,,,,,,,,,,,,,,,,,,,,,,,,,,,,,,,,,
,,,,,,,,,,,,,,,,,,,,,,,,,,,,,,,,,,,,,,,,,,,,,,,,
,,,,,,,,,,,,,,,,,,,,,,,,,,,,,,,,,,,,,,,,,,,,,,,,
,,,,,,,,,,,,,,,,,,,,,,,,,,,,,,,,,,,,,,,,,,,,,,,,
,,,,,,,,,,,,,,,,,,,,,,,,,,,,,,,,,,,,,,,,,,,,,,,,
,,,,,,,,,,,,,,,,,,,,,,,,,,,,,,,,,,,,,,,,,,,,,,,,
,,,,,,,,,,,,,,,,,,,,,,,,,,,,,,,,,,,,,,,,,,,,,,,,
,,,,,,,,,,,,,,,,,,,,,,,,,,,,,,,,,,,,,,,,,,,,,,,,
,,,,,,,,,,,,,,,,,,,,,,,,,,,,,,,,,,,,,,,,,,,,,,,,
,,,,,,,,,,,,,,,,,,,,,,,,,,,,,,,,,,,,,,,,,,,,,,,,
,,,,,,,,,,,,,,,,,,,,,,,,,,,,,,,,,,,,,,,,,,,,,,,,
,,,,,,,,,,,,,,,,,,,,,,,,,,,,,,,,,,,,,,,,,,,,,,,,
,,,,,,,,,,,,,,,,,,,,,,,,,,,,,,,,,,,,,,,,,,,,,,,,
,,,,,,,,,,,,,,,,,,,,,,,,,,,,,,,,,,,,,,,,,,,,,,,,
,,,,,,,,,,,,,,,,,,,,,,,,,,,,,,,,,,,,,,,,,,,,,,,,
,,,,,,,,,,,,,,,,,,,,,,,,,,,,,,,,,,,,,,,,,,,,,,,,
,,,,,,,,,,,,,,,,,,,,,,,,,,,,,,,,,,,,,,,,,,,,,,,,
,,,,,,,,,,,,,,,,,,,,,,,,,,,,,,,,,,,,,,,,,,,,,,,,
,,,,,,,,,,,,,,,,,,,,,,,,,,,,,,,,,,,,,,,,,,,,,,,,
,,,,,,,,,,,,,,,,,,,,,,,,,,,,,,,,,,,,,,,,,,,,,,,,
,,,,,,,,,,,,,,,,,,,,,,,,,,,,,,,,,,,,,,,,,,,,,,,,
,,,,,,,,,,,,,,,,,,,,,,,,,,,,,,,,,,,,,,,,,,,,,,,,
,,,,,,,,,,,,,,,,,,,,,,,,,,,,,,,,,,,,,,,,,,,,,,,,
,,,,,,,,,,,,,,,,,,,,,,,,,,,,,,,,,,,,,,,,,,,,,,,,
,,,,,,,,,,,,,,,,,,,,,,,,,,,,,,,,,,,,,,,,,,,,,,,,
,,,,,,,,,,,,,,,,,,,,,,,,,,,,,,,,,,,,,,,,,,,,,,,,
,,,,,,,,,,,,,,,,,,,,,,,,,,,,,,,,,,,,,,,,,,,,,,,,
,,,,,,,,,,,,,,,,,,,,,,,,,,,,,,,,,,,,,,,,,,,,,,,,
,,,,,,,,,,,,,,,,,,,,,,,,,,,,,,,,,,,,,,,,,,,,,,,,
,,,,,,,,,,,,,,,,,,,,,,,,,,,,,,,,,,,,,,,,,,,,,,,,
,,,,,,,,,,,,,,,,,,,,,,,,,,,,,,,,,,,,,,,,,,,,,,,,
,,,,,,,,,,,,,,,,,,,,,,,,,,,,,,,,,,,,,,,,,,,,,,,,
,,,,,,,,,,,,,,,,,,,,,,,,,,,,,,,,,,,,,,,,,,,,,,,,
,,,,,,,,,,,,,,,,,,,,,,,,,,,,,,,,,,,,,,,,,,,,,,,,
,,,,,,,,,,,,,,,,,,,,,,,,,,,,,,,,,,,,,,,,,,,,,,,,
,,,,,,,,,,,,,,,,,,,,,,,,,,,,,,,,,,,,,,,,,,,,,,,,
,,,,,,,,,,,,,,,,,,,,,,,,,,,,,,,,,,,,,,,,,,,,,,,,
,,,,,,,,,,,,,,,,,,,,,,,,,,,,,,,,,,,,,,,,,,,,,,,,
,,,,,,,,,,,,,,,,,,,,,,,,,,,,,,,,,,,,,,,,,,,,,,,,
,,,,,,,,,,,,,,,,,,,,,,,,,,,,,,,,,,,,,,,,,,,,,,,,
,,,,,,,,,,,,,,,,,,,,,,,,,,,,,,,,,,,,,,,,,,,,,,,,
,,,,,,,,,,,,,,,,,,,,,,,,,,,,,,,,,,,,,,,,,,,,,,,,
,,,,,,,,,,,,,,,,,,,,,,,,,,,,,,,,,,,,,,,,,,,,,,,,
,,,,,,,,,,,,,,,,,,,,,,,,,,,,,,,,,,,,,,,,,,,,,,,,
,,,,,,,,,,,,,,,,,,,,,,,,,,,,,,,,,,,,,,,,,,,,,,,,
,,,,,,,,,,,,,,,,,,,,,,,,,,,,,,,,,,,,,,,,,,,,,,,,
,,,,,,,,,,,,,,,,,,,,,,,,,,,,,,,,,,,,,,,,,,,,,,,,
,,,,,,,,,,,,,,,,,,,,,,,,,,,,,,,,,,,,,,,,,,,,,,,,
,,,,,,,,,,,,,,,,,,,,,,,,,,,,,,,,,,,,,,,,,,,,,,,,
,,,,,,,,,,,,,,,,,,,,,,,,,,,,,,,,,,,,,,,,,,,,,,,,
,,,,,,,,,,,,,,,,,,,,,,,,,,,,,,,,,,,,,,,,,,,,,,,,
,,,,,,,,,,,,,,,,,,,,,,,,,,,,,,,,,,,,,,,,,,,,,,,,
,,,,,,,,,,,,,,,,,,,,,,,,,,,,,,,,,,,,,,,,,,,,,,,,
,,,,,,,,,,,,,,,,,,,,,,,,,,,,,,,,,,,,,,,,,,,,,,,,
,,,,,,,,,,,,,,,,,,,,,,,,,,,,,,,,,,,,,,,,,,,,,,,,
,,,,,,,,,,,,,,,,,,,,,,,,,,,,,,,,,,,,,,,,,,,,,,,,
,,,,,,,,,,,,,,,,,,,,,,,,,,,,,,,,,,,,,,,,,,,,,,,,
,,,,,,,,,,,,,,,,,,,,,,,,,,,,,,,,,,,,,,,,,,,,,,,,
,,,,,,,,,,,,,,,,,,,,,,,,,,,,,,,,,,,,,,,,,,,,,,,,
,,,,,,,,,,,,,,,,,,,,,,,,,,,,,,,,,,,,,,,,,,,,,,,,
,,,,,,,,,,,,,,,,,,,,,,,,,,,,,,,,,,,,,,,,,,,,,,,,
,,,,,,,,,,,,,,,,,,,,,,,,,,,,,,,,,,,,,,,,,,,,,,,,
,,,,,,,,,,,,,,,,,,,,,,,,,,,,,,,,,,,,,,,,,,,,,,,,
,,,,,,,,,,,,,,,,,,,,,,,,,,,,,,,,,,,,,,,,,,,,,,,,
,,,,,,,,,,,,,,,,,,,,,,,,,,,,,,,,,,,,,,,,,,,,,,,,
,,,,,,,,,,,,,,,,,,,,,,,,,,,,,,,,,,,,,,,,,,,,,,,,
,,,,,,,,,,,,,,,,,,,,,,,,,,,,,,,,,,,,,,,,,,,,,,,,
,,,,,,,,,,,,,,,,,,,,,,,,,,,,,,,,,,,,,,,,,,,,,,,,
,,,,,,,,,,,,,,,,,,,,,,,,,,,,,,,,,,,,,,,,,,,,,,,,
,,,,,,,,,,,,,,,,,,,,,,,,,,,,,,,,,,,,,,,,,,,,,,,,
,,,,,,,,,,,,,,,,,,,,,,,,,,,,,,,,,,,,,,,,,,,,,,,,
,,,,,,,,,,,,,,,,,,,,,,,,,,,,,,,,,,,,,,,,,,,,,,,,
,,,,,,,,,,,,,,,,,,,,,,,,,,,,,,,,,,,,,,,,,,,,,,,,
,,,,,,,,,,,,,,,,,,,,,,,,,,,,,,,,,,,,,,,,,,,,,,,,
,,,,,,,,,,,,,,,,,,,,,,,,,,,,,,,,,,,,,,,,,,,,,,,,
,,,,,,,,,,,,,,,,,,,,,,,,,,,,,,,,,,,,,,,,,,,,,,,,
,,,,,,,,,,,,,,,,,,,,,,,,,,,,,,,,,,,,,,,,,,,,,,,,
,,,,,,,,,,,,,,,,,,,,,,,,,,,,,,,,,,,,,,,,,,,,,,,,
,,,,,,,,,,,,,,,,,,,,,,,,,,,,,,,,,,,,,,,,,,,,,,,,
,,,,,,,,,,,,,,,,,,,,,,,,,,,,,,,,,,,,,,,,,,,,,,,,
,,,,,,,,,,,,,,,,,,,,,,,,,,,,,,,,,,,,,,,,,,,,,,,,
,,,,,,,,,,,,,,,,,,,,,,,,,,,,,,,,,,,,,,,,,,,,,,,,
,,,,,,,,,,,,,,,,,,,,,,,,,,,,,,,,,,,,,,,,,,,,,,,,
,,,,,,,,,,,,,,,,,,,,,,,,,,,,,,,,,,,,,,,,,,,,,,,,
,,,,,,,,,,,,,,,,,,,,,,,,,,,,,,,,,,,,,,,,,,,,,,,,
,,,,,,,,,,,,,,,,,,,,,,,,,,,,,,,,,,,,,,,,,,,,,,,,
,,,,,,,,,,,,,,,,,,,,,,,,,,,,,,,,,,,,,,,,,,,,,,,,
,,,,,,,,,,,,,,,,,,,,,,,,,,,,,,,,,,,,,,,,,,,,,,,,
,,,,,,,,,,,,,,,,,,,,,,,,,,,,,,,,,,,,,,,,,,,,,,,,
,,,,,,,,,,,,,,,,,,,,,,,,,,,,,,,,,,,,,,,,,,,,,,,,
,,,,,,,,,,,,,,,,,,,,,,,,,,,,,,,,,,,,,,,,,,,,,,,,
,,,,,,,,,,,,,,,,,,,,,,,,,,,,,,,,,,,,,,,,,,,,,,,,
,,,,,,,,,,,,,,,,,,,,,,,,,,,,,,,,,,,,,,,,,,,,,,,,
,,,,,,,,,,,,,,,,,,,,,,,,,,,,,,,,,,,,,,,,,,,,,,,,
,,,,,,,,,,,,,,,,,,,,,,,,,,,,,,,,,,,,,,,,,,,,,,,,
,,,,,,,,,,,,,,,,,,,,,,,,,,,,,,,,,,,,,,,,,,,,,,,,
,,,,,,,,,,,,,,,,,,,,,,,,,,,,,,,,,,,,,,,,,,,,,,,,
,,,,,,,,,,,,,,,,,,,,,,,,,,,,,,,,,,,,,,,,,,,,,,,,
,,,,,,,,,,,,,,,,,,,,,,,,,,,,,,,,,,,,,,,,,,,,,,,,
,,,,,,,,,,,,,,,,,,,,,,,,,,,,,,,,,,,,,,,,,,,,,,,,
,,,,,,,,,,,,,,,,,,,,,,,,,,,,,,,,,,,,,,,,,,,,,,,,
,,,,,,,,,,,,,,,,,,,,,,,,,,,,,,,,,,,,,,,,,,,,,,,,
,,,,,,,,,,,,,,,,,,,,,,,,,,,,,,,,,,,,,,,,,,,,,,,,
,,,,,,,,,,,,,,,,,,,,,,,,,,,,,,,,,,,,,,,,,,,,,,,,
,,,,,,,,,,,,,,,,,,,,,,,,,,,,,,,,,,,,,,,,,,,,,,,,
,,,,,,,,,,,,,,,,,,,,,,,,,,,,,,,,,,,,,,,,,,,,,,,,
,,,,,,,,,,,,,,,,,,,,,,,,,,,,,,,,,,,,,,,,,,,,,,,,
,,,,,,,,,,,,,,,,,,,,,,,,,,,,,,,,,,,,,,,,,,,,,,,,
,,,,,,,,,,,,,,,,,,,,,,,,,,,,,,,,,,,,,,,,,,,,,,,,
,,,,,,,,,,,,,,,,,,,,,,,,,,,,,,,,,,,,,,,,,,,,,,,,
,,,,,,,,,,,,,,,,,,,,,,,,,,,,,,,,,,,,,,,,,,,,,,,,
,,,,,,,,,,,,,,,,,,,,,,,,,,,,,,,,,,,,,,,,,,,,,,,,
,,,,,,,,,,,,,,,,,,,,,,,,,,,,,,,,,,,,,,,,,,,,,,,,
,,,,,,,,,,,,,,,,,,,,,,,,,,,,,,,,,,,,,,,,,,,,,,,,
,,,,,,,,,,,,,,,,,,,,,,,,,,,,,,,,,,,,,,,,,,,,,,,,
,,,,,,,,,,,,,,,,,,,,,,,,,,,,,,,,,,,,,,,,,,,,,,,,
,,,,,,,,,,,,,,,,,,,,,,,,,,,,,,,,,,,,,,,,,,,,,,,,
,,,,,,,,,,,,,,,,,,,,,,,,,,,,,,,,,,,,,,,,,,,,,,,,
,,,,,,,,,,,,,,,,,,,,,,,,,,,,,,,,,,,,,,,,,,,,,,,,
,,,,,,,,,,,,,,,,,,,,,,,,,,,,,,,,,,,,,,,,,,,,,,,,
,,,,,,,,,,,,,,,,,,,,,,,,,,,,,,,,,,,,,,,,,,,,,,,,
,,,,,,,,,,,,,,,,,,,,,,,,,,,,,,,,,,,,,,,,,,,,,,,,
,,,,,,,,,,,,,,,,,,,,,,,,,,,,,,,,,,,,,,,,,,,,,,,,
,,,,,,,,,,,,,,,,,,,,,,,,,,,,,,,,,,,,,,,,,,,,,,,,
,,,,,,,,,,,,,,,,,,,,,,,,,,,,,,,,,,,,,,,,,,,,,,,,
,,,,,,,,,,,,,,,,,,,,,,,,,,,,,,,,,,,,,,,,,,,,,,,,
,,,,,,,,,,,,,,,,,,,,,,,,,,,,,,,,,,,,,,,,,,,,,,,,
,,,,,,,,,,,,,,,,,,,,,,,,,,,,,,,,,,,,,,,,,,,,,,,,
,,,,,,,,,,,,,,,,,,,,,,,,,,,,,,,,,,,,,,,,,,,,,,,,
,,,,,,,,,,,,,,,,,,,,,,,,,,,,,,,,,,,,,,,,,,,,,,,,
,,,,,,,,,,,,,,,,,,,,,,,,,,,,,,,,,,,,,,,,,,,,,,,,
,,,,,,,,,,,,,,,,,,,,,,,,,,,,,,,,,,,,,,,,,,,,,,,,
,,,,,,,,,,,,,,,,,,,,,,,,,,,,,,,,,,,,,,,,,,,,,,,,
,,,,,,,,,,,,,,,,,,,,,,,,,,,,,,,,,,,,,,,,,,,,,,,,
,,,,,,,,,,,,,,,,,,,,,,,,,,,,,,,,,,,,,,,,,,,,,,,,
,,,,,,,,,,,,,,,,,,,,,,,,,,,,,,,,,,,,,,,,,,,,,,,,
,,,,,,,,,,,,,,,,,,,,,,,,,,,,,,,,,,,,,,,,,,,,,,,,
,,,,,,,,,,,,,,,,,,,,,,,,,,,,,,,,,,,,,,,,,,,,,,,,
,,,,,,,,,,,,,,,,,,,,,,,,,,,,,,,,,,,,,,,,,,,,,,,,
,,,,,,,,,,,,,,,,,,,,,,,,,,,,,,,,,,,,,,,,,,,,,,,,
,,,,,,,,,,,,,,,,,,,,,,,,,,,,,,,,,,,,,,,,,,,,,,,,
,,,,,,,,,,,,,,,,,,,,,,,,,,,,,,,,,,,,,,,,,,,,,,,,
,,,,,,,,,,,,,,,,,,,,,,,,,,,,,,,,,,,,,,,,,,,,,,,,
,,,,,,,,,,,,,,,,,,,,,,,,,,,,,,,,,,,,,,,,,,,,,,,,
,,,,,,,,,,,,,,,,,,,,,,,,,,,,,,,,,,,,,,,,,,,,,,,,
,,,,,,,,,,,,,,,,,,,,,,,,,,,,,,,,,,,,,,,,,,,,,,,,
,,,,,,,,,,,,,,,,,,,,,,,,,,,,,,,,,,,,,,,,,,,,,,,,
,,,,,,,,,,,,,,,,,,,,,,,,,,,,,,,,,,,,,,,,,,,,,,,,
,,,,,,,,,,,,,,,,,,,,,,,,,,,,,,,,,,,,,,,,,,,,,,,,
,,,,,,,,,,,,,,,,,,,,,,,,,,,,,,,,,,,,,,,,,,,,,,,,
,,,,,,,,,,,,,,,,,,,,,,,,,,,,,,,,,,,,,,,,,,,,,,,,
,,,,,,,,,,,,,,,,,,,,,,,,,,,,,,,,,,,,,,,,,,,,,,,,
,,,,,,,,,,,,,,,,,,,,,,,,,,,,,,,,,,,,,,,,,,,,,,,,
,,,,,,,,,,,,,,,,,,,,,,,,,,,,,,,,,,,,,,,,,,,,,,,,
,,,,,,,,,,,,,,,,,,,,,,,,,,,,,,,,,,,,,,,,,,,,,,,,
,,,,,,,,,,,,,,,,,,,,,,,,,,,,,,,,,,,,,,,,,,,,,,,,
,,,,,,,,,,,,,,,,,,,,,,,,,,,,,,,,,,,,,,,,,,,,,,,,
,,,,,,,,,,,,,,,,,,,,,,,,,,,,,,,,,,,,,,,,,,,,,,,,
,,,,,,,,,,,,,,,,,,,,,,,,,,,,,,,,,,,,,,,,,,,,,,,,
,,,,,,,,,,,,,,,,,,,,,,,,,,,,,,,,,,,,,,,,,,,,,,,,
,,,,,,,,,,,,,,,,,,,,,,,,,,,,,,,,,,,,,,,,,,,,,,,,
,,,,,,,,,,,,,,,,,,,,,,,,,,,,,,,,,,,,,,,,,,,,,,,,
,,,,,,,,,,,,,,,,,,,,,,,,,,,,,,,,,,,,,,,,,,,,,,,,
,,,,,,,,,,,,,,,,,,,,,,,,,,,,,,,,,,,,,,,,,,,,,,,,
,,,,,,,,,,,,,,,,,,,,,,,,,,,,,,,,,,,,,,,,,,,,,,,,
,,,,,,,,,,,,,,,,,,,,,,,,,,,,,,,,,,,,,,,,,,,,,,,,
,,,,,,,,,,,,,,,,,,,,,,,,,,,,,,,,,,,,,,,,,,,,,,,,
,,,,,,,,,,,,,,,,,,,,,,,,,,,,,,,,,,,,,,,,,,,,,,,,
,,,,,,,,,,,,,,,,,,,,,,,,,,,,,,,,,,,,,,,,,,,,,,,,
,,,,,,,,,,,,,,,,,,,,,,,,,,,,,,,,,,,,,,,,,,,,,,,,
,,,,,,,,,,,,,,,,,,,,,,,,,,,,,,,,,,,,,,,,,,,,,,,,
,,,,,,,,,,,,,,,,,,,,,,,,,,,,,,,,,,,,,,,,,,,,,,,,
,,,,,,,,,,,,,,,,,,,,,,,,,,,,,,,,,,,,,,,,,,,,,,,,
,,,,,,,,,,,,,,,,,,,,,,,,,,,,,,,,,,,,,,,,,,,,,,,,
,,,,,,,,,,,,,,,,,,,,,,,,,,,,,,,,,,,,,,,,,,,,,,,,
,,,,,,,,,,,,,,,,,,,,,,,,,,,,,,,,,,,,,,,,,,,,,,,,
,,,,,,,,,,,,,,,,,,,,,,,,,,,,,,,,,,,,,,,,,,,,,,,,
,,,,,,,,,,,,,,,,,,,,,,,,,,,,,,,,,,,,,,,,,,,,,,,,
,,,,,,,,,,,,,,,,,,,,,,,,,,,,,,,,,,,,,,,,,,,,,,,,
,,,,,,,,,,,,,,,,,,,,,,,,,,,,,,,,,,,,,,,,,,,,,,,,
,,,,,,,,,,,,,,,,,,,,,,,,,,,,,,,,,,,,,,,,,,,,,,,,
,,,,,,,,,,,,,,,,,,,,,,,,,,,,,,,,,,,,,,,,,,,,,,,,
,,,,,,,,,,,,,,,,,,,,,,,,,,,,,,,,,,,,,,,,,,,,,,,,
,,,,,,,,,,,,,,,,,,,,,,,,,,,,,,,,,,,,,,,,,,,,,,,,
,,,,,,,,,,,,,,,,,,,,,,,,,,,,,,,,,,,,,,,,,,,,,,,,
,,,,,,,,,,,,,,,,,,,,,,,,,,,,,,,,,,,,,,,,,,,,,,,,
,,,,,,,,,,,,,,,,,,,,,,,,,,,,,,,,,,,,,,,,,,,,,,,,
,,,,,,,,,,,,,,,,,,,,,,,,,,,,,,,,,,,,,,,,,,,,,,,,
,,,,,,,,,,,,,,,,,,,,,,,,,,,,,,,,,,,,,,,,,,,,,,,,
,,,,,,,,,,,,,,,,,,,,,,,,,,,,,,,,,,,,,,,,,,,,,,,,
,,,,,,,,,,,,,,,,,,,,,,,,,,,,,,,,,,,,,,,,,,,,,,,,
,,,,,,,,,,,,,,,,,,,,,,,,,,,,,,,,,,,,,,,,,,,,,,,,
,,,,,,,,,,,,,,,,,,,,,,,,,,,,,,,,,,,,,,,,,,,,,,,,
,,,,,,,,,,,,,,,,,,,,,,,,,,,,,,,,,,,,,,,,,,,,,,,,
,,,,,,,,,,,,,,,,,,,,,,,,,,,,,,,,,,,,,,,,,,,,,,,,
,,,,,,,,,,,,,,,,,,,,,,,,,,,,,,,,,,,,,,,,,,,,,,,,
,,,,,,,,,,,,,,,,,,,,,,,,,,,,,,,,,,,,,,,,,,,,,,,,
,,,,,,,,,,,,,,,,,,,,,,,,,,,,,,,,,,,,,,,,,,,,,,,,
,,,,,,,,,,,,,,,,,,,,,,,,,,,,,,,,,,,,,,,,,,,,,,,,
,,,,,,,,,,,,,,,,,,,,,,,,,,,,,,,,,,,,,,,,,,,,,,,,
,,,,,,,,,,,,,,,,,,,,,,,,,,,,,,,,,,,,,,,,,,,,,,,,
,,,,,,,,,,,,,,,,,,,,,,,,,,,,,,,,,,,,,,,,,,,,,,,,
,,,,,,,,,,,,,,,,,,,,,,,,,,,,,,,,,,,,,,,,,,,,,,,,
,,,,,,,,,,,,,,,,,,,,,,,,,,,,,,,,,,,,,,,,,,,,,,,,
,,,,,,,,,,,,,,,,,,,,,,,,,,,,,,,,,,,,,,,,,,,,,,,,
,,,,,,,,,,,,,,,,,,,,,,,,,,,,,,,,,,,,,,,,,,,,,,,,
,,,,,,,,,,,,,,,,,,,,,,,,,,,,,,,,,,,,,,,,,,,,,,,,
,,,,,,,,,,,,,,,,,,,,,,,,,,,,,,,,,,,,,,,,,,,,,,,,
,,,,,,,,,,,,,,,,,,,,,,,,,,,,,,,,,,,,,,,,,,,,,,,,
,,,,,,,,,,,,,,,,,,,,,,,,,,,,,,,,,,,,,,,,,,,,,,,,
,,,,,,,,,,,,,,,,,,,,,,,,,,,,,,,,,,,,,,,,,,,,,,,,
,,,,,,,,,,,,,,,,,,,,,,,,,,,,,,,,,,,,,,,,,,,,,,,,
,,,,,,,,,,,,,,,,,,,,,,,,,,,,,,,,,,,,,,,,,,,,,,,,
,,,,,,,,,,,,,,,,,,,,,,,,,,,,,,,,,,,,,,,,,,,,,,,,
,,,,,,,,,,,,,,,,,,,,,,,,,,,,,,,,,,,,,,,,,,,,,,,,
puddles-5d1a492a-44b,End of Summer Dance Party,"The Library DJ will play both new and old hit songs to get everyone moving and shaking. Best of all, ice cream will be served! Weather permitting","Bring a blanket and help celebrate the end of summer with an outdoor dance party.
No registration required.",Free,Pioneer Park,,"1146 Church St, Mountain View, CA 94041",Mountain View,8/6/2026,,8/6/2026 6:30 PM,8/6/2026 8:00 PM,"0–2, 2–5","0–2, 2–5",,Music & Movement,,https://d68g328n4ug0e.cloudfront.net/misc/3989/events/8800/2026_07_01_14_57_53.png,https://mountainview.libcal.com/event/16650443,Mountain View Library · LibCal,8/4/2026 2:29 PM,FALSE,TRUE,FALSE,,8/4/2026,,,Not published,,,,,,,,,,,,,,,,,,,
puddles-03115e7b-5f2,"Storytime with Charlotte Cheng, Ama’s Purse","Join Linden Tree for a special Sunday storytime with local author-illustrator Charlotte Cheng as she shares her picture book Ama’s Purse — a heartwarming story about a girl, her grandma, and the delightful surprises inside Ama’s purse.","Same Sunday 10:30 slot as Linden Outdoor Storytime — approve this author title and retire/update the generic Outdoor Storytime row for this date so the card isn’t duplicated.
In front of the store. Picture-book storytime for families. Grab a treat from Manresa Bread next door.",Free,Linden Tree Books,,"265 State Street, Los Altos, CA 94022",Los Altos,8/9/2026,,8/9/2026 10:30 AM,8/9/2026 11:15 AM,"0–2, 2–5","0–2, 2–5",,Stories,,,https://www.lindentreebooks.com/events-calendar/#2026-08-09,Calendar Watchlist · Linden Tree Books,8/4/2026 2:43 PM,FALSE,FALSE,FALSE,,8/4/2026,,,Not published,,,,,,,,,,,,,,,,,,,
puddles-281ea476-681,Creative Maker Studio,"Dive into a giant treasure trove of supplies! We'll provide a wide variety of arts, crafts, and DIY materials to inspire you — just bring your creativity. Design, build, and invent whatever you can imagine! This is a self-directed activity for ages 3+. For accessibility accommodations (ex. ASL), please fill out the online form at sccld.org/accessibility 7+days prior to the event. If you need assistance with the form, speak with a staff member at your local library, call (408) 540-3945, or email ",Young children must be accompanied by an adult crafting buddy.,Free,Los Altos Library,Orchard Room,"13 S. San Antonio Road, Los Altos, CA 94022",Los Altos,8/14/2026,,8/14/2026 3:00 PM,8/14/2026 5:00 PM,"2–5, 5+","2–5, 5+",,Build & Explore,,https://sccl.bibliocommons.com/events/uploads/images/full/58075e61bc05652819ebea07a5783833/CreativeMakerStudio.png,https://sccl.bibliocommons.com/events/6a53c4fecca66c2f00a2f1b6,SCCL · Los Altos,8/4/2026 3:37 PM,FALSE,FALSE,FALSE,,8/4/2026,,,Not published,,,,,,,,,,,,,,,,,,,
puddles-3f1e604c-66d,Family Storytime: Sunshine Sketches,"Join us for our fun Sunshine Sketches, a special storytime filled with stories, songs, and fingerplays that spark giggles, wiggles, and wonder! Perfect for children 0-5 and their families. This fun and engaging storytime supports early literacy through music, movement, and interactive play. Every rhyme, song, and story helps build the skills kids need to become confident readers. Come to Sunshine Sketches, where the love of reading begins! For accessibility accommodations (ex. ASL), please fill ","No sign-up, just show up!",Free,Woodland Branch Library,in the Backyard,"1975 Grant Road, Los Altos, CA 94024",Los Altos,8/9/2026,,8/9/2026 11:30 AM,8/9/2026 12:00 PM,"0–2, 2–5","0–2, 2–5",,Stories,,https://sccl.bibliocommons.com/events/uploads/images/full/a50355d5c0d6159da9f5e6c0fe0864a2/Headers.jpg,https://sccl.bibliocommons.com/events/6a555f75cca66c2f00a337ba,SCCL · Los Altos,8/4/2026 3:40 PM,FALSE,FALSE,FALSE,,8/4/2026,,,Not published,,,,,,,,,,,,,,,,,,,
puddles-e7a51189-db6,"Storytime with Claire Wrenn Bobrow, Cowboys at the Ballet",Join Linden Tree for Sunday storytime with local author Claire Wrenn Bobrow as she shares Cowboys at the Ballet: The Story of Choreographer Agnes de Mille — a spirited picture book biography.,"Same Sunday 10:30 slot as Linden Outdoor Storytime — approve this author title and retire/update the generic Outdoor Storytime row for this date so the card isn’t duplicated.
In front of the store. Picture-book storytime for families. Grab a treat from Manresa Bread next door.",Free,Linden Tree Books,,"265 State Street, Los Altos, CA 94022",Los Altos,8/16/2026,,8/16/2026 10:30 AM,8/16/2026 11:15 AM,"0–2, 2–5","0–2, 2–5",,Stories,,,https://www.lindentreebooks.com/events-calendar/#2026-08-16,Calendar Watchlist · Linden Tree Books,8/4/2026 3:40 PM,FALSE,FALSE,FALSE,,8/4/2026,,,Not published,,,,,,,,,,,,,,,,,,,
puddles-de76c8e5-149,Baby Storytime,"A musical storytime for infants, babies, and new toddlers with books, baby bounces, and dancing! After storytime, we will host a brief Stay & Play for grownups to connect and mingle. This program is designed for ages 0-18 months.

 Assisted Listening Devices available upon request.",,Free,Mountain View Library,1st Floor Program Room,"585 Franklin St, Mountain View, CA 94041",Mountain View,8/19/2026,,8/19/2026 10:30 AM,8/19/2026 11:15 AM,0–2,0–2,,Stories,,https://d68g328n4ug0e.cloudfront.net/data/feat_img/3989/8800/1738805385.png,https://mountainview.libcal.com/event/17170807,Mountain View Library · LibCal,8/4/2026 3:40 PM,FALSE,FALSE,FALSE,,8/4/2026,,,Not published,,,,,,,,,,,,,,,,,,,
puddles-197bc946-a82,Baby Storytime: Rerun,"Did you miss Wednesday's Baby Storytime? Come on Friday! We'll redo our musical storytime for infants, babies, and new toddlers with a brief Stay & Play for grownups to connect and mingle. This program is designed for ages 0-18 months.

 Assisted Listening Devices available upon request.",,Free,Mountain View Library,1st Floor Program Room,"585 Franklin St, Mountain View, CA 94041",Mountain View,8/21/2026,,8/21/2026 10:30 AM,8/21/2026 11:15 AM,0–2,0–2,,Stories,,https://d68g328n4ug0e.cloudfront.net/data/feat_img/3989/8800/1763669051.png,https://mountainview.libcal.com/event/17170823,Mountain View Library · LibCal,8/4/2026 3:40 PM,FALSE,FALSE,FALSE,,8/4/2026,,,Not published,,,,,,,,,,,,,,,,,,,
puddles-ef785c7c-a7c,"Storytime with Alison Kim, The Art of How Dogs Sleep",Join Linden Tree for Sunday storytime with local author Alison Kim as she shares The Art of How Dogs Sleep — a playful picture book that invites families to slow down and be mindful.,"Same Sunday 10:30 slot as Linden Outdoor Storytime — approve this author title and retire/update the generic Outdoor Storytime row for this date so the card isn’t duplicated.
In front of the store. Picture-book storytime for families. Grab a treat from Manresa Bread next door.",Free,Linden Tree Books,,"265 State Street, Los Altos, CA 94022",Los Altos,8/23/2026,,8/23/2026 10:30 AM,8/23/2026 11:15 AM,"0–2, 2–5","0–2, 2–5",,Stories,,,https://www.lindentreebooks.com/events-calendar/#2026-08-23,Calendar Watchlist · Linden Tree Books,8/4/2026 3:40 PM,FALSE,FALSE,FALSE,,8/4/2026,,,Not published,,,,,,,,,,,,,,,,,,,
puddles-260b655d-d25,Juliette's Children's Concert,"Packed with instruments, props, shakers, drums, and scarves, Juliette's performances get everyone moving. Seamlessly weaving American Sign Language (ASL) and child-development themes into her songs, she uses her Master's degree in Child/Human Development to blend early education with pure musical fun.","Bring a blanket and join National Award-Winning children's songwriter Juliette McDonald brings her original music to life in a high-energy, interactive program perfect for kids from birth through 5th grade!",Free,Pioneer Park,,"1146 Church St, Mountain View, CA 94041",Mountain View,8/25/2026,,8/25/2026 10:30 AM,8/25/2026 11:30 AM,"0–2, 2–5","0–2, 2–5",,Music & Movement,,,https://mountainview.libcal.com/event/17194393,Mountain View Library · LibCal,8/4/2026 3:40 PM,FALSE,FALSE,FALSE,,8/4/2026,,,Not published,,,,,,,,,,,,,,,,,,,
puddles-5d6a36e9-4fd,Baby Storytime,"A musical storytime for infants, babies, and new toddlers with books, baby bounces, and dancing! After storytime, we will host a brief Stay & Play for grownups to connect and mingle. This program is designed for ages 0-18 months.

 Assisted Listening Devices available upon request.",,Free,Mountain View Library,1st Floor Program Room,"585 Franklin St, Mountain View, CA 94041",Mountain View,8/26/2026,,8/26/2026 10:30 AM,8/26/2026 11:15 AM,0–2,0–2,,Stories,,https://d68g328n4ug0e.cloudfront.net/data/feat_img/3989/8800/1738805385.png,https://mountainview.libcal.com/event/17170808,Mountain View Library · LibCal,8/4/2026 3:41 PM,FALSE,FALSE,FALSE,,8/4/2026,,,Not published,,,,,,,,,,,,,,,,,,,
puddles-7aa61b54-799,LEGO® Time,"It's an open invitation to a LEGO&reg; building extravaganza! Everyone is encouraged to participate in the construction excitement.

 LEGOs&reg; will be supplied

 Join the building fun on two dates :

 Wednesday, June 24

 Wednesday, July 29

 This event is generously sponsored by the Friends of the Mountain View Library.",,Free,Mountain View Library,1st Floor Program Room,"585 Franklin St, Mountain View, CA 94041",Mountain View,8/26/2026,,8/26/2026 6:30 PM,8/26/2026 7:30 PM,2–5,2–5,,Build & Explore,,https://d68g328n4ug0e.cloudfront.net/misc/3989/events/8800/2026_05_13_15_45_47.webp,https://mountainview.libcal.com/event/17238198,Mountain View Library · LibCal,8/4/2026 3:41 PM,FALSE,FALSE,FALSE,,8/4/2026,,,Not published,,,,,,,,,,,,,,,,,,,
puddles-1cbf07d9-4ac,Baby Storytime: Rerun,"Did you miss Wednesday's Baby Storytime? Come on Friday! We'll redo our musical storytime for infants, babies, and new toddlers with a brief Stay & Play for grownups to connect and mingle. This program is designed for ages 0-18 months.

 Assisted Listening Devices available upon request.",,Free,Mountain View Library,1st Floor Program Room,"585 Franklin St, Mountain View, CA 94041",Mountain View,8/28/2026,,8/28/2026 10:30 AM,8/28/2026 11:15 AM,0–2,0–2,,Stories,,https://d68g328n4ug0e.cloudfront.net/data/feat_img/3989/8800/1763669051.png,https://mountainview.libcal.com/event/17170824,Mountain View Library · LibCal,8/4/2026 3:41 PM,FALSE,FALSE,FALSE,,8/4/2026,,,Not published,,,,,,,,,,,,,,,,,,,
puddles-540efe0d-7cb,"Storytime with Jerrold Connors, STAMPEDE!",Join Linden Tree for Sunday storytime with local author-illustrator Jerrold Connors as he shares STAMPEDE! — a hilarious picture book about two little cows who join a wild stampede instead of napping.,"Same Sunday 10:30 slot as Linden Outdoor Storytime — approve this author title and retire/update the generic Outdoor Storytime row for this date so the card isn’t duplicated.
In front of the store. Picture-book storytime for families. Grab a treat from Manresa Bread next door.",Free,Linden Tree Books,,"265 State Street, Los Altos, CA 94022",Los Altos,8/30/2026,,8/30/2026 10:30 AM,8/30/2026 11:15 AM,"0–2, 2–5","0–2, 2–5",,Stories,,,https://www.lindentreebooks.com/events-calendar/#2026-08-30,Calendar Watchlist · Linden Tree Books,8/4/2026 3:41 PM,FALSE,FALSE,FALSE,,8/4/2026,,,Not published,,,,,,,,,,,,,,,,,,,
puddles-93952ccd-3a6,Bob Baker Marionette Theater Variety Show,"Bob Baker Marionette Theater is bringing the puppet magic to the Mountain View Public Library. This variety show will be roughly 30 minutes long and feature between 12 and 25 puppets from their iconic collection! After the show, there will be a quick 15 minute Q&A. This magical show will take place in Pioneer Park. Feel free to bring a fold-out chair, towel, or blanket for your comfort out in the park. This type of fun has no age limit! This event is generously sponsored by the Friends of the Mo","Registration is recommended.
Walk-ins are also welcome.",Free,Pioneer Park,,"1146 Church St, Mountain View, CA 94041",Mountain View,8/31/2026,,8/31/2026 4:00 PM,8/31/2026 4:45 PM,"0–2, 2–5","0–2, 2–5",,Music & Movement,,https://d68g328n4ug0e.cloudfront.net/misc/3989/events/8800/2026_07_23_17_13_44.png,https://mountainview.libcal.com/event/17225192,Mountain View Library · LibCal,8/4/2026 3:41 PM,FALSE,FALSE,FALSE,,8/4/2026,,,Not published,,,,,,,,,,,,,,,,,,,
puddles-d974e696-a67,Outdoor Storytime,Tuesdays at 10:30 a.m. All events are weather permitting.,"Bring a blanket and enjoy stories, songs, and rhymes with our Children's Librarians in Pioneer Park.
All ages welcome, no registration required.",Free,Pioneer Park,,"1146 Church St, Mountain View, CA 94041",Mountain View,9/1/2026,,9/1/2026 10:30 AM,9/1/2026 11:00 AM,"0–2, 2–5","0–2, 2–5",,Stories,,https://d68g328n4ug0e.cloudfront.net/misc/3989/events/8800/2026_07_21_15_59_33.png,https://mountainview.libcal.com/event/17142481,Mountain View Library · LibCal,8/4/2026 3:41 PM,FALSE,FALSE,FALSE,,8/4/2026,,,Not published,,,,,,,,,,,,,,,,,,,
puddles-5c8482a1-baa,Bilingual Mandarin Family Storytime / 中英雙語故事時間,"Join us for a fun-filled storytime featuring movement, singing, and action! These 30-minute sessions focus on early literacy by sharing stories and songs in both English and Mandarin Chinese.

歡迎小朋友來到故事時間，這是以半小時的雙中英語故事書, 兒歌, 手指謠, 玩遊戲為特色的内容。歡迎兒童們與家長褓母一同前來參加。

For accessibility accommodations (ex. ASL), please fill out the online form at sccld.org/accessibility 7+days prior to the event. If you need assistance with the form, speak with a staff member at your local library, call (408) 540-3945, or ",,Free,Los Altos Library,Orchard Room,"13 S. San Antonio Road, Los Altos, CA 94022",Los Altos,9/1/2026,,9/1/2026 1:00 PM,9/1/2026 1:30 PM,"0–2, 2–5","0–2, 2–5",,Stories,,https://sccl.bibliocommons.com/events/uploads/images/full/9789d6ae7a5db8da406ba9e1d3837e1e/Early Learning & Storytime.jpg,https://sccl.bibliocommons.com/events/6a56d18488e9bf280030f047,SCCL · Los Altos,8/4/2026 3:41 PM,FALSE,FALSE,FALSE,,8/4/2026,,,Not published,,,,,,,,,,,,,,,,,,,
puddles-fdb02a69-ad5,Baby Storytime,"A musical storytime for infants, babies, and new toddlers with books, baby bounces, and dancing! After storytime, we will host a brief Stay & Play for grownups to connect and mingle. This program is designed for ages 0-18 months.

 Assisted Listening Devices available upon request.",,Free,Mountain View Library,1st Floor Program Room,"585 Franklin St, Mountain View, CA 94041",Mountain View,9/2/2026,,9/2/2026 10:30 AM,9/2/2026 11:15 AM,0–2,0–2,,Stories,,https://d68g328n4ug0e.cloudfront.net/data/feat_img/3989/8800/1738805385.png,https://mountainview.libcal.com/event/17170809,Mountain View Library · LibCal,8/4/2026 3:41 PM,FALSE,FALSE,FALSE,,8/4/2026,,,Not published,,,,,,,,,,,,,,,,,,,
puddles-abd2b0d8-7c6,Toddler Storytime,"Join the Children's Librarians for a fun, interactive 25-minute toddler storytime for early walkers, 1s, and 2s in the Orchard Room on Wednesday and Thursday mornings. Storytimes will be filled with stories, music, and fun activities! We look forward to seeing you there! For accessibility accommodations (ex. ASL), please fill out the online form at sccld.org/accessibility 7+days prior to the event. If you need assistance with the form, speak with a staff member at your local library, call (408) ","Due to limited space, we will begin handing out free tickets starting at 10 a.m.",Free,Los Altos Library,Orchard Room,"13 S. San Antonio Road, Los Altos, CA 94022",Los Altos,9/3/2026,,9/3/2026 10:30 AM,9/3/2026 11:00 AM,0–2,0–2,,Stories,,https://sccl.bibliocommons.com/events/uploads/images/full/9789d6ae7a5db8da406ba9e1d3837e1e/Early Learning & Storytime.jpg,https://sccl.bibliocommons.com/events/6a68e7740d65ac360042cabb,SCCL · Los Altos,8/4/2026 3:41 PM,FALSE,FALSE,FALSE,,8/4/2026,,,Not published,,,,,,,,,,,,,,,,,,,
puddles-f47b1e8c-006,Preschool Storytime,"Join us for stories, music, movement and more at our preschool storytime in the Orchard Room on Thursday afternoons at 3:30 p.m. For accessibility accommodations (ex. ASL), please fill out the online form at sccld.org/accessibility 7+days prior to the event. If you need assistance with the form, speak with a staff member at your local library, call (408) 540-3945, or email us at ask@lib.sccgov.org.",,Free,Los Altos Library,Orchard Room,"13 S. San Antonio Road, Los Altos, CA 94022",Los Altos,9/3/2026,,9/3/2026 3:30 PM,9/3/2026 4:00 PM,2–5,2–5,,Stories,,https://sccl.bibliocommons.com/events/uploads/images/full/9789d6ae7a5db8da406ba9e1d3837e1e/Early Learning & Storytime.jpg,https://sccl.bibliocommons.com/events/6a61506c7d824676437cda71,SCCL · Los Altos,8/4/2026 3:41 PM,FALSE,FALSE,FALSE,,8/4/2026,,,Not published,,,,,,,,,,,,,,,,,,,